propertyna,latitude,longitude,borough
St. Vartan Park,40.745147,-73.97332,Manhattan
Hero Park,40.630297,-74.087176,Staten Island
Tudor Park,40.67328,-73.8547,Queens
Playground of the Americas,40.72807,-74.002756,Manhattan
Bill Brown Playground,40.591761,-73.945596,Brooklyn
Commodore Barry Park,40.697127,-73.978467,Brooklyn
Coney Island Beach & Boardwalk,40.575402,-73.956085,Brooklyn
Jacob H. Schiff Playground,40.821058,-73.952357,Manhattan
Francis Lewis Park,40.796277,-73.824508,Queens
Curtis Playground,40.64075,-73.917476,Brooklyn
St. Catherine's Park,40.765049,-73.958912,Manhattan
Central Park,40.775604,-73.965477,Manhattan
Clark Playground,40.813657,-73.921181,Bronx
Bronx River Parkway,40.872945,-73.871056,Bronx
Little Bay Park,40.790517,-73.781968,Queens
Corlears Hook Park,40.711203,-73.980381,Manhattan
John V. Lindsay East River Park,40.711614,-73.977452,Manhattan
Red Hook Recreation Area,40.672382,-74.004045,Brooklyn
John V. Lindsay East River Park,40.724404,-73.972254,Manhattan
Flushing Meadows Corona Park,40.750843,-73.834568,Queens
Imagination Playground,40.706186,-74.003964,Manhattan
Park Of The Americas,40.748531,-73.861709,Queens
Silver Lake Park,40.631161,-74.095617,Staten Island
Parade Ground,40.651257,-73.968994,Brooklyn
Schmul Park,40.589705,-74.187095,Staten Island
Spring Creek Park,40.648982,-73.872999,Brooklyn
Van Cortlandt Park,40.906941,-73.896,Bronx
City Line Park,40.678681,-73.873952,Brooklyn
Freshkills Park,40.561302,-74.197247,Staten Island
Beach 30th Street Playground,40.592593,-73.76172,Queens
Bushwick Inlet Park,40.722273,-73.961833,Brooklyn
Cambria Playground,40.688558,-73.742434,Queens
Central Park,40.797062,-73.951457,Manhattan
Fort Greene Park,40.692342,-73.977257,Brooklyn
100% Playground,40.64654,-73.899378,Brooklyn
Washington Square Park,40.730831,-73.998309,Manhattan
John V. Lindsay East River Park,40.716436,-73.975261,Manhattan
Lost Battalion Hall Recreation Center,40.731804,-73.865513,Queens
Harvey Park,40.782792,-73.823747,Queens
Van Voorhees Playground,40.689641,-73.999524,Brooklyn
Sol Bloom Playground,40.789408,-73.968933,Manhattan
Slope Park Playground,40.661317,-73.989317,Brooklyn
Nathan Straus Playground,40.719415,-73.984217,Manhattan
Flushing Meadows Corona Park,40.747709,-73.839266,Queens
Central Park,40.777559,-73.965109,Manhattan
Inwood Hill Park,40.871456,-73.921498,Manhattan
Rev. T. Wendell Foster Park and Recreation Center,40.831793,-73.925245,Bronx
Brigadier General Charles Young Playground,40.819451,-73.936372,Manhattan
Highbridge Park,40.842149,-73.933874,Manhattan
Prall Playground,40.628408,-74.118117,Staten Island
Grover Cleveland Playground,40.710143,-73.911111,Queens
Barretto Point Park,40.804642,-73.888913,Bronx
Crowley Playground,40.729329,-73.879805,Queens
Riverside Park,40.809902,-73.966922,Manhattan
Jackie Robinson Park,40.825868,-73.941328,Manhattan
Owl's Head Park,40.639385,-74.030824,Brooklyn
Fort Totten Park,40.795569,-73.777991,Queens
Petrosino Square,40.721641,-73.997447,Manhattan
Bath Beach Park,40.602585,-74.010973,Brooklyn
Greenwood Playground,40.649622,-73.976077,Brooklyn
Hunts Point Playground,40.814141,-73.886224,Bronx
Forest Park,40.702593,-73.86787,Queens
Franklin D. Roosevelt Boardwalk and Beach,40.569316,-74.089498,Staten Island
Haffen Park,40.873925,-73.838901,Bronx
Marcus Garvey Park,40.80449,-73.944907,Manhattan
Beach 17 Playground,40.594116,-73.750353,Queens
Metropolitan Recreation Center,40.715012,-73.960317,Brooklyn
Manhattan Beach Park,40.576573,-73.945431,Brooklyn
Dyker Beach Park,40.612726,-74.013,Brooklyn
Long Island Mews,40.736067,-73.890293,Queens
St. Mary's Park,40.813833,-73.912943,Bronx
Bronx Park,40.853046,-73.870565,Bronx
Prospect Park,40.665075,-73.972108,Brooklyn
Parade Ground,40.651334,-73.969383,Brooklyn
Central Park,40.779426,-73.968706,Manhattan
The High Line,40.739815,-74.008281,Manhattan
White Playground,40.791519,-73.945878,Manhattan
Haggerty Park,40.713024,-73.758066,Queens
Battery Park City,40.711958,-74.016869,Manhattan
Commodore Barry Park,40.69753,-73.977796,Brooklyn
Thomas Jefferson Park,40.793642,-73.93678,Manhattan
Franklin D. Roosevelt Boardwalk and Beach,40.592438,-74.063012,Staten Island
Stroud Playground,40.675099,-73.961835,Brooklyn
Bill Rainey Park,40.819476,-73.896673,Bronx
Macombs Dam Park,40.827188,-73.930328,Bronx
Hunter's Point South Park,40.738498,-73.961154,Queens
Coney Island Beach & Boardwalk,40.574003,-73.971464,Brooklyn
Morningside Park,40.802982,-73.95877,Manhattan
Alley Pond Park,40.741693,-73.747246,Queens
Lillian D Wald Playground,40.712181,-73.984403,Manhattan
Matthew P. Sapolin Playground,40.777679,-73.984144,Manhattan
Martin Luther Playground,40.645681,-74.019901,Brooklyn
Mount Prospect Park,40.671549,-73.967219,Brooklyn
Fort Washington Park,40.838964,-73.94603,Manhattan
McLaughlin Park,40.696515,-73.985935,Brooklyn
Vleigh Playground,40.729795,-73.816277,Queens
Bronx River Parkway,40.890777,-73.864041,Bronx
Battery Park City,40.716622,-74.014126,Manhattan
Rockaway Beach Boardwalk,40.586627,-73.799844,Queens
Asser Levy Park,40.574324,-73.972227,Brooklyn
Canarsie Park,40.629163,-73.8952,Brooklyn
Central Park,40.777631,-73.963971,Manhattan
Corporal John A. Seravalli Playground,40.73922,-74.004559,Manhattan
McCarren Park,40.720081,-73.94993,Brooklyn
College Point Fields,40.777231,-73.838107,Queens
Tiger Playground,40.688071,-73.911169,Brooklyn
Coney Island Beach & Boardwalk,40.572705,-73.982906,Brooklyn
Central Park,40.765452,-73.974956,Manhattan
Brevoort Playground,40.680142,-73.922566,Brooklyn
Flushing Meadows Corona Park,40.74455,-73.839873,Queens
Kissena Park,40.746109,-73.812066,Queens
Dean Playground,40.680706,-73.973397,Brooklyn
Asser Levy Playground,40.736683,-73.975355,Manhattan
Thomas Jefferson Park,40.79377,-73.936551,Manhattan
Asser Levy Playground,40.736143,-73.975668,Manhattan
Coney Island Boat Basin,40.581742,-73.991207,Brooklyn
Jacob Joffe Fields,40.624952,-73.919569,Brooklyn
Van Alst Playground,40.770481,-73.928313,Queens
Parade Ground,40.649093,-73.969617,Brooklyn
Kaiser Park,40.578427,-73.995012,Brooklyn
Central Park,40.773037,-73.974391,Manhattan
Forest Park,40.696026,-73.866434,Queens
Sophie Irene Loeb,40.713259,-73.994251,Manhattan
Stebbins Playground,40.822696,-73.898619,Bronx
Gravesend Park,40.623562,-73.984336,Brooklyn
Astoria Park,40.780245,-73.922083,Queens
Hoffman Park,40.732939,-73.871681,Queens
General Hart Playground,40.748753,-73.897259,Queens
Bronx Park,40.860447,-73.871509,Bronx
Wingate Park,40.658987,-73.944346,Brooklyn
Dimattina Playground,40.680702,-74.002071,Brooklyn
Hamilton Fish Park,40.719657,-73.980181,Manhattan
Magenta Playground,40.8735,-73.867988,Bronx
Marine Park,40.607861,-73.937449,Brooklyn
Russell Pedersen Playground,40.626417,-74.036221,Brooklyn
Evergreen Playground,40.686062,-73.910844,Brooklyn
John V. Lindsay East River Park,40.718351,-73.974564,Manhattan
Cunningham Park,40.72735,-73.774286,Queens
Bush Terminal Park,40.651657,-74.020543,Brooklyn
Pelham Bay Park,40.847124,-73.825707,Bronx
Van Voorhees Playground,40.689908,-73.999721,Brooklyn
Elmhurst Park,40.730303,-73.885151,Queens
Bowne Park,40.770557,-73.807743,Queens
Winthrop Playground,40.65653,-73.954529,Brooklyn
Arsenal West,40.769783,-73.982919,Manhattan
Lyons Pool,40.637213,-74.074571,Staten Island
Austin J. McDonald Playground,40.62956,-74.115587,Staten Island
Crocheron Park,40.770981,-73.771549,Queens
Seaside Playground,40.580348,-73.831359,Queens
Luna Playground,40.57606,-73.978922,Brooklyn
The Battery,40.701505,-74.012686,Manhattan
Devoe Park,40.863292,-73.907021,Bronx
Breukelen Ballfields,40.653955,-73.893614,Brooklyn
Lott Park,40.648058,-73.954111,Brooklyn
Thomas J. Cuite Park,40.654259,-73.978761,Brooklyn
Mathews-Palmer Playground,40.761178,-73.992734,Manhattan
Abraham Lincoln Playground,40.812412,-73.937275,Manhattan
Rockaway Beach,40.577827,-73.835484,Queens
Forest Park,40.698396,-73.858391,Queens
Ocean Breeze Park,40.583077,-74.075188,Staten Island
Prospect Park,40.6704,-73.96915,Brooklyn
Williamsbridge Square,40.877145,-73.86669,Bronx
Riverside Park,40.787196,-73.98194,Manhattan
Watson Gleason Playground,40.827803,-73.868781,Bronx
Pelham Bay Park,40.867784,-73.792974,Bronx
Harris Park,40.876281,-73.890625,Bronx
Alley Pond Park,40.758769,-73.754008,Queens
Kissena Corridor Park,40.743093,-73.782566,Queens
Flushing Meadows Corona Park,40.746214,-73.850461,Queens
Central Park,40.789427,-73.961891,Manhattan
Reiff Playground,40.718836,-73.902063,Queens
Alley Pond Park,40.74267,-73.738739,Queens
Willets Point Playground,40.783791,-73.79646,Queens
CPL. Thompson Park,40.636896,-74.11939,Staten Island
Prall Playground,40.628399,-74.118506,Staten Island
Stockton Playground,40.697117,-73.948645,Brooklyn
Soundview Park,40.817351,-73.878081,Bronx
Broad Channel Park,40.600463,-73.819972,Queens
Detective Keith L Williams Park,40.703887,-73.785331,Queens
Rockaway Beach,40.578604,-73.833127,Queens
Willowbrook Parkway,40.588369,-74.139097,Staten Island
Rockaway Beach Boardwalk,40.580556,-73.826116,Queens
Potomac Playground,40.682089,-73.944319,Brooklyn
Flushing Meadows Corona Park,40.746282,-73.850436,Queens
Bowne Playground,40.758245,-73.824701,Queens
Wakefield Playground,40.901919,-73.854383,Bronx
Jennifer's Playground,40.619782,-74.163057,Staten Island
Roy Wilkins Recreation Center,40.686545,-73.769764,Queens
Louis Armstrong Playground,40.754894,-73.855186,Queens
Claremont Park,40.83863,-73.907671,Bronx
Tappen Park,40.627047,-74.076212,Staten Island
Fort Greene Park,40.692504,-73.977003,Brooklyn
Midland Field,40.576675,-74.098502,Staten Island
Playground Eighty Nine LXXXIX,40.788779,-73.971891,Manhattan
Rufus King Park,40.703293,-73.803552,Queens
Central Park,40.79104,-73.964372,Manhattan
Terrace Playground,40.613543,-74.098317,Staten Island
Central Park,40.784956,-73.966716,Manhattan
Prospect Park,40.655153,-73.972886,Brooklyn
Flushing Meadows Corona Park,40.750359,-73.836672,Queens
Brookville Park,40.661051,-73.746379,Queens
Flushing Meadows Corona Park,40.748064,-73.84141,Queens
Sara D. Roosevelt Park,40.716851,-73.994166,Manhattan
Canarsie Park,40.629818,-73.892913,Brooklyn
Forest Park,40.702564,-73.868051,Queens
Devoe Park,40.863677,-73.904918,Bronx
Lafayette Gardens Playground,40.689463,-73.957437,Brooklyn
Detective Keith L Williams Park,40.701849,-73.784222,Queens
Gravesend Park,40.623886,-73.984007,Brooklyn
Bensonhurst Park,40.597751,-74.001169,Brooklyn
Carter G. Woodson Children's Park,40.668294,-73.905954,Brooklyn
The Battery,40.702895,-74.01676,Manhattan
Thomas Jefferson Park,40.793236,-73.936294,Manhattan
Riverside Park South,40.779809,-73.988511,Manhattan
Poppenhusen Playground,40.781479,-73.844705,Queens
Central Park,40.791163,-73.95941,Manhattan
Evelina Antonetty Playground,40.817398,-73.928335,Bronx
Brownsville Playground,40.65676,-73.901675,Brooklyn
Gonzalo Plasencia Playground,40.652395,-74.008365,Brooklyn
Linden Park,40.65892,-73.886107,Brooklyn
Bush Terminal Park,40.65333,-74.019899,Brooklyn
Central Park,40.790758,-73.95951,Manhattan
Washington Park,40.672622,-73.984417,Brooklyn
Frederick B. Judge Playground,40.6831,-73.807801,Queens
Coney Island Beach & Boardwalk,40.574614,-73.969217,Brooklyn
Park Of The Americas,40.748754,-73.861797,Queens
De Witt Clinton Park,40.768197,-73.994636,Manhattan
Mill Pond Park,40.822161,-73.931228,Bronx
Hoffman Park,40.732444,-73.872638,Queens
Flushing Meadows Corona Park,40.751761,-73.837424,Queens
Randall's Island Park,40.799256,-73.92302,Manhattan
Sternberg Park,40.705659,-73.947371,Brooklyn
Playground One Twenty Five CXXV,40.810481,-73.954868,Manhattan
Forest Park,40.700963,-73.842865,Queens
St. John's Park,40.673861,-73.934891,Brooklyn
Howard Playground,40.671709,-73.90784,Brooklyn
Sara D. Roosevelt Park,40.720424,-73.992258,Manhattan
Kelly Park Playground,40.603935,-73.957927,Brooklyn
Bloomingdale Park,40.535206,-74.208734,Staten Island
Brooklyn Botanic Garden,40.663816,-73.962233,Brooklyn
Bushwick Playground,40.701813,-73.939361,Brooklyn
Nathan Weidenbaum Playground,40.7382,-73.902095,Queens
Ethan Allen Playground,40.655755,-73.886564,Brooklyn
Central Park,40.771759,-73.976831,Manhattan
Galileo Playground,40.848652,-73.915813,Bronx
Columbus Park,40.71562,-73.999775,Manhattan
Canarsie Park,40.628961,-73.895972,Brooklyn
Tecumseh Playground,40.781945,-73.978515,Manhattan
Bella Abzug Park,40.75542,-74.00062,Manhattan
Astoria Health Playground,40.767846,-73.932568,Queens
Prospect Park,40.663617,-73.974039,Brooklyn
Al Quiñones Playground,40.815129,-73.901709,Bronx
Willowbrook Park,40.60577,-74.15663,Staten Island
Daniel M. O'Connell Playground,40.700226,-73.75813,Queens
Farm Playground,40.735156,-73.777394,Queens
Wards Island Park,40.782997,-73.930725,Manhattan
Bill Rainey Park,40.818457,-73.897988,Bronx
Lawrence Virgilio Playground,40.747358,-73.910192,Queens
Franklin D. Roosevelt Boardwalk and Beach,40.572963,-74.085011,Staten Island
John J Carty Park,40.614538,-74.029355,Brooklyn
John J Carty Park,40.61499,-74.028853,Brooklyn
William Sheridan Playground,40.715106,-73.964332,Brooklyn
Benjamin Gladstone Square,40.825363,-73.890894,Bronx
Franklin D. Roosevelt Boardwalk and Beach,40.569143,-74.090368,Staten Island
Playground Eighty LXXX,40.745072,-73.709531,Queens
Rock Garden Park,40.835189,-73.885283,Bronx
Dr. Green Playground,40.667171,-73.907069,Brooklyn
Lyons Pool,40.637536,-74.074754,Staten Island
Rockaway Beach and Boardwalk,40.589041,-73.788514,Queens
Flushing Meadows Corona Park,40.760084,-73.853742,Queens
Carver Playground,40.680266,-73.920889,Brooklyn
St. John's Park,40.674695,-73.935913,Brooklyn
Flushing Meadows Corona Park,40.746346,-73.838554,Queens
Sheltering Arms Playground,40.815156,-73.955682,Manhattan
Van Cortlandt Park,40.885189,-73.890683,Bronx
Rockaway Beach Boardwalk,40.584894,-73.809281,Queens
Mabel Hampton Playground,40.854631,-73.903863,Bronx
Van Cortlandt Park,40.891078,-73.893038,Bronx
Greene Playground,40.686583,-73.965783,Brooklyn
Half-Nelson Playground,40.846521,-73.91946,Bronx
Queensbridge Park,40.755686,-73.948392,Queens
Central Park,40.791992,-73.955816,Manhattan
Rochdale Park,40.674234,-73.774268,Queens
Spirit Playground,40.761277,-73.941723,Queens
Glen Oaks Oval,40.749714,-73.715113,Queens
Forest Park,40.700404,-73.857881,Queens
Randall's Island Park,40.793247,-73.924232,Manhattan
Kaiser Park,40.578363,-73.996753,Brooklyn
Cherry Tree Park,40.787398,-73.946833,Manhattan
Rory Staunton Field,40.754193,-73.88811,Queens
Bildersee Playground,40.635795,-73.911644,Brooklyn
Riverside Park,40.804387,-73.96913,Manhattan
Prospect Park,40.665559,-73.971572,Brooklyn
John V. Lindsay East River Park,40.722837,-73.973094,Manhattan
Aqueduct Walk,40.85729,-73.908851,Bronx
Floyd Patterson Ballfields,40.660452,-73.904064,Brooklyn
Recreational Area,40.829431,-73.952353,Manhattan
Flushing Fields,40.774971,-73.817045,Queens
Wolfe's Pond Park,40.518972,-74.187552,Staten Island
Marcy Playground,40.695665,-73.949727,Brooklyn
Jackson Square,40.738859,-74.003048,Manhattan
Tompkins Square Park,40.726389,-73.980986,Manhattan
Randall's Island Park,40.792949,-73.918751,Manhattan
Ehrenreich-Austin Playground,40.715449,-73.836826,Queens
Milestone Park,40.609533,-73.999523,Brooklyn
St. Mary's Park,40.811468,-73.914103,Bronx
Shore Park and Parkway,40.611941,-74.03558,Brooklyn
Estella Diggs Park,40.829068,-73.906467,Bronx
Colonel David Marcus Playground,40.610272,-73.968359,Brooklyn
Central Park,40.770004,-73.972596,Manhattan
Fountain Of Youth Playground,40.813693,-73.905266,Bronx
Henry M. Jackson Playground,40.714123,-73.981042,Manhattan
Brookfield Park,40.561886,-74.160949,Staten Island
Constance Baker Motley Recreation Center,40.756481,-73.96513,Manhattan
Kolbert Playground,40.620091,-73.958296,Brooklyn
Bayview Playground,40.634553,-73.887194,Brooklyn
Baisley Pond Park,40.674181,-73.787735,Queens
Bayside Fields,40.772932,-73.784942,Queens
Riverside Park,40.781146,-73.985925,Manhattan
Morris Mesa,40.845261,-73.909559,Bronx
John V. Lindsay East River Park,40.713736,-73.975729,Manhattan
Fort Totten Park,40.794143,-73.778098,Queens
Flushing Meadows Corona Park,40.762264,-73.859267,Queens
Flushing Meadows Corona Park,40.74125,-73.848883,Queens
Hines Park,40.828922,-73.905373,Bronx
Gravesend Park,40.623501,-73.985399,Brooklyn
Marine Park,40.608243,-73.93711,Brooklyn
Flushing Meadows Corona Park,40.745551,-73.844298,Queens
Simeone Park,40.740804,-73.85956,Queens
Highbridge Park,40.843458,-73.933023,Manhattan
Fisher Pool,40.758451,-73.869459,Queens
Electric Playground,40.736231,-73.805207,Queens
Shore Park and Parkway,40.632574,-74.038987,Brooklyn
Crotona Park,40.840503,-73.897757,Bronx
Prospect Park,40.660498,-73.963555,Brooklyn
Flushing Meadows Corona Park,40.744599,-73.839999,Queens
Bronx Park,40.847141,-73.870393,Bronx
Prospect Park,40.665555,-73.974951,Brooklyn
Franklin D. Roosevelt Boardwalk and Beach,40.578083,-74.077593,Staten Island
Bleecker Playground,40.736352,-74.005614,Manhattan
St. John's Park,40.6737,-73.933882,Brooklyn
Frank Principe Park,40.727333,-73.904654,Queens
Central Park,40.792974,-73.954133,Manhattan
Carl Schurz Park,40.773548,-73.944992,Manhattan
De Witt Clinton Park,40.768521,-73.993684,Manhattan
McCarren Park,40.720933,-73.95011,Brooklyn
Prospect Park,40.66556,-73.971572,Brooklyn
Bailey Playground,40.881658,-73.900125,Bronx
Bayswater Park,40.599872,-73.767563,Queens
Pelham Bay Park,40.84833,-73.824405,Bronx
Coney Island Beach & Boardwalk,40.572407,-73.986723,Brooklyn
Hillside Playground,40.740889,-73.712932,Queens
Hamilton Metz Field,40.662603,-73.940709,Brooklyn
Rockaway Beach Boardwalk,40.583812,-73.81319,Queens
Hamilton Fish Park,40.719979,-73.981457,Manhattan
Police Officer John G. Scarangella Park,40.593845,-73.984179,Brooklyn
Wingate Park,40.659409,-73.94493,Brooklyn
Gorman Playground,40.761846,-73.884052,Queens
Fulton Park,40.679937,-73.931687,Brooklyn
Forest Park,40.701621,-73.853329,Queens
Markham Playground,40.624411,-74.145701,Staten Island
Cooper Park,40.715795,-73.936355,Brooklyn
Riverside Park,40.783127,-73.985331,Manhattan
City Hall Park,40.713511,-74.006472,Manhattan
Cleopatra Playground,40.845565,-73.904131,Bronx
GREENSTREET,40.711776,-73.99227,Manhattan
Kissena Corridor Park,40.749357,-73.822278,Queens
Parkside Playground,40.868469,-73.867976,Bronx
Astoria Park,40.778529,-73.922167,Queens
Flushing Meadows Corona Park,40.753535,-73.838006,Queens
Rainbow Playground,40.640516,-74.011218,Brooklyn
Freedom Square Playground,40.723256,-73.820336,Queens
Idlewild Park,40.657455,-73.758807,Queens
Pelham Bay Park,40.868784,-73.792902,Bronx
Dawson Playground,40.819438,-73.898177,Bronx
Clement Clarke Moore Park,40.746618,-74.004105,Manhattan
Ferry Point Park,40.82145,-73.826654,Bronx
Tompkins Square Park,40.725656,-73.981328,Manhattan
Baisley Pond Park,40.67263,-73.787517,Queens
Alley Athletic Playground,40.739757,-73.734966,Queens
Herbert Von King Park,40.689812,-73.945706,Brooklyn
Rodney Playground Center,40.710169,-73.95557,Brooklyn
Dongan Playground,40.582895,-74.089837,Staten Island
Rockaway Beach Boardwalk,40.584641,-73.810846,Queens
Riverbend Playground,40.871998,-73.906,Bronx
Evergreen Park,40.698181,-73.896419,Queens
Cadman Plaza Park,40.698911,-73.990902,Brooklyn
Pulaski Park,40.805159,-73.923963,Bronx
Forest Park,40.700822,-73.858115,Queens
Harold Schneiderman Playground,40.665013,-73.85018,Queens
Wagner Houses Pool,40.801662,-73.932764,Manhattan
Ditmars Playground,40.771295,-73.907576,Queens
Prospect Park,40.655488,-73.963393,Brooklyn
CPL. Thompson Park,40.636898,-74.119249,Staten Island
Bartlett Playground,40.700852,-73.946395,Brooklyn
Brookville Park,40.65731,-73.748126,Queens
Nostrand Playground,40.6377,-73.947164,Brooklyn
Junction Playground,40.75455,-73.872228,Queens
Fish Playground,40.678271,-73.914208,Brooklyn
Prospect Park,40.660702,-73.974789,Brooklyn
Pierrepont Playground,40.69632,-73.997639,Brooklyn
Abingdon Square,40.737461,-74.005217,Manhattan
Conference House Park,40.50518,-74.254567,Staten Island
Grove Hill Playground,40.819872,-73.90855,Bronx
Maria Hernandez Park,40.703148,-73.92412,Brooklyn
Hoyt Playground,40.77181,-73.916827,Queens
L/CPL Thomas P. Noonan Jr. Playground,40.741043,-73.92249,Queens
Crotona Park,40.840378,-73.898092,Bronx
Randall's Island Park,40.799147,-73.922689,Manhattan
Cunningham Park,40.727239,-73.774163,Queens
Inwood Hill Park,40.872545,-73.930189,Manhattan
Patterson Playground,40.815966,-73.921926,Bronx
Highbridge Park,40.853208,-73.926661,Manhattan
Baisley Pond Park,40.684861,-73.786519,Queens
St. Michael's Playground,40.758712,-73.900129,Queens
Breininger Park,40.725961,-73.728796,Queens
Veterans Grove,40.742548,-73.877694,Queens
Maurice A FitzGerald Playground,40.690377,-73.839391,Queens
Franklin D. Roosevelt Boardwalk and Beach,40.578664,-74.074121,Staten Island
Poe Park,40.865029,-73.894695,Bronx
Dyker Beach Park,40.61201,-74.015358,Brooklyn
Cunningham Park,40.735295,-73.771802,Queens
Van Cortlandt Park,40.897084,-73.895507,Bronx
James A. Bland Playground,40.758185,-73.831172,Queens
Van Cortlandt Park,40.889982,-73.881224,Bronx
Sternberg Park,40.705999,-73.947151,Brooklyn
Henry Hudson Park,40.882438,-73.918475,Bronx
Hansborough Recreation Center,40.812834,-73.939331,Manhattan
Brooklyn Bridge Park,40.692898,-74.00171,Brooklyn
Rockaway Beach and Boardwalk,40.588479,-73.789675,Queens
Cunningham Park,40.730325,-73.775521,Queens
Jackie Robinson Park,40.827563,-73.940045,Manhattan
Alley Pond Park,40.741939,-73.739955,Queens
Seton Park,40.886385,-73.916455,Bronx
Randall's Island Park,40.792732,-73.915929,Manhattan
De Witt Clinton Park,40.768274,-73.994699,Manhattan
Haffen Park,40.874454,-73.838737,Bronx
Bennett Park,40.853154,-73.937946,Manhattan
Central Park,40.76909,-73.980773,Manhattan
Isham Park,40.871084,-73.919897,Manhattan
Prospect Park,40.668019,-73.973774,Brooklyn
Battery Park City,40.710001,-74.01813,Manhattan
Riverside Park,40.783153,-73.986792,Manhattan
Rappaport Playground,40.636869,-74.000753,Brooklyn
St. Nicholas Playground South,40.811306,-73.947125,Manhattan
Flushing Meadows Corona Park,40.739281,-73.841874,Queens
Jackie Robinson Park,40.824269,-73.942448,Manhattan
Shore Park and Parkway,40.631636,-74.039313,Brooklyn
Central Park,40.793687,-73.962362,Manhattan
Central Park,40.769345,-73.976933,Manhattan
Walter Gladwin Park,40.844688,-73.89456,Bronx
Prospect Park,40.660912,-73.974653,Brooklyn
Quaker Parrot Park at the Dust Bowl,40.632989,-74.013885,Brooklyn
Space Time Playground,40.822029,-73.859829,Bronx
Beach 9 Playground,40.595274,-73.745518,Queens
Robert Moses Playground,40.748156,-73.969942,Manhattan
Washington Skate Park,40.672856,-73.985785,Brooklyn
Alice Austen Park,40.615119,-74.063025,Staten Island
Forest Park,40.70989,-73.835412,Queens
Flynn Playground,40.820873,-73.911713,Bronx
Soundview Park,40.81947,-73.873563,Bronx
Linden Park,40.657974,-73.887435,Brooklyn
Central Park,40.772038,-73.971184,Manhattan
Ditmars Playground,40.771423,-73.9074,Queens
Msgr. McGolrick Park,40.724788,-73.943516,Brooklyn
Bushwick Playground,40.695839,-73.911709,Brooklyn
Reiff Playground,40.718143,-73.901523,Queens
Roberto Clemente Ballfield,40.70623,-73.967207,Brooklyn
Juniper Valley Park,40.720434,-73.877347,Queens
Franklin D. Roosevelt Boardwalk and Beach,40.578856,-74.077724,Staten Island
Gouverneur Playground,40.835804,-73.903302,Bronx
Clove Lakes Park,40.618224,-74.107337,Staten Island
Wingate Park,40.659255,-73.944641,Brooklyn
Springfield Park,40.65979,-73.762667,Queens
Commodore Barry Park,40.697534,-73.979084,Brooklyn
Riverside Park South,40.773792,-73.993183,Manhattan
Kaltenmeier Playground,40.614849,-74.068563,Staten Island
Samuel Seabury Playground,40.785453,-73.950933,Manhattan
Horace Harding Playground,40.733428,-73.860953,Queens
Frank D. O'Connor Playground,40.744112,-73.886413,Queens
"Phil ""Scooter"" Rizzuto Park",40.694736,-73.821166,Queens
Bushwick Inlet Park,40.721913,-73.960596,Brooklyn
Franklin D. Roosevelt Boardwalk and Beach,40.567928,-74.09114,Staten Island
Millbrook Playground,40.804297,-73.916449,Bronx
Bloomingdale Park,40.535104,-74.20835,Staten Island
Millbrook Playground,40.804086,-73.916544,Bronx
Bay Terrace Playground,40.782301,-73.777272,Queens
Noble Playground,40.836738,-73.871778,Bronx
Fort Tryon Park,40.863806,-73.930287,Manhattan
Moore Playground,40.809472,-73.938724,Manhattan
Faber Pool and Park,40.641012,-74.135357,Staten Island
Riverside Park,40.802149,-73.97167,Manhattan
St. Michael's Playground,40.759576,-73.900435,Queens
Flushing Meadows Corona Park,40.765514,-73.861936,Queens
Van Cortlandt Park,40.886834,-73.898504,Bronx
St. Nicholas Park,40.815526,-73.948989,Manhattan
Underwood Park,40.688838,-73.966717,Brooklyn
Ewen Park,40.882759,-73.909341,Bronx
Flushing Meadows Corona Park,40.747166,-73.836415,Queens
Robert E. Venable Park,40.674614,-73.86575,Brooklyn
Collect Pond Park,40.716021,-74.001724,Manhattan
Prospect Park,40.666899,-73.973706,Brooklyn
Arverne Playground,40.592988,-73.785263,Queens
Harvey Park,40.783751,-73.822784,Queens
John Jay Park,40.769719,-73.948837,Manhattan
Silver Lake Park,40.628598,-74.09159,Staten Island
John Allen Payne Playground,40.639604,-74.023706,Brooklyn
Laurelton Playground,40.670439,-73.736306,Queens
Coney Island Beach & Boardwalk,40.575054,-73.959337,Brooklyn
Randall's Island Park,40.794434,-73.918884,Manhattan
Franklin D. Roosevelt Boardwalk and Beach,40.574242,-74.083064,Staten Island
Latimer Playground,40.696491,-73.785982,Queens
Jackie Robinson Park Playground,40.680015,-73.927312,Brooklyn
Travers Park,40.753643,-73.889626,Queens
Flynn Playground,40.820898,-73.911891,Bronx
Battery Park City,40.715772,-74.016726,Manhattan
Alley Pond Park,40.743189,-73.742136,Queens
St. Mary's Park,40.811468,-73.914103,Bronx
Central Park,40.766243,-73.976386,Manhattan
Washington Square Park,40.730763,-73.998191,Manhattan
Tony Dapolito Recreation Center,40.729629,-74.005434,Manhattan
Dome Playground,40.638098,-73.980144,Brooklyn
Sherman Creek,40.860203,-73.918558,Manhattan
Central Park,40.797433,-73.951544,Manhattan
Bergen Beach Playground,40.622537,-73.909578,Brooklyn
St. Mary's Park,40.809084,-73.911248,Bronx
Riverdale Playground,40.887359,-73.914262,Bronx
Davidson Playground,40.854981,-73.9077,Bronx
Parade Ground,40.6528,-73.966093,Brooklyn
Van Dyke Playground,40.664452,-73.90407,Brooklyn
Gertrude Ederle Recreation Center,40.771458,-73.98874,Manhattan
Thomas Jefferson Park,40.793544,-73.936034,Manhattan
Marine Park,40.604776,-73.932804,Brooklyn
Patrick O'Rourke Playground,40.619144,-74.014357,Brooklyn
Highland Park,40.684077,-73.885552,Queens
Flushing Meadows Corona Park,40.744147,-73.845185,Queens
Red Hook Recreation Area,40.672706,-74.008028,Brooklyn
Epiphany Playground,40.708511,-73.96573,Brooklyn
Prospect Park,40.666899,-73.973706,Brooklyn
Fountain Of Youth Playground,40.813527,-73.905334,Bronx
Rockaway Beach and Boardwalk,40.587173,-73.795695,Queens
Railroad Park,40.824982,-73.915336,Bronx
Central Park,40.767631,-73.971305,Manhattan
Louis Pasteur Park,40.762135,-73.734925,Queens
Bath Playground,40.595401,-73.992996,Brooklyn
Paerdegat Park,40.637817,-73.938036,Brooklyn
Rockaway Garage,40.592171,-73.802989,Queens
Cherry Tree Park,40.787168,-73.94727,Manhattan
Wagner Houses Pool,40.801833,-73.932695,Manhattan
Rev. T. Wendell Foster Park and Recreation Center,40.831793,-73.925245,Bronx
Mahoney Playground,40.643234,-74.086141,Staten Island
Beanstalk Playground,40.853845,-73.916661,Bronx
Harding Park,40.80955,-73.856824,Bronx
Redfern Playground,40.611102,-73.749759,Queens
Conference House Park,40.505525,-74.254196,Staten Island
Sherman Creek,40.862003,-73.9171,Manhattan
Central Park,40.767631,-73.971305,Manhattan
Sherry Dog Run,40.741177,-73.899036,Queens
Grace Playground,40.671031,-73.894633,Brooklyn
Heckscher Playground,40.695306,-73.918189,Brooklyn
Fort Greene Park,40.692223,-73.974731,Brooklyn
Rock Garden Park,40.835593,-73.884937,Bronx
Riverside Park,40.797173,-73.975134,Manhattan
Flushing Meadows Corona Park,40.751336,-73.849372,Queens
St. Mary's Park,40.811468,-73.914103,Bronx
Frederick Douglass Playground,40.797367,-73.967709,Manhattan
Equity Playground,40.691657,-73.85351,Queens
Alexander Hamilton Playground,40.823006,-73.951415,Manhattan
Sara D. Roosevelt Park,40.716719,-73.994081,Manhattan
Pelham Bay Park,40.858217,-73.800725,Bronx
Canarsie Park,40.628052,-73.894477,Brooklyn
P.O. Reinaldo Salgado Playground,40.68771,-73.925909,Brooklyn
Glen Oaks Oval,40.749456,-73.714939,Queens
Sledge Playground,40.638116,-73.897685,Brooklyn
Freshkills Park,40.561803,-74.194745,Staten Island
Peters Field,40.706591,-73.774676,Queens
Cedar Playground,40.854824,-73.917938,Bronx
Baisley Pond Park,40.67599,-73.784026,Queens
St. John's Park,40.674831,-73.933543,Brooklyn
Brooklyn Botanic Garden,40.669615,-73.964833,Brooklyn
Central Park,40.784689,-73.968375,Manhattan
Kissena Corridor Park,40.746168,-73.817293,Queens
McCaffrey Playground,40.759136,-73.991347,Manhattan
Marcus Garvey Park,40.804984,-73.94486,Manhattan
Baisley Pond Park,40.677722,-73.784021,Queens
Kaiser Park,40.578816,-73.995949,Brooklyn
Beach 30th Street Playground,40.592196,-73.763222,Queens
Dyker Beach Park,40.606718,-74.019303,Brooklyn
Pink Playground,40.666701,-73.862595,Brooklyn
Great Kills Veterans Playground,40.547028,-74.151677,Staten Island
Hope Ballfield,40.697227,-73.917078,Brooklyn
Ehrenreich-Austin Playground,40.715207,-73.836729,Queens
Whitey Ford Field,40.777189,-73.934932,Queens
Lion's Pride Playground,40.662577,-73.899672,Brooklyn
Manhattan Beach Park,40.57675,-73.942945,Brooklyn
Julio Carballo Fields,40.814958,-73.889238,Bronx
Fred Samuel Playground,40.816874,-73.93929,Manhattan
Pelham Bay Park,40.846307,-73.825005,Bronx
Ravenswood Playground,40.762277,-73.935676,Queens
Rockaway Beach Boardwalk,40.580527,-73.825555,Queens
Grassmere Playground,40.599602,-73.759271,Queens
Flushing Meadows Corona Park,40.75175,-73.843003,Queens
Constance Baker Motley Recreation Center,40.756481,-73.96513,Manhattan
Jackie Robinson Park,40.827131,-73.940375,Manhattan
Behagen Playground,40.82602,-73.901244,Bronx
Seth Low Playground/ Bealin Square,40.607919,-73.986686,Brooklyn
Luther Gulick Park,40.715771,-73.981144,Manhattan
Riverside Park,40.803151,-73.970509,Manhattan
Prospect Park,40.660802,-73.969857,Brooklyn
Brownsville Playground,40.656223,-73.902784,Brooklyn
Thomas Greene Playground,40.680071,-73.98465,Brooklyn
McKinley Playground,40.724428,-73.985496,Manhattan
Rockaway Beach,40.568549,-73.865033,Queens
Kosciuszko Pool,40.691293,-73.948752,Brooklyn
St. Nicholas Playground South,40.810865,-73.947467,Manhattan
Lindower Park,40.611275,-73.91109,Brooklyn
DiGilio Playground,40.632274,-73.977156,Brooklyn
Frederick Johnson Playground,40.824811,-73.935535,Manhattan
High Rock Park,40.58268,-74.124288,Staten Island
Van Cortlandt Park,40.892502,-73.890904,Bronx
Cadman Plaza Park,40.698443,-73.990626,Brooklyn
Lawrence Virgilio Playground,40.747365,-73.911108,Queens
McGuire Fields,40.620366,-73.90017,Brooklyn
Herman Dolgon Playground,40.598218,-73.939426,Brooklyn
Forest Park,40.702311,-73.868143,Queens
Lincoln Terrace / Arthur S. Somers Park,40.667176,-73.927778,Brooklyn
Flushing Meadows Corona Park,40.751408,-73.833778,Queens
Dry Dock Playground,40.725355,-73.975238,Manhattan
Remsen Playground,40.642166,-73.907717,Brooklyn
Howard Von Dohlen Playground,40.699577,-73.812919,Queens
McCarren Park,40.720081,-73.94993,Brooklyn
Forest Park,40.696595,-73.860428,Queens
Rochdale Park,40.674113,-73.774417,Queens
St. Mark's Playground,40.674678,-73.939956,Brooklyn
Clove Lakes Park,40.61819,-74.107287,Staten Island
Jacob Joffe Fields,40.625007,-73.919417,Brooklyn
McGuire Fields,40.618072,-73.898713,Brooklyn
Pelham Bay Park,40.865453,-73.796187,Bronx
Willowbrook Park,40.603722,-74.161076,Staten Island
Martin Luther King Jr. Playground,40.667833,-73.890376,Brooklyn
St. James Park,40.865297,-73.898532,Bronx
Crotona Park,40.840033,-73.895347,Bronx
Barretto Point Park,40.805847,-73.888421,Bronx
Bayswater Park,40.599777,-73.767912,Queens
Central Park,40.795834,-73.961122,Manhattan
Bellevue South Park,40.739892,-73.978288,Manhattan
Quarry Ballfields,40.850818,-73.891541,Bronx
Detective Keith L Williams Park,40.70185,-73.783512,Queens
Cunningham Park,40.738681,-73.764959,Queens
Montbellier Park,40.674447,-73.756871,Queens
"Martin Luther King, Jr. Playground",40.800298,-73.950294,Manhattan
Sakura Park,40.812699,-73.962662,Manhattan
Samuel N. Bennerson 2nd Playground,40.773914,-73.987003,Manhattan
Highbridge Park,40.858334,-73.92581,Manhattan
Mount Hope Playground,40.85034,-73.909255,Bronx
Bronx Park,40.869926,-73.876121,Bronx
Hoyt Playground,40.77134,-73.91744,Queens
Agnes Haywood Playground,40.880293,-73.862033,Bronx
Bensonhurst Park,40.595109,-74.001996,Brooklyn
J. Hood Wright Park,40.846444,-73.940763,Manhattan
Central Park,40.773252,-73.97712,Manhattan
Columbus Park,40.714797,-74.00025,Manhattan
William Sheridan Playground,40.715464,-73.963984,Brooklyn
Williamsbridge Oval,40.877159,-73.87856,Bronx
Lincoln Terrace / Arthur S. Somers Park,40.666721,-73.925489,Brooklyn
Murray Playground,40.747368,-73.948813,Queens
Central Park,40.78764,-73.956512,Manhattan
Walton Park,40.855348,-73.905156,Bronx
Crotona Park,40.836441,-73.894709,Bronx
Hunter's Point South Park,40.74175,-73.960636,Queens
Coney Island Beach & Boardwalk,40.574727,-73.96463,Brooklyn
Sara D. Roosevelt Park,40.717223,-73.993718,Manhattan
Spuyten Duyvil Playground,40.887113,-73.916226,Bronx
Flushing Meadows Corona Park,40.751761,-73.837424,Queens
Kissena Corridor Park,40.745209,-73.789722,Queens
Central Park,40.767205,-73.971283,Manhattan
Flushing Meadows Corona Park,40.740315,-73.842057,Queens
Sperandeo Brothers Playground,40.677667,-73.884243,Brooklyn
Forest Park,40.701215,-73.854417,Queens
Shore Park and Parkway,40.621832,-74.040579,Brooklyn
Conference House Park,40.503131,-74.253222,Staten Island
Joseph Austin Playground,40.715468,-73.800596,Queens
Morningside Park,40.808226,-73.956715,Manhattan
Prospect Park,40.661656,-73.972849,Brooklyn
Seton Park,40.885425,-73.915703,Bronx
Bathgate Playground,40.852533,-73.894529,Bronx
John V. Lindsay East River Park,40.712898,-73.976411,Manhattan
Randall's Island Park,40.799427,-73.923253,Manhattan
Percy E. Sutton Playground,40.825672,-73.934842,Manhattan
Forest Park,40.700544,-73.855575,Queens
Stanley Isaacs Playground,40.782933,-73.944592,Manhattan
Central Park,40.796825,-73.949906,Manhattan
Tottenville Pool,40.50585,-74.235292,Staten Island
Flushing Meadows Corona Park,40.737155,-73.845657,Queens
Silver Lake Park,40.623028,-74.096165,Staten Island
Owl's Head Park,40.639905,-74.030599,Brooklyn
Marine Park,40.593985,-73.925537,Brooklyn
Henry Hudson Park,40.880644,-73.919739,Bronx
Blood Root Valley,40.591772,-74.139254,Staten Island
Kissena Park,40.748761,-73.803254,Queens
Red Hook Recreation Area,40.673287,-74.003403,Brooklyn
Fort Tryon Park,40.860843,-73.933105,Manhattan
Pelham Bay Park,40.870229,-73.788606,Bronx
Playground One Forty,40.674753,-73.800961,Queens
Franklin D. Roosevelt Boardwalk and Beach,40.568872,-74.090607,Staten Island
Howard Pool,40.672822,-73.908935,Brooklyn
Ruppert Park,40.780982,-73.950129,Manhattan
St. Nicholas Park,40.813342,-73.951287,Manhattan
Mosholu Parkway,40.881912,-73.885019,Bronx
Sol Lain Plgd,40.714373,-73.983975,Manhattan
The High Line,40.744566,-74.006947,Manhattan
Brigadier General Charles Young Playground,40.819394,-73.934621,Manhattan
Flushing Meadows Corona Park,40.741377,-73.848278,Queens
Prospect Park,40.665364,-73.965469,Brooklyn
Central Park,40.780862,-73.96154,Manhattan
Ian Maclennan Garden,40.714233,-73.856619,Queens
Mount Hope Garden,40.852438,-73.905239,Bronx
Riverside Park,40.802281,-73.972423,Manhattan
Rev. T. Wendell Foster Park and Recreation Center,40.831545,-73.924535,Bronx
Cunningham Park,40.734615,-73.769549,Queens
Central Park,40.793554,-73.953092,Manhattan
Turtle Playground,40.742253,-73.827725,Queens
Pomonok Playground,40.736582,-73.813822,Queens
Hunts Point Playground,40.81423,-73.885902,Bronx
Amersfort Park,40.627793,-73.938916,Brooklyn
Vinmont Veteran Park,40.902646,-73.904244,Bronx
Pearl St Playground,40.707895,-74.003817,Manhattan
Old Town Playground,40.595489,-74.081492,Staten Island
Macombs Dam Park,40.830646,-73.931279,Bronx
Betsy Head Park,40.663002,-73.912195,Brooklyn
Coney Island Boat Basin,40.581257,-73.989854,Brooklyn
Torsney Playground,40.74721,-73.922066,Queens
Hamilton Fish Park,40.719981,-73.981456,Manhattan
Sternberg Park,40.706333,-73.947894,Brooklyn
Jacob H. Schiff Playground,40.820346,-73.952177,Manhattan
Rev J Polite Playground,40.827333,-73.896618,Bronx
Harold Ickes Playground,40.6827,-74.005865,Brooklyn
Central Park,40.783793,-73.965843,Manhattan
Colgate Close,40.823887,-73.881428,Bronx
Pelham Bay Park,40.869644,-73.790492,Bronx
Gerard P. Dugan Playground,40.56094,-74.110557,Staten Island
Bronx River Parkway,40.827601,-73.873893,Bronx
John V. Lindsay East River Park,40.711278,-73.977487,Manhattan
Flushing Meadows Corona Park,40.73693,-73.845648,Queens
Parade Ground,40.651792,-73.966061,Brooklyn
Central Park,40.768237,-73.976892,Manhattan
Wards Island Park,40.791202,-73.929788,Manhattan
Hoover - Manton Playgrounds,40.711979,-73.821376,Queens
Marion Hopkinson Playground,40.681827,-73.914007,Brooklyn
St. James Park,40.86455,-73.899021,Bronx
Bronx Park,40.851082,-73.870219,Bronx
Astoria Heights Playground,40.760994,-73.911333,Queens
Rockaway Beach Boardwalk,40.579661,-73.829262,Queens
James Weldon Johnson Playground,40.797016,-73.941615,Manhattan
Calvert Vaux Park,40.587058,-73.992614,Brooklyn
St. Andrew's Playground,40.678593,-73.942084,Brooklyn
Harris Park,40.877117,-73.892526,Bronx
Sarsfield Playground,40.61999,-73.9376,Brooklyn
J. Hood Wright Park,40.846444,-73.940763,Manhattan
Franklin D. Roosevelt Boardwalk and Beach,40.571451,-74.087674,Staten Island
Hoover - Manton Playgrounds,40.712346,-73.821639,Queens
Randall's Island Park,40.791664,-73.915883,Manhattan
Chelsea Park,40.749632,-74.000139,Manhattan
Classon Playground,40.689169,-73.960634,Brooklyn
Battery Park City,40.708757,-74.018505,Manhattan
Central Park,40.767631,-73.971305,Manhattan
Van Cortlandt Park,40.897364,-73.895204,Bronx
Fisher Pool,40.758451,-73.869459,Queens
Fort Washington Park,40.849838,-73.946719,Manhattan
Grand Ferry Park,40.716498,-73.966878,Brooklyn
Coney Island Beach & Boardwalk,40.571435,-73.994572,Brooklyn
Brownsville Playground,40.656223,-73.902784,Brooklyn
Saratoga Park,40.685073,-73.919089,Brooklyn
Washington Square Park,40.731608,-73.997608,Manhattan
Russell Sage Playground,40.723681,-73.8517,Queens
Livonia Park,40.663964,-73.902112,Brooklyn
Rudd Playground State Park,40.683269,-73.905021,Brooklyn
Flushing Meadows Corona Park,40.751618,-73.843537,Queens
Neighborhood Parks,40.690223,-73.996779,Brooklyn
Central Park,40.783793,-73.965843,Manhattan
College Point Fields,40.775697,-73.837361,Queens
Playground 103 CIII,40.78691,-73.939219,Manhattan
Flushing Meadows Corona Park,40.73267,-73.837906,Queens
Sheltering Arms Playground,40.815335,-73.955979,Manhattan
Central Park,40.784491,-73.9589,Manhattan
Big Bush Playground,40.740341,-73.902529,Queens
Rev. Dr. Maggie Howard Playground,40.62387,-74.080299,Staten Island
Red Hook Recreation Area,40.671202,-74.002411,Brooklyn
Nicholas Naquan Heyward Jr. Park,40.684375,-73.987811,Brooklyn
Crotona Park,40.840059,-73.895133,Bronx
Gen. Douglas MacArthur Park,40.586232,-74.099979,Staten Island
Hell's Kitchen Park,40.762909,-73.992702,Manhattan
Newtown Barge Playground,40.736037,-73.959831,Brooklyn
Audubon Playground,40.841637,-73.93822,Manhattan
Brizzi Playground,40.64251,-73.994592,Brooklyn
Prall Playground,40.628685,-74.117805,Staten Island
Wakefield Playground,40.901789,-73.854757,Bronx
Central Park,40.799818,-73.957432,Manhattan
Callahan-Kelly Playground,40.678428,-73.905727,Brooklyn
Astoria Park,40.776051,-73.924883,Queens
Bushwick Playground,40.6959,-73.912982,Brooklyn
Lozada Playground,40.807779,-73.925038,Bronx
Coney Island Beach & Boardwalk,40.572369,-73.988953,Brooklyn
Sara D. Roosevelt Park,40.717326,-73.993862,Manhattan
Dyker Beach Park,40.606716,-74.01642,Brooklyn
Parade Ground,40.649203,-73.970065,Brooklyn
Alley Park,40.747909,-73.744637,Queens
Leif Ericson Park,40.630925,-74.01226,Brooklyn
Cunningham Park,40.739165,-73.76514,Queens
Adam Yauch Park,40.69223,-73.999077,Brooklyn
McCarren Park,40.720776,-73.949767,Brooklyn
Bronx River Parkway,40.872928,-73.871177,Bronx
Central Park,40.79126,-73.959187,Manhattan
Theodore Roosevelt Park,40.782235,-73.974592,Manhattan
Bella Abzug Park,40.756084,-73.99992,Manhattan
100% Playground,40.646795,-73.899513,Brooklyn
Manhattan Beach Park,40.576171,-73.941789,Brooklyn
Breukelen Ballfields,40.651445,-73.890658,Brooklyn
Forest Park,40.700871,-73.858598,Queens
Tompkins Square Park,40.726633,-73.982176,Manhattan
Marie Curie Playground,40.757251,-73.77091,Queens
Bayswater Park,40.599288,-73.767167,Queens
Hinton Park,40.755487,-73.85483,Queens
Woodtree Playground,40.777508,-73.902464,Queens
Archie Spigner Park,40.693033,-73.77973,Queens
Seaside Wildlife Nature Park,40.540305,-74.143233,Staten Island
Plimpton Playground,40.843896,-73.922499,Bronx
Southern Fields,40.665378,-73.824742,Queens
Vidalia Park,40.843666,-73.881957,Bronx
Thomas Jefferson Park,40.793452,-73.936779,Manhattan
Flushing Meadows Corona Park,40.751336,-73.849373,Queens
McCarren Park,40.721549,-73.952992,Brooklyn
Belt Parkway/Shore Parkway,40.618767,-73.898551,Brooklyn
Prospect Park,40.672117,-73.970436,Brooklyn
Wagner Houses Pool,40.801736,-73.932762,Manhattan
Bush Terminal Park,40.65241,-74.019763,Brooklyn
Fox Playground,40.632582,-73.923987,Brooklyn
Howard Bennett Playground,40.813846,-73.938728,Manhattan
Broad Channel American Park,40.596011,-73.82283,Queens
Nehemiah Park,40.661609,-73.90541,Brooklyn
Alfred E. Smith Playground,40.710185,-73.997636,Manhattan
Cedar Playground,40.855283,-73.917425,Bronx
Jennifer's Playground,40.620077,-74.163591,Staten Island
Renaissance Playground,40.821451,-73.941807,Manhattan
Dyker Beach Park,40.613065,-74.013008,Brooklyn
Powell Playground,40.671012,-73.904678,Brooklyn
Detective Keith L Williams Park,40.703186,-73.785033,Queens
Willis Playground,40.811313,-73.922648,Bronx
El Shabazz Playground,40.682932,-73.930186,Brooklyn
Robert Moses Playground,40.748147,-73.96867,Manhattan
D'Auria-Murphy Triangle,40.85329,-73.889038,Bronx
Tudor Park,40.673592,-73.856163,Queens
River Avenue Parks,40.825814,-73.92692,Bronx
Lefferts Playground,40.665661,-73.821563,Queens
Prospect Park,40.661575,-73.9788,Brooklyn
The Painter's Playground,40.720634,-73.860752,Queens
Flushing Meadows Corona Park,40.743145,-73.848908,Queens
Betsy Head Park,40.663073,-73.914292,Brooklyn
Susan Smith McKinney Steward Park,40.700783,-73.985426,Brooklyn
Brooklyn Bridge Park,40.704065,-73.990148,Brooklyn
Flushing Meadows Corona Park,40.747695,-73.839258,Queens
Murphy Brothers Playground,40.730253,-73.973624,Manhattan
McCarren Park,40.720081,-73.94993,Brooklyn
Forest Park,40.710769,-73.835496,Queens
Pelham Bay Park,40.870475,-73.786586,Bronx
Rochdale Park,40.675117,-73.773813,Queens
Greencroft Playground,40.551859,-74.136792,Staten Island
Bicentennial Veterans Memorial Park,40.822396,-73.812937,Bronx
Manhattan Beach Park,40.576175,-73.941775,Brooklyn
Andrew Haswell Green Park,40.760442,-73.956499,Manhattan
Story Playground,40.822277,-73.862996,Bronx
Isham Park,40.871647,-73.919959,Manhattan
Dean Playground,40.68123,-73.973533,Brooklyn
Frank Principe Park,40.726621,-73.903779,Queens
Brooklyn Bridge Park,40.704142,-73.98942,Brooklyn
Coney Island Beach & Boardwalk,40.573133,-73.979094,Brooklyn
Juniper Valley Park,40.719779,-73.880398,Queens
Riverside Park,40.801131,-73.973749,Manhattan
Sumner Playground,40.697578,-73.942472,Brooklyn
Slattery Playground,40.857214,-73.89848,Bronx
Ampere Playground,40.681621,-73.856949,Queens
Ciccarone Park,40.85603,-73.886578,Bronx
Central Park,40.780437,-73.965001,Manhattan
Pulaski Playground,40.693677,-73.941849,Brooklyn
Flushing Meadows Corona Park,40.751408,-73.833778,Queens
Hillside Dog Park,40.701741,-73.994348,Brooklyn
Van Cortlandt Park,40.890477,-73.896514,Bronx
Washington Square Park,40.730158,-73.997518,Manhattan
Pelham Bay Park,40.86587,-73.794414,Bronx
Slattery Playground,40.857536,-73.898759,Bronx
Bloomingdale Park,40.533364,-74.209103,Staten Island
Luna Playground,40.576313,-73.978278,Brooklyn
The Battery,40.701782,-74.015685,Manhattan
Freshkills Park,40.592577,-74.163838,Staten Island
Washington Market Park,40.717411,-74.011477,Manhattan
Seaside Playground,40.580672,-73.830544,Queens
Utopia Playground,40.730829,-73.792373,Queens
Kissena Park,40.749487,-73.807249,Queens
Hickman Playground,40.620255,-73.912453,Brooklyn
Gravesend Park,40.622912,-73.984363,Brooklyn
Van Nest Park,40.843566,-73.865852,Bronx
Bronx River Parkway,40.88382,-73.867226,Bronx
Canarsie Park,40.629786,-73.89428,Brooklyn
Crocheron Park,40.773011,-73.767006,Queens
Franklin D. Roosevelt Boardwalk and Beach,40.57903,-74.074815,Staten Island
Bath Beach Park,40.60261,-74.01134,Brooklyn
Harlem River Park,40.805644,-73.933986,Manhattan
Sunset Park,40.646921,-74.002121,Brooklyn
Forest Park,40.701448,-73.853219,Queens
Hunter's Point South Park,40.743097,-73.960416,Queens
Manhattan Beach Park,40.577367,-73.939985,Brooklyn
Crotona Park,40.839095,-73.894095,Bronx
Juniper Valley Park,40.719661,-73.882876,Queens
Central Park,40.789427,-73.961892,Manhattan
Stuyvesant Square,40.732922,-73.983647,Manhattan
Riverside Park,40.78744,-73.981966,Manhattan
Coney Island Beach & Boardwalk,40.574727,-73.964637,Brooklyn
Golconda Playground,40.697647,-73.982541,Brooklyn
Lincoln Terrace / Arthur S. Somers Park,40.666625,-73.926321,Brooklyn
Coney Island Beach & Boardwalk,40.575269,-73.958957,Brooklyn
Flushing Meadows Corona Park,40.746495,-73.841939,Queens
Mafera Park,40.706393,-73.890958,Queens
Roy Wilkins Recreation Center,40.687241,-73.769516,Queens
Arsenal West,40.769783,-73.98292,Manhattan
Harlem River Park,40.805628,-73.93268,Manhattan
Luther Gulick Park,40.715949,-73.981628,Manhattan
Wards Island Park,40.787245,-73.927698,Manhattan
Roy Wilkins Recreation Center,40.684733,-73.770858,Queens
Pelham Bay Park,40.867369,-73.793657,Bronx
Rockaway Beach Boardwalk,40.585436,-73.808797,Queens
Fort Washington Park,40.847761,-73.946463,Manhattan
Detective Keith L Williams Park,40.704081,-73.785158,Queens
Chelsea Recreation Center,40.748296,-74.002219,Manhattan
Davis Playground,40.642544,-74.085353,Staten Island
Rockaway Beach Boardwalk,40.582961,-73.817548,Queens
Tony Dapolito Recreation Center,40.729629,-74.005434,Manhattan
Franklin D. Roosevelt Boardwalk and Beach,40.57001,-74.088676,Staten Island
Jennifer's Playground,40.619767,-74.162765,Staten Island
Dyker Beach Park,40.616929,-74.020472,Brooklyn
Inwood Hill Park,40.867246,-73.928773,Manhattan
Prospect Park,40.657617,-73.969255,Brooklyn
Laurelton Parkway,40.684111,-73.727299,Queens
Athens Square,40.767993,-73.921922,Queens
Givan Square,40.86797,-73.842842,Bronx
Randall's Island Park,40.79927,-73.922798,Manhattan
Terrace Playground,40.613357,-74.098765,Staten Island
Franklin D. Roosevelt Boardwalk and Beach,40.591891,-74.063725,Staten Island
Flushing Meadows Corona Park,40.750972,-73.833238,Queens
Holy Cow Playground,40.741304,-73.776396,Queens
Flushing Meadows Corona Park,40.763077,-73.843835,Queens
Kelly Park Playground,40.603745,-73.957878,Brooklyn
Battery Park City,40.71791,-74.015756,Manhattan
Betsy Head Park,40.664259,-73.911736,Brooklyn
Canarsie Park,40.628896,-73.892863,Brooklyn
Marine Park,40.60602,-73.926418,Brooklyn
The High Line,40.752266,-74.001936,Manhattan
McGuire Fields,40.618573,-73.898791,Brooklyn
Pena Herrera Playground,40.64941,-74.012086,Brooklyn
Bronx River Parkway,40.834525,-73.873479,Bronx
Detective Keith L Williams Park,40.701993,-73.78354,Queens
Claremont Park,40.841462,-73.906845,Bronx
Luna Playground,40.575884,-73.977476,Brooklyn
Coney Island Beach & Boardwalk,40.571518,-73.991806,Brooklyn
Shore Park and Parkway,40.617545,-74.040029,Brooklyn
Central Park,40.76736,-73.978163,Manhattan
Markham Playground,40.62311,-74.14584,Staten Island
Yellowstone Park,40.726339,-73.847842,Queens
Crotona Park,40.84197,-73.894856,Bronx
Arsenal West,40.769783,-73.98292,Manhattan
Crotona Park,40.840238,-73.898137,Bronx
St. John's Park,40.673861,-73.934891,Brooklyn
Augustus St. Gaudens Playground,40.735504,-73.982275,Manhattan
Forest Park,40.700906,-73.842471,Queens
McDonald Playground,40.600497,-73.972149,Brooklyn
College Point Fields,40.776423,-73.838611,Queens
Dag Hammarskjold Plaza,40.751811,-73.968025,Manhattan
Hillside Playground,40.741302,-73.713202,Queens
Bloomingdale Park,40.535299,-74.208555,Staten Island
P.O. Serrano Playground,40.823191,-73.850781,Bronx
Coney Island Beach & Boardwalk,40.573131,-73.979108,Brooklyn
Albemarle Playground,40.645837,-73.980305,Brooklyn
Bath Beach Park,40.601911,-74.011092,Brooklyn
Prospect Park,40.663586,-73.973349,Brooklyn
Lafayette Playground,40.594441,-73.985795,Brooklyn
Clove Lakes Park,40.620381,-74.118474,Staten Island
Pelham Bay Park,40.868327,-73.792393,Bronx
Marine Park,40.59658,-73.928008,Brooklyn
Dean Playground,40.680675,-73.972899,Brooklyn
Howard Playground,40.671573,-73.908249,Brooklyn
Sara D. Roosevelt Park,40.720424,-73.992258,Manhattan
Westbourne Playground,40.608274,-73.764664,Queens
Gravesend Park,40.623518,-73.984746,Brooklyn
Edenwald Playground,40.884029,-73.845125,Bronx
Forest Park,40.696026,-73.866434,Queens
First Park,40.723499,-73.989295,Manhattan
Railroad Playground,40.649242,-73.913999,Brooklyn
Van Voorhees Playground,40.68968,-73.999363,Brooklyn
Bronx Park,40.852961,-73.870229,Bronx
Central Park,40.794185,-73.952734,Manhattan
Red Hook Recreation Area,40.672382,-74.004045,Brooklyn
Flushing Meadows Corona Park,40.733513,-73.837183,Queens
Pena Herrera Playground,40.649492,-74.012169,Brooklyn
East River Playground,40.789183,-73.93789,Manhattan
Devoe Park,40.863494,-73.905509,Bronx
Van Cortlandt Park,40.907748,-73.89536,Bronx
Baisley Pond Park,40.684565,-73.786177,Queens
Riverside Park South,40.780775,-73.987752,Manhattan
Park Of The Americas,40.748605,-73.86202,Queens
Taylor Playground,40.839001,-73.866293,Bronx
Oakland Gardens,40.753855,-73.759641,Queens
Alfred E. Smith Playground,40.710259,-73.997886,Manhattan
Bedford Playground,40.708355,-73.96383,Brooklyn
Carver Playground,40.680435,-73.920455,Brooklyn
St. John's Park,40.674155,-73.934589,Brooklyn
Ferry Point Park,40.820661,-73.825993,Bronx
Forest Park,40.698396,-73.858391,Queens
J. Hood Wright Park,40.845769,-73.940793,Manhattan
John V. Lindsay East River Park,40.717194,-73.974288,Manhattan
Lost Battalion Hall Recreation Center,40.731804,-73.865513,Queens
Pelham Bay Park,40.866412,-73.794146,Bronx
Slope Park Playground,40.661177,-73.989764,Brooklyn
Cunningham Park,40.735696,-73.770263,Queens
Prospect Park,40.665569,-73.971586,Brooklyn
Forest Park,40.698816,-73.857467,Queens
Alley Pond Park,40.758812,-73.753808,Queens
Ocean Breeze Park,40.583077,-74.075188,Staten Island
Macombs Dam Park,40.828292,-73.92788,Bronx
Soundview Park,40.817577,-73.878815,Bronx
Flushing Meadows Corona Park,40.751408,-73.833778,Queens
Emerald Playground,40.730842,-73.805953,Queens
Stockton Playground,40.69749,-73.948882,Brooklyn
Randall's Island Park,40.793955,-73.921164,Manhattan
Flushing Meadows Corona Park,40.746248,-73.850447,Queens
Alley Pond Park,40.741424,-73.739914,Queens
Willets Point Playground,40.783773,-73.796652,Queens
Lieutenant John H. Martinson Playground,40.537069,-74.162652,Staten Island
Riverside Park,40.803037,-73.970074,Manhattan
Highbridge Park,40.831624,-73.940161,Manhattan
Broad Channel Park,40.600794,-73.819743,Queens
Fort Totten Park,40.793049,-73.776753,Queens
Maria Hernandez Park,40.703207,-73.92359,Brooklyn
Forest Park,40.702706,-73.867186,Queens
Prospect Park,40.657283,-73.964002,Brooklyn
Delphin H. Greene Playground,40.684581,-73.728681,Queens
Canarsie Park,40.628802,-73.896209,Brooklyn
Morgan Playground,40.832282,-73.9074,Bronx
Bildersee Playground,40.63591,-73.912162,Brooklyn
Raymond Bush Playground,40.686601,-73.939146,Brooklyn
Union Square Park,40.735564,-73.990786,Manhattan
Flushing Meadows Corona Park,40.750338,-73.836694,Queens
Roy Wilkins Recreation Center,40.685761,-73.769994,Queens
Prospect Park,40.660772,-73.973859,Brooklyn
Galileo Playground,40.848634,-73.915673,Bronx
Kissena Corridor Park,40.749871,-73.822989,Queens
Jackie Robinson Park,40.824673,-73.942261,Manhattan
Joseph C. Sauer Park,40.728163,-73.979385,Manhattan
Maurice A FitzGerald Playground,40.690241,-73.839589,Queens
Battery Park City,40.704719,-74.017973,Manhattan
Bellaire Playground,40.721491,-73.757909,Queens
Marine Park,40.608258,-73.93618,Brooklyn
LaGuardia Landing Lights,40.76224,-73.890017,Queens
Powell Playground,40.67132,-73.904786,Brooklyn
McCarren Park,40.721771,-73.954973,Brooklyn
Commodore Barry Park,40.697852,-73.977727,Brooklyn
Gravesend Park,40.623441,-73.982913,Brooklyn
Cypress Hills Playground,40.670114,-73.871166,Brooklyn
Midland Playground,40.574852,-74.098375,Staten Island
Virginia Park,40.83356,-73.86171,Bronx
Tompkins Square Park,40.726641,-73.982543,Manhattan
Belmont Playground,40.850056,-73.888012,Bronx
Rosemary's Playground,40.704439,-73.904605,Queens
Coney Island Beach & Boardwalk,40.573911,-73.971589,Brooklyn
Flushing Meadows Corona Park,40.745493,-73.845951,Queens
Emerald Playground,40.731346,-73.806077,Queens
Bridge Park,40.848868,-73.925126,Bronx
Central Park,40.769104,-73.974625,Manhattan
Steeplechase Park,40.572852,-73.984106,Brooklyn
Crotona Park,40.836922,-73.894649,Bronx
McKinley Park,40.625205,-74.01763,Brooklyn
Brooklyn Botanic Garden,40.664806,-73.961898,Brooklyn
South Pacific Playground,40.675898,-73.920609,Brooklyn
Flushing Meadows Corona Park,40.732671,-73.837889,Queens
Riverside Park,40.783828,-73.986352,Manhattan
Hunter's Point South Park,40.739452,-73.962076,Queens
Frank Principe Park,40.728163,-73.905777,Queens
Wagner Houses Pool,40.801768,-73.933001,Manhattan
Thomas Jefferson Park,40.792325,-73.936122,Manhattan
Monsignor Crawford Field,40.614752,-73.915874,Brooklyn
Dyker Beach Park,40.604693,-74.020114,Brooklyn
Forest Park,40.707601,-73.851131,Queens
Penn Triangle,40.700677,-73.960889,Brooklyn
Bushwick Playground,40.701844,-73.939596,Brooklyn
Gilbert Ramirez Park,40.706009,-73.934573,Brooklyn
Vincent F. Albano Jr. Playground,40.741959,-73.978617,Manhattan
Ethan Allen Playground,40.655778,-73.886815,Brooklyn
Prospect Park,40.66124,-73.973568,Brooklyn
Playground 103 CIII,40.78726,-73.938938,Manhattan
Inwood Hill Park,40.874529,-73.920041,Manhattan
Prospect Park,40.671921,-73.970069,Brooklyn
McCarren Park,40.720588,-73.953821,Brooklyn
Kelly Park Playground,40.604315,-73.957095,Brooklyn
Carl Schurz Park,40.775702,-73.943903,Manhattan
Fort Tryon Park,40.859029,-73.934789,Manhattan
Francis Lewis Park,40.79646,-73.824775,Queens
Carmansville Playground,40.829172,-73.94433,Manhattan
General Hart Playground,40.748689,-73.89718,Queens
Coney Island Beach & Boardwalk,40.572186,-73.988172,Brooklyn
Bushwick Playground,40.701611,-73.939376,Brooklyn
St. Catherine's Park,40.765175,-73.958853,Manhattan
Manhattan Beach Park,40.576569,-73.945391,Brooklyn
Central Park,40.776161,-73.975488,Manhattan
St. Mary's Park,40.812653,-73.913481,Bronx
Dyker Beach Park,40.606373,-74.016927,Brooklyn
Coney Island Beach & Boardwalk,40.575402,-73.956068,Brooklyn
Grant Park,40.83782,-73.912335,Bronx
Pelham Bay Park,40.869484,-73.791144,Bronx
Rev Lena Irons Unity Park,40.830991,-73.906862,Bronx
Lindower Park,40.612402,-73.910983,Brooklyn
Mafera Park,40.707551,-73.891771,Queens
Hinton Park,40.756723,-73.855112,Queens
Kissena Corridor Park,40.744695,-73.787682,Queens
Riverside Park,40.793368,-73.977997,Manhattan
Wingate Park,40.658021,-73.943511,Brooklyn
Van Dyke Playground,40.664246,-73.903823,Brooklyn
Rockaway Beach Boardwalk,40.58328,-73.815341,Queens
Parade Ground,40.648963,-73.969907,Brooklyn
Wolfe's Pond Park,40.517379,-74.190986,Staten Island
Lyons Pool,40.637536,-74.074754,Staten Island
Wakefield Playground,40.902272,-73.853916,Bronx
Evergreen Playground,40.686218,-73.910856,Brooklyn
Van Cortlandt Park,40.890609,-73.897479,Bronx
Central Park,40.797062,-73.951457,Manhattan
Rockaway Beach,40.577941,-73.835231,Queens
Prospect Park,40.665364,-73.965469,Brooklyn
Prospect Park,40.652232,-73.971868,Brooklyn
Harris Park,40.875751,-73.893474,Bronx
Tudor Park,40.673695,-73.855534,Queens
Seward Park,40.714542,-73.989797,Manhattan
Castlewood Playground,40.749715,-73.720855,Queens
Hendrick I. Lott House,40.610593,-73.932504,Brooklyn
Marx Brothers Playground,40.784388,-73.946298,Manhattan
Thomas Paine Park,40.714829,-74.002704,Manhattan
Williamsbridge Oval,40.877696,-73.877967,Bronx
Colonel David Marcus Playground,40.610018,-73.969023,Brooklyn
Inwood Hill Park,40.871093,-73.921646,Manhattan
Cambria Playground,40.68948,-73.743175,Queens
Marcus Garvey Park,40.803413,-73.942679,Manhattan
Centreville Playground,40.670493,-73.83928,Queens
Mother Cabrini Park,40.684325,-74.005118,Brooklyn
Flushing Meadows Corona Park,40.743106,-73.848905,Queens
Hunts Point Riverside Park,40.817842,-73.881552,Bronx
Juniper Valley Park,40.720995,-73.880513,Queens
Chelsea Park,40.749839,-74.00109,Manhattan
Prospect Park,40.663396,-73.977091,Brooklyn
Queens Valley Playground,40.721778,-73.823857,Queens
Abigail Playground,40.817311,-73.904718,Bronx
Flushing Fields,40.774274,-73.817309,Queens
Grove Hill Playground,40.819833,-73.908885,Bronx
Sunset Park,40.647572,-74.004537,Brooklyn
Sara D. Roosevelt Park,40.722536,-73.990968,Manhattan
St. James Park,40.865488,-73.898379,Bronx
Von Briesen Park,40.607076,-74.060425,Staten Island
Mathews-Palmer Playground,40.761207,-73.992943,Manhattan
Cherry Clinton Playground,40.7114,-73.986474,Manhattan
Franklin D. Roosevelt Boardwalk and Beach,40.579648,-74.076109,Staten Island
Blue Heron Park,40.530889,-74.177809,Staten Island
Herman Dolgon Playground,40.598005,-73.940532,Brooklyn
Tappen Park,40.626798,-74.076633,Staten Island
Crotona Park,40.837264,-73.894588,Bronx
Marine Park,40.603871,-73.934204,Brooklyn
Faber Pool and Park,40.641057,-74.135743,Staten Island
McLaughlin Park,40.696615,-73.986311,Brooklyn
Haffen Park,40.873469,-73.839276,Bronx
Washington Square Park,40.730316,-73.997656,Manhattan
Mathews-Palmer Playground,40.761372,-73.99257,Manhattan
Rufus King Park,40.703881,-73.804844,Queens
Booker T. Washington Playground,40.800948,-73.963282,Manhattan
Manhattan Beach Park,40.576757,-73.942974,Brooklyn
Silver Lake Park,40.628076,-74.098967,Staten Island
Brooklyn Bridge Park,40.692269,-74.000954,Brooklyn
Calvert Vaux Park,40.586013,-73.992727,Brooklyn
Beach 17 Playground,40.594793,-73.74756,Queens
Central Park,40.777294,-73.963933,Manhattan
Veterans Grove,40.742755,-73.877592,Queens
Jackie Robinson Park,40.827887,-73.939809,Manhattan
Conference House Park,40.502286,-74.251743,Staten Island
Kissena Park,40.745865,-73.810891,Queens
St. Mary's Park,40.811468,-73.914103,Bronx
Sara D. Roosevelt Park,40.716719,-73.994081,Manhattan
Heckscher Playground,40.695005,-73.918284,Brooklyn
Rockaway Beach and Boardwalk,40.591437,-73.775203,Queens
Aqueduct Walk,40.851088,-73.914435,Bronx
Continental Army Plaza,40.710757,-73.960362,Brooklyn
Flushing Meadows Corona Park,40.749511,-73.83628,Queens
Harris Park,40.875241,-73.892568,Bronx
Baisley Pond Park,40.676987,-73.786577,Queens
Parade Ground,40.651089,-73.968444,Brooklyn
Tompkins Square Park,40.726435,-73.980843,Manhattan
Happy Warrior Playground,40.795292,-73.968852,Manhattan
Playground Ninety,40.757446,-73.878422,Queens
De Witt Clinton Park,40.768485,-73.994233,Manhattan
Christopher J. Igneri Playground,40.608732,-74.119429,Staten Island
Challenge Playground,40.756343,-73.72809,Queens
Flushing Meadows Corona Park,40.741916,-73.849525,Queens
Bush Terminal Park,40.653359,-74.019562,Brooklyn
Hart Playground,40.774057,-73.819403,Queens
Manhattan Beach Park,40.576762,-73.942941,Brooklyn
Alexander's Alley,40.811543,-73.923197,Bronx
Asser Levy Playground,40.736143,-73.975668,Manhattan
Bloomingdale Playground,40.799227,-73.966378,Manhattan
Seton Park,40.885764,-73.916979,Bronx
Bennett Park,40.853029,-73.937866,Manhattan
Crotona Park,40.840503,-73.897757,Bronx
Haffen Park,40.874323,-73.838761,Bronx
North Shore Esplanade,40.648211,-74.083839,Staten Island
Van Cortlandt Park,40.891078,-73.892606,Bronx
Frederick B. Judge Playground,40.683942,-73.808617,Queens
Hollis Playground,40.706445,-73.753151,Queens
Printers Park,40.82404,-73.89074,Bronx
Police Officer Edward Byrne Park,40.667369,-73.809193,Queens
A.R.R.O.W. Field House,40.755877,-73.926402,Queens
John Hancock Playground,40.682272,-73.95479,Brooklyn
Franklin D. Roosevelt Boardwalk and Beach,40.578459,-74.076961,Staten Island
Marine Park,40.58947,-73.921023,Brooklyn
Central Park,40.780872,-73.9616,Manhattan
Beach 9 Playground,40.595138,-73.746083,Queens
Kissena Park,40.746621,-73.812838,Queens
Frederick Johnson Playground,40.824469,-73.934693,Manhattan
Brevoort Playground,40.680645,-73.922696,Brooklyn
P.O. Serrano Playground,40.823573,-73.850469,Bronx
Coney Island Beach & Boardwalk,40.572907,-73.981214,Brooklyn
Crotona Park,40.835287,-73.896309,Bronx
Van Alst Playground,40.770607,-73.928078,Queens
Pelham Bay Park,40.848881,-73.82223,Bronx
Grover Cleveland Playground,40.711012,-73.911403,Queens
Central Park,40.766073,-73.973511,Manhattan
Central Park,40.7973,-73.9591,Manhattan
Bush Terminal Park,40.65239,-74.020093,Brooklyn
NYC AIDS Memorial Park at St. Vincent’s Triangle,40.737343,-74.001226,Manhattan
Lyons Pool,40.637536,-74.074754,Staten Island
Russell Pedersen Playground,40.626133,-74.036432,Brooklyn
Mellett Playground,40.597205,-73.957375,Brooklyn
The Battery,40.703954,-74.014715,Manhattan
Percy E. Sutton Playground,40.825302,-73.934843,Manhattan
Helen Marshall Playground,40.765606,-73.871445,Queens
Williamsbridge Oval,40.878018,-73.875931,Bronx
Fermi Playground,40.700775,-73.928026,Brooklyn
Brooklyn Botanic Garden,40.66722,-73.964318,Brooklyn
Hoffman Park,40.733088,-73.872357,Queens
City Hall Park,40.712831,-74.005154,Manhattan
Al Quiñones Playground,40.81498,-73.902024,Bronx
Langston Hughes Playground,40.812238,-73.946983,Manhattan
Red Hook Recreation Area,40.673369,-74.003785,Brooklyn
Marine Park,40.600357,-73.914213,Brooklyn
St. Vartan Park,40.744946,-73.973257,Manhattan
Sunset Park,40.646921,-74.002121,Brooklyn
Friends Field,40.617932,-73.973001,Brooklyn
Sol Lain Plgd,40.714308,-73.983608,Manhattan
Arsenal West,40.769783,-73.98292,Manhattan
Highland Park,40.683911,-73.885969,Queens
London Planetree Playground,40.686436,-73.853533,Queens
Playground Eighty LXXX,40.744791,-73.709519,Queens
Astoria Park,40.778958,-73.921957,Queens
Breukelen Ballfields,40.653682,-73.893998,Brooklyn
John Paul Jones Park,40.61089,-74.032901,Brooklyn
Sohncke Square,40.745505,-73.906189,Queens
Seaside Playground,40.580923,-73.830748,Queens
Rockaway Beach Boardwalk,40.582963,-73.817548,Queens
Astoria Park,40.778336,-73.922723,Queens
John V. Lindsay East River Park,40.719685,-73.974398,Manhattan
Ferry Point Park,40.815079,-73.837958,Bronx
Charlie's Place,40.699334,-73.946393,Brooklyn
Blue Playground,40.711007,-73.955045,Brooklyn
Alley Athletic Playground,40.739517,-73.736077,Queens
Merriam Playground,40.838939,-73.926411,Bronx
Paerdegat Park,40.637034,-73.938139,Brooklyn
Walker Park,40.643717,-74.108828,Staten Island
Highbridge Park,40.841523,-73.935289,Manhattan
Harold Schneiderman Playground,40.664649,-73.850639,Queens
Goble Playground,40.843714,-73.917302,Bronx
Forest Park,40.700822,-73.858115,Queens
Ogden Plimpton Playground,40.84179,-73.923774,Bronx
Central Park,40.79122,-73.959944,Manhattan
Seeley Park,40.653439,-73.978038,Brooklyn
Bartlett Playground,40.700835,-73.945952,Brooklyn
Betsy Head Park,40.662372,-73.912861,Brooklyn
The Painter's Playground,40.720724,-73.859571,Queens
Corona Golf Playground,40.747441,-73.85455,Queens
Forest Park,40.697399,-73.856648,Queens
West Harlem Piers,40.818557,-73.961329,Manhattan
Manhattan Beach Park,40.577257,-73.94674,Brooklyn
Martin Luther King Jr. Playground,40.667366,-73.89024,Brooklyn
Dry Dock Playground,40.725616,-73.975319,Manhattan
Fort Totten Park,40.792228,-73.779669,Queens
Dimattina Playground,40.679645,-74.003062,Brooklyn
Walter Gladwin Park,40.844333,-73.894715,Bronx
High Rock Park,40.58262,-74.123029,Staten Island
Brookfield Park,40.561886,-74.160949,Staten Island
Eleanor Roosevelt Playground,40.692709,-73.935822,Brooklyn
Soundview Park,40.818507,-73.877352,Bronx
Catharine Turner Richardson Park,40.768275,-73.74714,Queens
Alfred E. Smith Playground,40.710185,-73.997636,Manhattan
Eastchester Playground,40.869809,-73.852607,Bronx
Breininger Park,40.725626,-73.729035,Queens
Central Park,40.782216,-73.968238,Manhattan
Frank Principe Park,40.727505,-73.905948,Queens
Margaret I. Carman Green - Weeping Beech,40.763459,-73.824804,Queens
Coney Island Beach & Boardwalk,40.574001,-73.971478,Brooklyn
Lemon Creek Park,40.511048,-74.210042,Staten Island
Rose Hill Park,40.86207,-73.890356,Bronx
Bronx Park,40.851641,-73.870238,Bronx
Poppenhusen Playground,40.78116,-73.844416,Queens
Central Park,40.784734,-73.967261,Manhattan
J. Hood Wright Park,40.846444,-73.940763,Manhattan
Grand Playground,40.855985,-73.907378,Bronx
Whole Foods PAA,40.675031,-73.990218,Brooklyn
Bayview Playground,40.634776,-73.887415,Brooklyn
Crispus Attucks Playground,40.681624,-73.959027,Brooklyn
Alley Pond Park,40.741878,-73.74721,Queens
Estella Diggs Park,40.828854,-73.905873,Bronx
St. Mary's Park,40.811468,-73.914103,Bronx
Metropolitan Recreation Center,40.715012,-73.960317,Brooklyn
Randall's Island Park,40.799257,-73.923266,Manhattan
Fort Tryon Park,40.865206,-73.929432,Manhattan
Bill Rainey Park,40.819598,-73.897006,Bronx
Park Slope Playground,40.676769,-73.978534,Brooklyn
Sakura Park,40.813517,-73.962004,Manhattan
Pelham Bay Park,40.864791,-73.794672,Bronx
Brownsville Playground,40.656495,-73.902484,Brooklyn
Central Park,40.791096,-73.959969,Manhattan
Flushing Meadows Corona Park,40.745571,-73.84431,Queens
Flushing Meadows Corona Park,40.760747,-73.856267,Queens
Cunningham Park,40.729756,-73.776769,Queens
Linnaeus Park,40.753865,-73.751401,Queens
The Battery,40.702604,-74.015968,Manhattan
College Point Park,40.785929,-73.845903,Queens
Linden Park,40.65929,-73.886281,Brooklyn
Morningside Park,40.803001,-73.958779,Manhattan
Belmont Playground,40.849919,-73.887259,Bronx
Linwood Playground,40.666216,-73.880377,Brooklyn
Joyce Kilmer Park,40.829559,-73.921661,Bronx
Midland Field,40.576707,-74.098986,Staten Island
Williamsbridge Oval,40.876656,-73.878571,Bronx
Lincoln Terrace / Arthur S. Somers Park,40.666657,-73.925553,Brooklyn
Highland Park,40.683994,-73.8881,Queens
Washington Skate Park,40.672929,-73.985855,Brooklyn
Sgt. William Dougherty Playground,40.723562,-73.936952,Brooklyn
Van Cortlandt Park,40.903526,-73.894766,Bronx
Randall's Island Park,40.79288,-73.924708,Manhattan
River Avenue Parks,40.825486,-73.926874,Bronx
Chester Playground,40.66899,-73.911925,Brooklyn
Flushing Meadows Corona Park,40.74353,-73.842346,Queens
Rockaway Beach and Boardwalk,40.589048,-73.788518,Queens
Corporal John A. Seravalli Playground,40.738941,-74.004627,Manhattan
Central Park,40.772086,-73.967714,Manhattan
Parade Ground,40.650486,-73.967314,Brooklyn
Torsney Playground,40.74726,-73.921765,Queens
Crocheron Park,40.770072,-73.770251,Queens
Central Park,40.769139,-73.973832,Manhattan
Baisley Pond Park,40.668991,-73.788025,Queens
Locust Manor Playground,40.686114,-73.755882,Queens
Pelham Bay Park,40.868587,-73.792601,Bronx
Bridge Park 3,40.700451,-73.984873,Brooklyn
Marie Curie Playground,40.757085,-73.771578,Queens
Big Bush Playground,40.739216,-73.902389,Queens
Prospect Park,40.662459,-73.965426,Brooklyn
Coney Island Boat Basin,40.58309,-73.990174,Brooklyn
Travers Park,40.754216,-73.889294,Queens
De Witt Clinton Park,40.768096,-73.993248,Manhattan
Shore Park and Parkway,40.632001,-74.038635,Brooklyn
Daniel M. O'Connell Playground,40.700046,-73.758113,Queens
Vesuvio Playground,40.725569,-74.00244,Manhattan
WNYC Transmitter Park,40.730101,-73.960635,Brooklyn
Adam Yauch Park,40.691703,-73.998694,Brooklyn
Albert J. Parham Playground,40.69057,-73.970791,Brooklyn
Beach 30th Street Playground,40.591887,-73.763666,Queens
Columbus Park,40.715755,-74.000245,Manhattan
Canarsie Park,40.628961,-73.895972,Brooklyn
Little Bay Park,40.788561,-73.791389,Queens
Rockaway Beach and Boardwalk,40.592597,-73.753536,Queens
Westerleigh Park,40.619843,-74.134663,Staten Island
Washington Park,40.673541,-73.985708,Brooklyn
Riverside Park,40.793368,-73.977997,Manhattan
Cunningham Park,40.739335,-73.765314,Queens
Markham Playground,40.62415,-74.14578,Staten Island
Wards Island Park,40.782306,-73.925864,Manhattan
Bronx Park,40.869247,-73.876506,Bronx
Randall's Island Park,40.799292,-73.923588,Manhattan
Winthrop Playground,40.656507,-73.954759,Brooklyn
Whitey Ford Field,40.77723,-73.935117,Queens
Linden Park,40.658242,-73.887302,Brooklyn
John V. Lindsay East River Park,40.724191,-73.972897,Manhattan
Playground Seventy Five,40.726334,-73.80837,Queens
Conch Playground,40.59608,-73.781167,Queens
Pelham Bay Park,40.851077,-73.819883,Bronx
Msgr. McGolrick Park,40.725277,-73.943359,Brooklyn
Dr. Green Playground,40.666935,-73.906643,Brooklyn
Idlewild Park,40.657091,-73.759344,Queens
East River Waterfront Esplanade,40.704837,-74.005052,Manhattan
Sixteen Sycamores Playground,40.68674,-73.980706,Brooklyn
Flushing Meadows Corona Park,40.751368,-73.848349,Queens
Flushing Meadows Corona Park,40.747649,-73.847029,Queens
Loreto Playground,40.8486,-73.85193,Bronx
Hamilton Fish Park,40.720242,-73.981157,Manhattan
Drew Playground,40.833156,-73.903293,Bronx
Washington Park,40.855815,-73.893617,Bronx
Clove Lakes Park,40.618252,-74.1071,Staten Island
Central Park,40.796601,-73.954048,Manhattan
Half-Nelson Playground,40.846766,-73.919245,Bronx
Central Park,40.791608,-73.95552,Manhattan
Surf Playground,40.573637,-73.992657,Brooklyn
Kissena Corridor Park,40.748916,-73.822226,Queens
Lincoln Terrace / Arthur S. Somers Park,40.66628,-73.928116,Brooklyn
Wayanda Park,40.710691,-73.739669,Queens
Prospect Park,40.661604,-73.967964,Brooklyn
Pelham Bay Park,40.864497,-73.79472,Bronx
Cobble Hill Park,40.688318,-73.996455,Brooklyn
McGuire Fields,40.619412,-73.900159,Brooklyn
John Jay Park,40.769538,-73.949318,Manhattan
Franklin D. Roosevelt Boardwalk and Beach,40.573287,-74.084519,Staten Island
Juniper Valley Park,40.720957,-73.877558,Queens
Red Hook Recreation Area,40.672414,-74.006848,Brooklyn
Flushing Meadows Corona Park,40.744803,-73.838756,Queens
Harry Chapin Playground,40.700561,-73.995147,Brooklyn
Latimer Playground,40.696326,-73.786558,Queens
Newport Playground,40.660949,-73.90687,Brooklyn
Clove Lakes Park,40.617949,-74.105597,Staten Island
Francis Lewis Park,40.795896,-73.825202,Queens
Bushwick Playground,40.70169,-73.939244,Brooklyn
Rochdale Park,40.674113,-73.774417,Queens
Jackie Robinson Park Playground,40.680142,-73.927685,Brooklyn
Marine Park,40.596826,-73.928461,Brooklyn
Bellevue South Park,40.740252,-73.978054,Manhattan
McLaughlin Park,40.696351,-73.986626,Brooklyn
Astoria Heights Playground,40.760083,-73.911922,Queens
John V. Lindsay East River Park,40.714418,-73.976107,Manhattan
Columbus Park,40.714191,-73.999755,Manhattan
Rev. T. Wendell Foster Park and Recreation Center,40.831631,-73.92409,Bronx
James Weldon Johnson Playground,40.796976,-73.941898,Manhattan
Babi Yar Triangle,40.579383,-73.954522,Brooklyn
Central Park,40.768968,-73.974415,Manhattan
Fermi Playground,40.700332,-73.928612,Brooklyn
Captain William Harry Thompson Playground,40.834512,-73.877807,Bronx
People's Park,40.809433,-73.917027,Bronx
Crotona Park,40.840033,-73.895347,Bronx
Beach 17 Playground,40.594864,-73.750826,Queens
Friends Field,40.618819,-73.972678,Brooklyn
Sgt. William Dougherty Playground,40.723852,-73.936286,Brooklyn
Lt. Wm. Tighe Triangle,40.865846,-73.92812,Manhattan
Slattery Playground,40.857332,-73.898288,Bronx
Williamsbridge Oval,40.876592,-73.877927,Bronx
Calvert Vaux Park,40.587787,-73.990256,Brooklyn
Murray Playground,40.74697,-73.948196,Queens
East Flatbush Children's Playground,40.663298,-73.926913,Brooklyn
Central Park,40.768413,-73.981071,Manhattan
Kissena Park,40.742311,-73.808407,Queens
Sidney Hillman Playground,40.715267,-73.979748,Manhattan
St. Nicholas Park,40.815938,-73.948858,Manhattan
Flushing Meadows Corona Park,40.744784,-73.83876,Queens
White Playground,40.791823,-73.945668,Manhattan
Prospect Park,40.665366,-73.974551,Brooklyn
Prospect Park,40.655225,-73.971919,Brooklyn
Harding Park,40.810173,-73.856874,Bronx
Park,40.650934,-73.973986,Brooklyn
Grace Playground,40.671602,-73.894563,Brooklyn
Coney Island Beach & Boardwalk,40.575053,-73.959352,Brooklyn
Van Cortlandt Park,40.89713,-73.894854,Bronx
Corona Golf Playground,40.747629,-73.854756,Queens
P.S. 279 Playground,40.644547,-73.893291,Brooklyn
Highland Park,40.685184,-73.883491,Queens
Emerald Playground,40.730771,-73.806067,Queens
Juniper Valley Park,40.719779,-73.882585,Queens
Marble Hill Playground,40.877719,-73.907849,Bronx
Central Park,40.797993,-73.952468,Manhattan
Gen. Douglas MacArthur Park,40.586016,-74.100615,Staten Island
Queensbridge Park,40.757232,-73.948109,Queens
Carl Schurz Park,40.775721,-73.943018,Manhattan
Pelham Bay Park,40.858103,-73.802073,Bronx
St. John's Park,40.673691,-73.933902,Brooklyn
Fordham Landing Playground,40.863205,-73.910673,Bronx
Coney Island Beach & Boardwalk,40.572653,-73.983349,Brooklyn
Merriam Playground,40.84066,-73.926693,Bronx
Beach 9 Playground,40.595477,-73.744598,Queens
Walter Gladwin Park,40.846016,-73.893923,Bronx
Dyker Beach Park,40.607088,-74.020738,Brooklyn
Breukelen Ballfields,40.650485,-73.891482,Brooklyn
Marcus Garvey Park,40.804984,-73.94486,Manhattan
Prospect Park,40.659894,-73.964445,Brooklyn
Owl's Head Park,40.640524,-74.030157,Brooklyn
Tappen Park,40.62688,-74.077327,Staten Island
Franklin D. Roosevelt Boardwalk and Beach,40.574144,-74.084174,Staten Island
John V. Lindsay East River Park,40.719499,-73.973379,Manhattan
Flushing Meadows Corona Park,40.740749,-73.849053,Queens
John V. Lindsay East River Park,40.712816,-73.97701,Manhattan
Cunningham Park,40.730032,-73.772563,Queens
Bill Brown Playground,40.59217,-73.945965,Brooklyn
Silver Lake Park,40.628109,-74.099418,Staten Island
Chelsea Recreation Center,40.748296,-74.002219,Manhattan
Frederick Douglass Playground,40.796993,-73.967735,Manhattan
Central Park,40.782508,-73.96452,Manhattan
Golconda Playground,40.697703,-73.982864,Brooklyn
Madison Square Park,40.742611,-73.987421,Manhattan
Police Officer John G. Scarangella Park,40.594944,-73.984633,Brooklyn
Hermon A. MacNeil Park,40.791889,-73.851213,Queens
Harlem River Park,40.807333,-73.934562,Manhattan
Calvert Vaux Park,40.58781,-73.990517,Brooklyn
Schmul Park,40.589407,-74.186531,Staten Island
The Painter's Playground,40.720436,-73.859785,Queens
Rufus King Park,40.704213,-73.803545,Queens
Ten Eyck Playground,40.709018,-73.938873,Brooklyn
Millbrook Playground,40.804378,-73.917051,Bronx
Hansborough Recreation Center,40.812834,-73.939331,Manhattan
Franklin D. Roosevelt Boardwalk and Beach,40.567665,-74.091465,Staten Island
McCarren Park,40.721279,-73.952891,Brooklyn
Frank D. O'Connor Playground,40.744389,-73.886629,Queens
Astoria Park,40.778529,-73.922167,Queens
Central Park,40.784189,-73.966045,Manhattan
Sheltering Arms Playground,40.815133,-73.955551,Manhattan
Lt. Lia Playground,40.643584,-74.080029,Staten Island
Rockaway Beach Boardwalk,40.584641,-73.810846,Queens
Chester Playground,40.668622,-73.911853,Brooklyn
Kelly Park Playground,40.603808,-73.95751,Brooklyn
Central Park,40.794236,-73.952595,Manhattan
Dunbar Playground,40.823028,-73.906034,Bronx
Cunningham Park,40.735727,-73.770051,Queens
Vinmont Veteran Park,40.902834,-73.904068,Bronx
Agnes Haywood Playground,40.880443,-73.861715,Bronx
Flushing Meadows Corona Park,40.747097,-73.836483,Queens
Frederick Johnson Playground,40.824787,-73.935499,Manhattan
Louis Armstrong Community Center,40.757223,-73.861253,Queens
Highbridge Park,40.857756,-73.924606,Manhattan
L/CPL Thomas P. Noonan Jr. Playground,40.741163,-73.922365,Queens
Pelham Bay Park,40.85171,-73.824703,Bronx
Wagner Playground,40.799804,-73.934273,Manhattan
Pelham Bay Park,40.869246,-73.791212,Bronx
St. John's Park,40.673861,-73.934891,Brooklyn
Central Park,40.7841,-73.968174,Manhattan
Washington Hall Park,40.695147,-73.966479,Brooklyn
John V. Lindsay East River Park,40.723138,-73.973479,Manhattan
Old Town Playground,40.594492,-74.080877,Staten Island
Railroad Playground,40.649979,-73.914774,Brooklyn
Stockton Playground,40.697223,-73.948814,Brooklyn
Forest Park,40.709751,-73.836359,Queens
Franklin D. Roosevelt Boardwalk and Beach,40.574093,-74.083069,Staten Island
Wards Island Park,40.789084,-73.927264,Manhattan
Harry Maze Playground,40.643282,-73.923215,Brooklyn
Lyons Square Playground,40.822618,-73.888303,Bronx
Glenwood Playground,40.636894,-73.919434,Brooklyn
Gerard P. Dugan Playground,40.56157,-74.111508,Staten Island
Parade Ground,40.651895,-73.966427,Brooklyn
Galapo Playground,40.597872,-73.946933,Brooklyn
Playground Sixty Two LXII,40.736211,-73.852955,Queens
Bronx Park,40.858408,-73.87168,Bronx
Central Park,40.797062,-73.951457,Manhattan
Pelham Bay Park,40.870338,-73.786292,Bronx
North Pacific Playground,40.68527,-73.982218,Brooklyn
Theodore Roosevelt Park,40.782135,-73.973854,Manhattan
Astoria Park,40.778043,-73.922481,Queens
Manhattan Beach Park,40.575938,-73.946366,Brooklyn
McGuire Fields,40.617795,-73.898623,Brooklyn
Marion Hopkinson Playground,40.68174,-73.913856,Brooklyn
Spuyten Duyvil Playground,40.887111,-73.916248,Bronx
Dome Playground,40.638419,-73.980463,Brooklyn
Sumner Playground,40.697019,-73.942838,Brooklyn
St. Mary's Park,40.810344,-73.91031,Bronx
Concrete Plant Park,40.824286,-73.885263,Bronx
John V. Lindsay East River Park,40.710892,-73.977901,Manhattan
Wolfe's Pond Park,40.51934,-74.186468,Staten Island
Flushing Meadows Corona Park,40.744143,-73.845202,Queens
James J Walker Park,40.729927,-74.006106,Manhattan
Thorpe Family Playground,40.856171,-73.894839,Bronx
Little Bay Park,40.787891,-73.792789,Queens
Brizzi Playground,40.642316,-73.994629,Brooklyn
Squibb Park,40.70094,-73.995341,Brooklyn
Benson Playground,40.60251,-74.002365,Brooklyn
Coney Island Beach & Boardwalk,40.571436,-73.994562,Brooklyn
Brownsville Playground,40.656223,-73.902784,Brooklyn
Van Cortlandt Park,40.890315,-73.896556,Bronx
Thomas Greene Playground,40.680511,-73.98552,Brooklyn
Cunningham Park,40.729215,-73.773276,Queens
Flushing Meadows Corona Park,40.747661,-73.846961,Queens
Underwood Park,40.688762,-73.966339,Brooklyn
Mosholu Parkway,40.868559,-73.88042,Bronx
"Phil ""Scooter"" Rizzuto Park",40.695133,-73.820909,Queens
Louis Pasteur Park,40.761804,-73.735477,Queens
Rev. T. Wendell Foster Park and Recreation Center,40.831631,-73.924034,Bronx
Central Park,40.764838,-73.973665,Manhattan
Sutton Parks,40.754991,-73.962427,Manhattan
Co-op City Field,40.875688,-73.824078,Bronx
Randall's Island Park,40.795486,-73.914437,Manhattan
Randall's Island Park,40.79288,-73.924708,Manhattan
Fort Tryon Park,40.85866,-73.934751,Manhattan
Washington's Walk,40.871461,-73.898007,Bronx
Russell Sage Playground,40.724206,-73.851658,Queens
Sherman Creek,40.861452,-73.917788,Manhattan
Bronx Park,40.847141,-73.870393,Bronx
Midland Field,40.5762,-74.0975,Staten Island
Lost Battalion Hall Recreation Center,40.731803,-73.865512,Queens
John J Carty Park,40.61182,-74.031652,Brooklyn
Flushing Meadows Corona Park,40.751758,-73.843544,Queens
Stuyvesant Square,40.734401,-73.984274,Manhattan
Electric Playground,40.735726,-73.805243,Queens
Central Park,40.774575,-73.975397,Manhattan
Central Park,40.767631,-73.971305,Manhattan
Shore Park and Parkway,40.622303,-74.040421,Brooklyn
P.O. Reinaldo Salgado Playground,40.687929,-73.925567,Brooklyn
Washington Park,40.673004,-73.984179,Brooklyn
Ranaqua Playground,40.806706,-73.922221,Bronx
Ferry Point Park,40.812083,-73.838622,Bronx
Schiff Mall,40.718997,-73.990402,Manhattan
Fort Washington Park,40.842066,-73.946724,Manhattan
Asser Levy Playground,40.736143,-73.975668,Manhattan
Bronx Park,40.860413,-73.871456,Bronx
Central Park,40.781269,-73.968023,Manhattan
Baisley Pond Park,40.677645,-73.782273,Queens
Fort Greene Park,40.692223,-73.974731,Brooklyn
Bayswater Park,40.600314,-73.769178,Queens
Fisher Pool,40.758451,-73.869459,Queens
Mathews-Palmer Playground,40.761246,-73.992915,Manhattan
Parade Ground,40.649768,-73.971025,Brooklyn
Maria Hernandez Park,40.703844,-73.923127,Brooklyn
Betsy Head Park,40.663381,-73.913142,Brooklyn
Brooklyn Heights Promenade,40.699688,-73.996176,Brooklyn
Hamilton Fish Park,40.71998,-73.981456,Manhattan
Marine Park,40.608555,-73.935982,Brooklyn
Cunningham Park,40.736981,-73.772887,Queens
Rienzi Playground,40.887583,-73.858959,Bronx
Barrier Playground,40.736175,-73.854727,Queens
Farm Playground,40.736255,-73.777463,Queens
Hammel Playground,40.588136,-73.809416,Queens
Randall's Island Park,40.799373,-73.923379,Manhattan
Alley Pond Park,40.741924,-73.748723,Queens
Thomas Boyland Park,40.682019,-73.907489,Brooklyn
Colden Playground,40.770124,-73.82698,Queens
Shorehaven,40.807256,-73.849306,Bronx
Carroll Park,40.681387,-73.996154,Brooklyn
Kissena Park,40.749235,-73.80406,Queens
Sutter Ballfields,40.671558,-73.887322,Brooklyn
Fort Tryon Park,40.865037,-73.929369,Manhattan
Star Spangled Playground,40.692062,-73.958246,Brooklyn
Morningside Park,40.80978,-73.955607,Manhattan
Colucci Playground,40.852196,-73.835188,Bronx
Gun Hill Playground,40.874756,-73.865401,Bronx
Randall's Island Park,40.800497,-73.923946,Manhattan
Richman (Echo) Park,40.849462,-73.902101,Bronx
Watson Gleason Playground,40.829075,-73.868995,Bronx
Bushwick Inlet Park,40.721511,-73.960821,Brooklyn
Willowbrook Park,40.606924,-74.154895,Staten Island
Cardozo Playground,40.593821,-73.786629,Queens
Rockaway Garage,40.592171,-73.802989,Queens
Flushing Meadows Corona Park,40.751336,-73.849373,Queens
High Rock Park,40.582828,-74.12197,Staten Island
Burns Playground,40.862809,-73.836662,Bronx
Saratoga Park,40.6847,-73.919542,Brooklyn
Chelsea Recreation Center,40.748296,-74.002219,Manhattan
Wright Brothers Playground,40.831656,-73.94157,Manhattan
Crocheron Park,40.772511,-73.765219,Queens
Beach 9 Playground,40.595647,-73.744529,Queens
Thomas Greene Playground,40.680229,-73.985593,Brooklyn
The High Line,40.748153,-74.00451,Manhattan
Van Cortlandt Park,40.89995,-73.87234,Bronx
East Springfield Playground,40.698671,-73.739981,Queens
East River Waterfront Esplanade,40.709725,-73.991521,Manhattan
Horseshoe Playground,40.824017,-73.897676,Bronx
Fort Washington Park,40.841104,-73.947483,Manhattan
Cadman Plaza Park,40.697273,-73.99114,Brooklyn
McKinley Park,40.625557,-74.017209,Brooklyn
Gwirtzman Triangle,40.575583,-73.862692,Queens
Flushing Meadows Corona Park,40.746354,-73.838522,Queens
Thomas Jefferson Park,40.793694,-73.935145,Manhattan
Queensbridge Park,40.756249,-73.949394,Queens
Isham Park,40.869176,-73.919821,Manhattan
John Allen Payne Playground,40.640142,-74.024109,Brooklyn
Silver Lake Park,40.624936,-74.095522,Staten Island
Clove Lakes Park,40.616508,-74.105629,Staten Island
Captain Rivera Playground,40.818163,-73.906967,Bronx
Flushing Meadows Corona Park,40.729711,-73.835037,Queens
Greenwood Playground,40.650794,-73.976597,Brooklyn
Leif Ericson Park,40.634876,-74.01828,Brooklyn
Flushing Meadows Corona Park,40.76408,-73.8608,Queens
Hinton Park,40.755342,-73.854513,Queens
Central Park,40.771808,-73.969694,Manhattan
Forest Park,40.710769,-73.835496,Queens
Juniper Valley Park,40.718749,-73.884556,Queens
Andrew Haswell Green Park,40.759342,-73.957751,Manhattan
Hawkins Park,40.846606,-73.78652,Bronx
Bronx River Parkway,40.828018,-73.874002,Bronx
St. James Park,40.86455,-73.89902,Bronx
Brooklyn Bridge Park,40.693704,-74.002795,Brooklyn
Central Park,40.768431,-73.977655,Manhattan
Mount Eden Malls,40.842892,-73.909793,Bronx
Jennie Jerome Playground,40.845653,-73.913413,Bronx
Pelham Bay Park,40.848427,-73.825105,Bronx
Freshkills Park,40.592577,-74.163757,Staten Island
Bloomingdale Park,40.533181,-74.210317,Staten Island
Coney Island Beach & Boardwalk,40.575289,-73.958529,Brooklyn
Vesuvio Playground,40.725256,-74.002487,Manhattan
Sutter Ballfields,40.670644,-73.887558,Brooklyn
Prospect Park,40.666899,-73.973706,Brooklyn
Battery Park City,40.71572,-74.0146,Manhattan
Riverside Park,40.797023,-73.974985,Manhattan
Macombs Dam Park,40.82824,-73.929648,Bronx
Mount Hope Playground,40.850159,-73.909463,Bronx
Kosciuszko Pool,40.691293,-73.948752,Brooklyn
Fort Totten Park,40.792228,-73.779669,Queens
Pratt Playground,40.692489,-73.962679,Brooklyn
Washington Market Park,40.717227,-74.012169,Manhattan
Almeda Playground,40.593304,-73.794502,Queens
Gravesend Park,40.622963,-73.98399,Brooklyn
Prospect Park,40.663586,-73.973349,Brooklyn
Canarsie Park,40.630975,-73.892682,Brooklyn
Arsenal West,40.769783,-73.98292,Manhattan
Central Park,40.781951,-73.971202,Manhattan
Seth Low Playground/ Bealin Square,40.60856,-73.986404,Brooklyn
Saratoga Park,40.685222,-73.918008,Brooklyn
Utopia Playground,40.731154,-73.793424,Queens
Sunset Park,40.647593,-74.002163,Brooklyn
Forest Park,40.700769,-73.852705,Queens
Edmonds Playground,40.689186,-73.971745,Brooklyn
Kissena Corridor Park,40.748276,-73.825309,Queens
Rockaway Beach Boardwalk,40.582961,-73.817548,Queens
Simeone Park,40.741272,-73.860032,Queens
Davis Playground,40.642346,-74.085968,Staten Island
Prospect Park,40.663567,-73.963945,Brooklyn
Allerton Playground,40.865659,-73.850579,Bronx
Van Cortlandt Park,40.8934,-73.882417,Bronx
Heckscher Playground,40.695047,-73.91863,Brooklyn
Arsenal West,40.769783,-73.98292,Manhattan
Red Hook Recreation Area,40.671156,-74.004669,Brooklyn
Sara D. Roosevelt Park,40.720843,-73.992134,Manhattan
James Madison Plaza,40.711418,-74.000545,Manhattan
Coney Island Beach & Boardwalk,40.574306,-73.970865,Brooklyn
Walker Park,40.643484,-74.110287,Staten Island
Franklin D. Roosevelt Boardwalk and Beach,40.589089,-74.067492,Staten Island
Saw Mill Playground,40.8089,-73.91928,Bronx
Fulton Park,40.679655,-73.933874,Brooklyn
Harlem River Park,40.807947,-73.934586,Manhattan
Rockaway Beach Boardwalk,40.586128,-73.801593,Queens
City Line Park,40.679218,-73.874412,Brooklyn
Marine Park,40.607776,-73.936143,Brooklyn
St. John's Park,40.67505,-73.933789,Brooklyn
Chelsea Recreation Center,40.748296,-74.002219,Manhattan
Coney Island Beach & Boardwalk,40.573496,-73.975726,Brooklyn
East River Waterfront Esplanade,40.703559,-74.006942,Manhattan
McCarren Park,40.721143,-73.949557,Brooklyn
Robert L. Clinkscales Playground and Community Garden,40.822748,-73.939871,Manhattan
Crotona Park,40.841089,-73.897416,Bronx
Claremont Park,40.83873,-73.907788,Bronx
Morningside Park,40.806804,-73.957815,Manhattan
Bushwick Playground,40.696097,-73.911836,Brooklyn
Astoria Park,40.781497,-73.918879,Queens
Freshkills Park,40.592778,-74.163715,Staten Island
Osborn Playground,40.65612,-73.906252,Brooklyn
Blood Root Valley,40.587984,-74.136379,Staten Island
Washington Hall Park,40.695345,-73.967103,Brooklyn
Franz Sigel Park,40.824371,-73.924552,Bronx
Manhattan Beach Park,40.576151,-73.941762,Brooklyn
Central Park,40.774483,-73.966421,Manhattan
Forest Park,40.702311,-73.868143,Queens
Van Cortlandt Park,40.883701,-73.881651,Bronx
Pink Playground,40.666459,-73.862598,Brooklyn
Prospect Park,40.664507,-73.973731,Brooklyn
Jackie Robinson Park,40.830163,-73.93994,Manhattan
Central Park,40.77107,-73.96884,Manhattan
Behagen Playground,40.825869,-73.901647,Bronx
Fort Hamilton Athletic Field,40.626839,-74.036271,Brooklyn
Horace Harding Playground,40.733145,-73.860462,Queens
Union Square Park,40.736044,-73.990504,Manhattan
William McCray Playground,40.815534,-73.937713,Manhattan
Mosholu Parkway,40.877964,-73.882607,Bronx
St. Nicholas Park,40.813696,-73.951045,Manhattan
Cunningham Park,40.735066,-73.767962,Queens
Southern Fields,40.665375,-73.825698,Queens
Dr. Gertrude B. Kelly Playground,40.741433,-74.001908,Manhattan
Forest Park,40.700775,-73.85278,Queens
Friends Field,40.618681,-73.972714,Brooklyn
Detective Keith L Williams Park,40.704068,-73.784909,Queens
Tanahey Playground,40.710375,-73.994577,Manhattan
Garden Playground,40.70127,-73.938236,Brooklyn
Pelham Bay Park,40.868036,-73.792711,Bronx
Holcombe Rucker Park,40.829006,-73.936438,Manhattan
Rainey Park,40.76531,-73.941101,Queens
Montbellier Park,40.675741,-73.756269,Queens
Louis Armstrong Community Center,40.757223,-73.861253,Queens
Hunts Point Playground,40.814113,-73.886046,Bronx
Julio Carballo Fields,40.814958,-73.889238,Bronx
McDonald Playground,40.601324,-73.97217,Brooklyn
Blood Root Valley,40.591772,-74.139254,Staten Island
South Pacific Playground,40.675474,-73.920452,Brooklyn
Soundview Park,40.819076,-73.878305,Bronx
Central Park,40.768585,-73.970955,Manhattan
McCarren Park,40.720081,-73.94993,Brooklyn
Prospect Park,40.657284,-73.964002,Brooklyn
Central Park,40.79744,-73.951544,Manhattan
Collect Pond Park,40.716497,-74.001857,Manhattan
Riverside Park,40.809102,-73.966174,Manhattan
Randall Playground,40.819272,-73.849831,Bronx
Murphy Brothers Playground,40.730498,-73.973835,Manhattan
Flushing Meadows Corona Park,40.743126,-73.848907,Queens
Coney Island Beach & Boardwalk,40.572982,-73.980507,Brooklyn
Robert E. Venable Park,40.67453,-73.864882,Brooklyn
Allen Street Malls,40.711044,-73.992124,Manhattan
Forest Park,40.70165,-73.856102,Queens
Marine Park,40.596985,-73.927387,Brooklyn
Yellowstone Park,40.726294,-73.84828,Queens
Beatty Plaza,40.831571,-73.901857,Bronx
Chelsea Park,40.750602,-74.001744,Manhattan
Highland Park,40.687449,-73.89012,Queens
Carl Schurz Park,40.774371,-73.944867,Manhattan
Dyker Beach Park,40.607124,-74.016905,Brooklyn
Marcy Playground,40.695211,-73.951848,Brooklyn
Battery Park City,40.714483,-74.01732,Manhattan
Dyker Beach Park,40.611368,-74.013728,Brooklyn
Wolfe's Pond Park,40.518541,-74.187226,Staten Island
St. Andrew's Playground,40.678994,-73.941926,Brooklyn
James J Walker Park,40.729555,-74.006449,Manhattan
Hattie Carthan Playground,40.685542,-73.946314,Brooklyn
Barretto Point Park,40.80452,-73.888806,Bronx
Riverside Park,40.801944,-73.970849,Manhattan
James Forten Playground,40.676574,-73.965708,Brooklyn
Dr. Ronald McNair Park,40.671014,-73.961963,Brooklyn
Raymond O’Connor Park,40.770976,-73.779351,Queens
Lyons Pool,40.637205,-74.073792,Staten Island
Gertrude Ederle Recreation Center,40.771345,-73.988616,Manhattan
Quaker Parrot Park at the Dust Bowl,40.632307,-74.013411,Brooklyn
Parade Ground,40.651064,-73.965178,Brooklyn
Police Officer Edward Byrne Park,40.667133,-73.807724,Queens
Marcus Garvey Park,40.803352,-73.942736,Manhattan
Van Cortlandt Park,40.895932,-73.878247,Bronx
Hickman Playground,40.62054,-73.912841,Brooklyn
Flushing Meadows Corona Park,40.748435,-73.840544,Queens
Little Flower Playground,40.712595,-73.987928,Manhattan
Coney Island Beach & Boardwalk,40.571519,-73.991794,Brooklyn
Brownsville Playground,40.656223,-73.902784,Brooklyn
Wayanda Park,40.710859,-73.738688,Queens
Washington Square Park,40.73048,-73.996075,Manhattan
The Battery,40.704375,-74.016268,Manhattan
Central Park,40.767597,-73.975957,Manhattan
Whitestone Playground,40.791887,-73.808426,Queens
East River Walk,40.76508,-73.951872,Manhattan
Harlem River Park,40.806853,-73.934604,Manhattan
Central Park,40.784111,-73.959181,Manhattan
Maple Playground,40.755997,-73.825958,Queens
Bath Beach Park,40.602363,-74.011526,Brooklyn
Flushing Meadows Corona Park,40.75167,-73.842962,Queens
Central Park,40.783793,-73.965843,Manhattan
Thomas Jefferson Park,40.792596,-73.935168,Manhattan
Sheltering Arms Playground,40.815334,-73.955922,Manhattan
Seward Park,40.715187,-73.989358,Manhattan
Glen Oaks Oval,40.749697,-73.71613,Queens
Roy Wilkins Recreation Center,40.684653,-73.770289,Queens
Clintonville Playground,40.783041,-73.806859,Queens
Mafera Park,40.706296,-73.891451,Queens
McCarren Park,40.719394,-73.952001,Brooklyn
Coney Island Beach & Boardwalk,40.571648,-73.992297,Brooklyn
Crotona Park,40.837329,-73.890444,Bronx
Thomas Paine Park,40.714877,-74.001884,Manhattan
Flushing Meadows Corona Park,40.743549,-73.842298,Queens
Central Park,40.769864,-73.978009,Manhattan
Prospect Park,40.663667,-73.976657,Brooklyn
Prospect Park,40.667047,-73.972959,Brooklyn
Raymond Bush Playground,40.68659,-73.939439,Brooklyn
Central Park,40.79099,-73.959348,Manhattan
Clove Lakes Park,40.614038,-74.11357,Staten Island
Telephone Playground,40.738507,-73.756455,Queens
Triborough Bridge Playground C,40.773765,-73.92222,Queens
De Matti Park,40.61493,-74.073722,Staten Island
Forest Park,40.701403,-73.853145,Queens
McCaffrey Playground,40.75915,-73.991388,Manhattan
Bayswater Park,40.599037,-73.76681,Queens
Cadman Plaza Park,40.698443,-73.990626,Brooklyn
West Playground,40.587477,-73.970065,Brooklyn
LaGuardia Landing Lights,40.762016,-73.890206,Queens
Fort Tryon Park,40.863184,-73.93309,Manhattan
Gravesend Park,40.624135,-73.98431,Brooklyn
Rev. Dr. Maggie Howard Playground,40.62326,-74.079247,Staten Island
Archie Spigner Park,40.693089,-73.778143,Queens
La Guardia Playground,40.710527,-73.959841,Brooklyn
Midland Playground,40.575321,-74.098919,Staten Island
Vidalia Park,40.844187,-73.881439,Bronx
Brigadier General Charles Young Playground,40.81875,-73.935441,Manhattan
Howard Pool,40.672733,-73.909138,Brooklyn
Rockaway Beach Boardwalk,40.580423,-73.826195,Queens
Crocheron Park,40.771974,-73.769243,Queens
Julio Carballo Fields,40.816231,-73.889234,Bronx
Dr. Charles R. Drew Park,40.68019,-73.802544,Queens
Rosemary's Playground,40.704819,-73.904021,Queens
Bushwick Inlet Park,40.721913,-73.960596,Brooklyn
Ambrosini Field,40.844378,-73.783529,Bronx
Riverside Park,40.804778,-73.970636,Manhattan
Breukelen Ballfields,40.651481,-73.89104,Brooklyn
Dyker Beach Park,40.606009,-74.017305,Brooklyn
Owen F. Dolen Park,40.840683,-73.84258,Bronx
Faber Pool and Park,40.641075,-74.135167,Staten Island
Commodore Barry Park,40.697234,-73.980306,Brooklyn
Arcilla Playground,40.827358,-73.914726,Bronx
Bronx Park,40.847141,-73.870393,Bronx
Amersfort Park,40.629068,-73.939051,Brooklyn
Torsney Playground,40.747212,-73.922659,Queens
Locust Manor Playground,40.685687,-73.756526,Queens
Tudor Park,40.671319,-73.848133,Queens
Central Park,40.792071,-73.959764,Manhattan
Haggerty Park,40.713272,-73.757742,Queens
Highland Park,40.684074,-73.886836,Queens
Central Park,40.769736,-73.975355,Manhattan
D'Emic Playground,40.655967,-74.005377,Brooklyn
Green Central Knoll,40.702352,-73.933187,Brooklyn
Harvey Park,40.782924,-73.823548,Queens
Bicentennial Veterans Memorial Park,40.823263,-73.814131,Bronx
Central Park,40.783793,-73.965843,Manhattan
Leif Ericson Park,40.631168,-74.01266,Brooklyn
Central Park,40.782189,-73.96254,Manhattan
Northern Playground,40.756407,-73.874612,Queens
Railroad Playground,40.649154,-73.914157,Brooklyn
Rockaway Beach Boardwalk,40.582895,-73.816833,Queens
Coney Island Beach & Boardwalk,40.572187,-73.988161,Brooklyn
Bushwick Playground,40.701741,-73.939507,Brooklyn
Dyker Beach Park,40.60649,-74.020168,Brooklyn
Dimattina Playground,40.679818,-74.003068,Brooklyn
Alley Park,40.747062,-73.745851,Queens
Southern Fields,40.665946,-73.826932,Queens
Grant Park,40.837781,-73.911802,Bronx
Inwood Hill Park,40.870487,-73.92139,Manhattan
Helen Marshall Playground,40.766108,-73.871049,Queens
Central Park,40.767631,-73.971305,Manhattan
Hinton Park,40.756466,-73.854951,Queens
Montbellier Park,40.674358,-73.756557,Queens
Lindower Park,40.612685,-73.911673,Brooklyn
Pelham Bay Park,40.869661,-73.791324,Bronx
Winthrop Playground,40.656709,-73.954282,Brooklyn
Van Dyke Playground,40.664592,-73.904346,Brooklyn
Franz Sigel Park,40.821961,-73.926653,Bronx
Ferry Point Park,40.82012,-73.826264,Bronx
Riverside Park,40.793368,-73.977997,Manhattan
Baisley Pond Park,40.684278,-73.786649,Queens
Albert J. Parham Playground,40.690227,-73.970613,Brooklyn
Behagen Playground,40.825592,-73.901724,Bronx
Kissena Corridor Park,40.744641,-73.787229,Queens
East River Playground,40.789183,-73.93789,Manhattan
Flushing Meadows Corona Park,40.751368,-73.848349,Queens
Wolfe's Pond Park,40.516475,-74.189119,Staten Island
Forest Park,40.701358,-73.856731,Queens
Detective Keith L Williams Park,40.70212,-73.784099,Queens
Green Central Knoll,40.701822,-73.932345,Brooklyn
Courtney Callender Playground,40.810075,-73.940304,Manhattan
Prospect Park,40.661363,-73.976453,Brooklyn
Josephine Caminiti Playground,40.743765,-73.861665,Queens
Castle Hill Playground,40.838959,-73.852883,Bronx
Admiral Playground,40.77109,-73.738208,Queens
Bayside Playground,40.584853,-73.825114,Queens
Cadman Plaza Park,40.698756,-73.990377,Brooklyn
Harris Park,40.874977,-73.891776,Bronx
Macombs Dam Park,40.830269,-73.929122,Bronx
Mafera Park,40.708103,-73.890524,Queens
Macombs Dam Park,40.828721,-73.928596,Bronx
Manhattan Beach Park,40.577001,-73.946025,Brooklyn
Dutch Kills Playground,40.757511,-73.933121,Queens
Rodney Park North,40.709011,-73.956239,Brooklyn
Tudor Park,40.671469,-73.848095,Queens
Crotona Park,40.841569,-73.897231,Bronx
Soundview Park,40.818002,-73.870431,Bronx
Bronx Park,40.847141,-73.870393,Bronx
Holcombe Rucker Park,40.829374,-73.936254,Manhattan
McCarren Park,40.720081,-73.94993,Brooklyn
Pelham Bay Park,40.867214,-73.793957,Bronx
Flushing Meadows Corona Park,40.762453,-73.84494,Queens
St. James Park,40.865997,-73.897444,Bronx
Alley Athletic Playground,40.739996,-73.734488,Queens
Central Park,40.780483,-73.97136,Manhattan
Clove Lakes Park,40.618152,-74.10698,Staten Island
John Vincent Daniels Jr. Square,40.744069,-73.913455,Queens
Plaut Triangle,40.758381,-73.797219,Queens
Riverside Park,40.803151,-73.970509,Manhattan
Vidalia Park,40.843779,-73.881644,Bronx
Clove Lakes Park,40.617921,-74.110869,Staten Island
Noble Playground,40.836863,-73.87185,Bronx
Bayswater Park,40.598917,-73.766985,Queens
Franklin D. Roosevelt Boardwalk and Beach,40.579489,-74.076074,Staten Island
Clove Lakes Park,40.620033,-74.11852,Staten Island
Flushing Meadows Corona Park,40.749385,-73.840325,Queens
Sara D. Roosevelt Park,40.716139,-73.994615,Manhattan
Cunningham Park,40.728688,-73.776292,Queens
Willow Lake Playground,40.722582,-73.837082,Queens
Admiral Playground,40.770878,-73.737614,Queens
Faber Pool and Park,40.640856,-74.135278,Staten Island
Central Park,40.789403,-73.965836,Manhattan
Park Slope Playground,40.676847,-73.978691,Brooklyn
Hamilton Metz Field,40.662692,-73.940415,Brooklyn
Holocaust Memorial Park,40.582783,-73.95356,Brooklyn
Andries Playground,40.623041,-73.946395,Brooklyn
Whole Foods PAA,40.675611,-73.990398,Brooklyn
Flushing Meadows Corona Park,40.751023,-73.842426,Queens
Randall's Island Park,40.79288,-73.924708,Manhattan
Bridge Park,40.847735,-73.926049,Bronx
Williamsbridge Oval,40.876656,-73.878571,Bronx
Kelly Park Playground,40.604577,-73.956337,Brooklyn
Walter Ward Playground,40.657107,-73.843504,Queens
Red Hook Recreation Area,40.673048,-74.004399,Brooklyn
Claremont Park,40.837771,-73.907921,Bronx
Albemarle Playground,40.645761,-73.980532,Brooklyn
River Avenue Parks,40.825681,-73.926689,Bronx
Harlem River Park,40.805902,-73.934568,Manhattan
Markham Playground,40.622953,-74.146202,Staten Island
Chelsea Park,40.749852,-74.000839,Manhattan
Mafera Park,40.705924,-73.891366,Queens
Crotona Park,40.837954,-73.893526,Bronx
Central Park,40.790588,-73.954294,Manhattan
Riverside Park,40.781805,-73.987504,Manhattan
Northern Playground,40.755777,-73.87484,Queens
Haffen Park,40.873235,-73.838921,Bronx
Rodney Park Center,40.708592,-73.956509,Brooklyn
Archie Spigner Park,40.692604,-73.78052,Queens
Sara D. Roosevelt Park,40.718805,-73.993043,Manhattan
Beach 9 Playground,40.595627,-73.744682,Queens
Monsignor Crawford Field,40.614374,-73.916719,Brooklyn
McKinley Park,40.625891,-74.017925,Brooklyn
Albemarle Playground,40.645916,-73.980435,Brooklyn
Ruppert Park,40.780842,-73.949783,Manhattan
Seton Park,40.885601,-73.916535,Bronx
Forest Park,40.709378,-73.836009,Queens
Inwood Hill Park,40.867405,-73.929052,Manhattan
Prospect Park,40.661114,-73.973676,Brooklyn
Crotona Park,40.835136,-73.896168,Bronx
Blue Heron Park,40.539673,-74.170005,Staten Island
Hattie Carthan Playground,40.685746,-73.946157,Brooklyn
Juniper Valley Park,40.720604,-73.877417,Queens
Bill Brown Playground,40.591655,-73.945363,Brooklyn
Willowbrook Park,40.606931,-74.156252,Staten Island
"""Uncle"" Vito F. Maranzano Glendale Playground",40.70484,-73.88156,Queens
ABC Playground,40.721828,-73.986153,Manhattan
Coney Island Beach & Boardwalk,40.575288,-73.958546,Brooklyn
Manhattan Beach Park,40.576583,-73.945396,Brooklyn
Jesse Owens Playground,40.691653,-73.932484,Brooklyn
Fort Totten Park,40.793049,-73.776753,Queens
Coleman Playground,40.710721,-73.993639,Manhattan
Carroll Park,40.681174,-73.995553,Brooklyn
DeSalvio Playground,40.721709,-73.995975,Manhattan
Matthews Muliner Playground,40.846866,-73.861524,Bronx
Marconi Park,40.694033,-73.795465,Queens
Carl Schurz Park,40.775894,-73.943628,Manhattan
Bensonhurst Park,40.597821,-73.999938,Brooklyn
Havemeyer Playground,40.829933,-73.847964,Bronx
Fort Independence Playground,40.882015,-73.89489,Bronx
Printers Park,40.823459,-73.890693,Bronx
John J Carty Park,40.612995,-74.030154,Brooklyn
Msgr. McGolrick Park,40.725022,-73.943621,Brooklyn
Forest Park,40.696082,-73.866459,Queens
Bushwick Inlet Park,40.721913,-73.960596,Brooklyn
Brigadier General Charles Young Playground,40.819053,-73.93616,Manhattan
Sol Lain Plgd,40.714372,-73.983991,Manhattan
Brookville Park,40.662097,-73.742155,Queens
Lincoln Terrace / Arthur S. Somers Park,40.665898,-73.927273,Brooklyn
Washington Square Park,40.731182,-73.998435,Manhattan
Playground Eighty LXXX,40.744881,-73.709599,Queens
Cambria Playground,40.689597,-73.743452,Queens
Merriam Playground,40.839063,-73.926055,Bronx
Linden Park,40.65889,-73.885394,Brooklyn
John V. Lindsay East River Park,40.717435,-73.974789,Manhattan
Pomonok Playground,40.736091,-73.814097,Queens
Clove Lakes Park,40.618268,-74.107201,Staten Island
Willoughby Playground,40.694464,-73.946639,Brooklyn
Bruckner Playground,40.826627,-73.828433,Bronx
Lincoln Terrace / Arthur S. Somers Park,40.666289,-73.927028,Brooklyn
Prospect Park,40.665364,-73.965469,Brooklyn
Little Claremont Playground,40.838763,-73.90396,Bronx
Bronx Park,40.847141,-73.870393,Bronx
Central Park,40.79302,-73.9574,Manhattan
Pugsley Creek Park,40.814153,-73.856098,Bronx
Lost Battalion Hall Recreation Center,40.732074,-73.865437,Queens
Juniper Valley Park,40.719826,-73.883171,Queens
Slope Park Playground,40.661353,-73.989305,Brooklyn
Risse Street Park,40.8788,-73.885404,Bronx
Randall's Island Park,40.794847,-73.914845,Manhattan
Red Hook Recreation Area,40.67243,-74.006038,Brooklyn
Highbridge Park,40.847356,-73.931257,Manhattan
Wolfe's Pond Park,40.516427,-74.190965,Staten Island
Flushing Meadows Corona Park,40.74482,-73.838754,Queens
Forest Park,40.700802,-73.855233,Queens
Canarsie Park,40.628362,-73.893561,Brooklyn
Homecrest Playground,40.586418,-73.957287,Brooklyn
Flushing Fields,40.776088,-73.81681,Queens
Monsignor Raul Del Valle Square,40.820722,-73.890552,Bronx
Sunset Park,40.647666,-74.003793,Brooklyn
Riverside Park,40.811545,-73.964191,Manhattan
Central Park,40.767515,-73.977251,Manhattan
Joyce Kilmer Park,40.828463,-73.923022,Bronx
Walt Whitman Park,40.698587,-73.989526,Brooklyn
Union Square Park,40.735431,-73.990473,Manhattan
Tompkinsville Park,40.637418,-74.076517,Staten Island
Silver Lake Park,40.625815,-74.092931,Staten Island
Franklin D. Roosevelt Boardwalk and Beach,40.570252,-74.0893,Staten Island
Grand Playground,40.856158,-73.907282,Bronx
Flushing Meadows Corona Park,40.723194,-73.82728,Queens
McLaughlin Park,40.696553,-73.985808,Brooklyn
Chelsea Recreation Center,40.748296,-74.002219,Manhattan
Cypress Hills Playground,40.671036,-73.871855,Brooklyn
Bronx Park,40.842724,-73.877806,Bronx
Prospect Park,40.659168,-73.963769,Brooklyn
Evergreen Park,40.697012,-73.896488,Queens
Bill Rainey Park,40.818125,-73.898146,Bronx
Minetta Playground,40.73056,-74.001449,Manhattan
Haffen Park,40.872766,-73.839565,Bronx
Cypress Hills Playground,40.670358,-73.871027,Brooklyn
Battery Park City,40.716189,-74.014356,Manhattan
St. Mary's Park,40.811468,-73.914103,Bronx
Franklin D. Roosevelt Boardwalk and Beach,40.578122,-74.078295,Staten Island
John V. Lindsay East River Park,40.712914,-73.976095,Manhattan
Hell's Kitchen Park,40.763011,-73.99258,Manhattan
Marine Park,40.606495,-73.926374,Brooklyn
Mafera Park,40.707251,-73.891569,Queens
Nelson Playground,40.834974,-73.926569,Bronx
Red Hook Recreation Area,40.671958,-74.005609,Brooklyn
Riverside Park,40.806711,-73.969633,Manhattan
Murphy Brothers Playground,40.730051,-73.973317,Manhattan
Fort Totten Park,40.792124,-73.774485,Queens
Elton Playground,40.665926,-73.880912,Brooklyn
Marc And Jason's Playground,40.663424,-73.948887,Brooklyn
Crotona Park,40.838494,-73.898997,Bronx
Richmond Parkway,40.53206,-74.198011,Staten Island
Pelham Bay Park,40.869711,-73.790343,Bronx
Peter's Field,40.735948,-73.981824,Manhattan
Ennis Playground,40.670671,-73.994074,Brooklyn
Crotona Park,40.840767,-73.897527,Bronx
College Point Fields,40.775435,-73.837149,Queens
Highbridge Park,40.836225,-73.936563,Manhattan
Flushing Meadows Corona Park,40.751619,-73.843441,Queens
McCarren Park,40.721474,-73.954136,Brooklyn
Peters Field,40.70569,-73.775204,Queens
Seward Park,40.714851,-73.98921,Manhattan
P.O. Serrano Playground,40.82352,-73.850588,Bronx
Baisley Pond Park,40.668597,-73.788334,Queens
John V. Lindsay East River Park,40.723861,-73.972901,Manhattan
Hempstead Ballfield,40.710928,-73.728733,Queens
Colonel David Marcus Playground,40.609458,-73.970214,Brooklyn
Lafayette Playground,40.594635,-73.985264,Brooklyn
Wards Island Park,40.789084,-73.927264,Manhattan
St. John's Park,40.674549,-73.934705,Brooklyn
Dean Playground,40.68053,-73.972928,Brooklyn
Starr Playground,40.709888,-73.917713,Queens
Fort Tryon Park,40.86181,-73.930467,Manhattan
Fraser Square,40.619983,-73.941199,Brooklyn
Cunningham Park,40.738704,-73.764876,Queens
Van Voorhees Playground,40.690802,-73.999701,Brooklyn
Adam Yauch Park,40.692148,-73.998864,Brooklyn
Leif Ericson Park,40.635171,-74.019146,Brooklyn
Lyons Pool,40.637484,-74.07415,Staten Island
Astoria Park,40.775921,-73.925179,Queens
Morgan Playground,40.831906,-73.907556,Bronx
Cunningham Park,40.729794,-73.773426,Queens
Brookville Park,40.662792,-73.74203,Queens
John V. Lindsay East River Park,40.718977,-73.974495,Manhattan
Markham Playground,40.623075,-74.146372,Staten Island
Cunningham Park,40.735853,-73.770091,Queens
Riverside Park,40.785721,-73.984461,Manhattan
Marine Park,40.600357,-73.914213,Brooklyn
Joseph Austin Playground,40.715972,-73.801282,Queens
Central Park,40.793705,-73.95309,Manhattan
Flushing Meadows Corona Park,40.751761,-73.837424,Queens
Cuyler Gore Park,40.68564,-73.972058,Brooklyn
Wingate Park,40.658812,-73.943628,Brooklyn
Springfield Park,40.660059,-73.762477,Queens
Hamilton Fish Park,40.71998,-73.981457,Manhattan
Mellett Playground,40.597019,-73.957701,Brooklyn
Oxport Playground,40.697322,-73.976166,Brooklyn
Jerome Playground,40.658881,-73.879485,Brooklyn
Loreto Playground,40.849605,-73.852446,Bronx
Flushing Meadows Corona Park,40.747626,-73.847088,Queens
Morningside Park,40.809972,-73.955945,Manhattan
Reiff Playground,40.718378,-73.901356,Queens
Callahan-Kelly Playground,40.678401,-73.906252,Brooklyn
Poor Richard's Playground,40.79297,-73.943204,Manhattan
Centreville Playground,40.670101,-73.839476,Queens
Alfred E. Smith Playground,40.711096,-73.99738,Manhattan
Seward Park,40.714419,-73.989673,Manhattan
Pelham Bay Park,40.866428,-73.794138,Bronx
Tiffany Playground,40.824668,-73.894252,Bronx
Forest Park,40.700822,-73.858115,Queens
Harris Park,40.876965,-73.892634,Bronx
Cunningham Park,40.735617,-73.770275,Queens
Rockaway Beach,40.576016,-73.840156,Queens
Kissena Corridor Park,40.749008,-73.82189,Queens
Arsenal West,40.769783,-73.98292,Manhattan
Central Park,40.772583,-73.967719,Manhattan
Ocean Breeze Park,40.583077,-74.075188,Staten Island
Ferry Point Park,40.81048,-73.837668,Bronx
Marcus Garvey Park,40.803589,-73.942687,Manhattan
McCaffrey Playground,40.758968,-73.991566,Manhattan
Alley Athletic Playground,40.739314,-73.736995,Queens
Williamsbridge Oval,40.878045,-73.877527,Bronx
Prospect Park,40.666899,-73.973706,Brooklyn
Delphin H. Greene Playground,40.684732,-73.72872,Queens
Pelham Bay Park,40.862968,-73.794485,Bronx
Playground Sixty Two LXII,40.735981,-73.852764,Queens
Marcus Garvey Park,40.804985,-73.94486,Manhattan
McGuire Fields,40.61982,-73.898977,Brooklyn
Dry Dock Playground,40.725376,-73.975814,Manhattan
Weeksville Playground,40.677166,-73.919359,Brooklyn
De Hostos Playground,40.702705,-73.949409,Brooklyn
Cobble Hill Park,40.688092,-73.995865,Brooklyn
Lieutenant John H. Martinson Playground,40.536762,-74.162823,Staten Island
Rev. Dr. Maggie Howard Playground,40.622677,-74.079124,Staten Island
Abigail Playground,40.817474,-73.904733,Bronx
Dr. Green Playground,40.667433,-73.906593,Brooklyn
Riverside Park,40.79334,-73.978044,Manhattan
Queens Valley Playground,40.721849,-73.823908,Queens
Mapes Pool,40.846767,-73.886654,Bronx
Redfern Playground,40.610988,-73.749122,Queens
Broad Channel Park,40.601287,-73.819723,Queens
Maria Hernandez Park,40.703876,-73.923709,Brooklyn
Central Park,40.781282,-73.963569,Manhattan
Flushing Meadows Corona Park,40.751408,-73.833778,Queens
Flushing Meadows Corona Park,40.747435,-73.845275,Queens
Conference House Park,40.505172,-74.254206,Staten Island
Gonzalo Plasencia Playground,40.652316,-74.008336,Brooklyn
Central Park,40.783793,-73.965843,Manhattan
Little Bay Park,40.790188,-73.788768,Queens
Howard Pool,40.672867,-73.908936,Brooklyn
Mazzei Playground,40.862494,-73.858151,Bronx
Sumner Playground,40.697511,-73.942971,Brooklyn
Madison Square Park,40.741875,-73.988491,Manhattan
Cunningham Park,40.730078,-73.772609,Queens
Jennifer's Playground,40.620334,-74.16351,Staten Island
Central Park,40.781272,-73.963562,Manhattan
Columbus Park,40.714554,-73.9997,Manhattan
Kissena Park,40.747665,-73.810118,Queens
J. Hood Wright Park,40.84665,-73.942135,Manhattan
Wald Playground,40.719462,-73.977046,Manhattan
Annadale Green,40.541648,-74.177653,Staten Island
Rose Hill Park,40.861716,-73.89076,Bronx
Brookville Park,40.66223,-73.742124,Queens
City Line Park,40.679452,-73.87623,Brooklyn
Betsy Head Park,40.664225,-73.911695,Brooklyn
Coney Island Beach & Boardwalk,40.57493,-73.96214,Brooklyn
Brooklyn Bridge Park,40.692703,-74.001365,Brooklyn
Canarsie Park,40.627027,-73.899503,Brooklyn
Lanett Playground,40.599359,-73.743916,Queens
East River Waterfront Esplanade,40.710068,-73.989391,Manhattan
Flushing Meadows Corona Park,40.747282,-73.836296,Queens
Brownsville Playground,40.656695,-73.902298,Brooklyn
Washington Market Park,40.717211,-74.012021,Manhattan
Central Park,40.791201,-73.959753,Manhattan
Pelham Bay Park,40.861832,-73.793558,Bronx
Belmont Playground,40.850066,-73.887582,Bronx
Bobbie Lewis Jr. Playground,40.636604,-74.160333,Staten Island
Van Cortlandt Park,40.900671,-73.870765,Bronx
Central Park,40.781915,-73.964085,Manhattan
Lincoln Terrace / Arthur S. Somers Park,40.666887,-73.925535,Brooklyn
Midland Field,40.576898,-74.099125,Staten Island
Coney Island Beach & Boardwalk,40.574308,-73.970851,Brooklyn
Flushing Meadows Corona Park,40.741963,-73.84961,Queens
Bush Terminal Park,40.653296,-74.019051,Brooklyn
Prospect Park,40.665535,-73.971412,Brooklyn
Marion Hopkinson Playground,40.68153,-73.913164,Brooklyn
Brower Park,40.674318,-73.943297,Brooklyn
Hope Ballfield,40.697352,-73.917442,Brooklyn
Tribeca Park,40.720161,-74.005643,Manhattan
Flushing Meadows Corona Park,40.75175,-73.843003,Queens
Van Cortlandt Park,40.903452,-73.872722,Bronx
Harvard Playground,40.708876,-73.781588,Queens
Van Cortlandt Park,40.893753,-73.89604,Bronx
John Hancock Playground,40.682323,-73.954642,Brooklyn
Parade Ground,40.651552,-73.966249,Brooklyn
Dyker Beach Park,40.604682,-74.018829,Brooklyn
Trinity Park,40.698551,-73.984312,Brooklyn
McLaughlin Playground,40.725433,-73.766271,Queens
Rockaway Beach,40.577787,-73.835949,Queens
Booker T. Washington Playground,40.801224,-73.963872,Manhattan
Yolanda García Park,40.823024,-73.913738,Bronx
Torsney Playground,40.7473,-73.921641,Queens
Franklin D. Roosevelt Boardwalk and Beach,40.588157,-74.067315,Staten Island
Wards Island Park,40.783958,-73.9291,Manhattan
MacDonald Park,40.722023,-73.8463,Queens
Vincent F. Albano Jr. Playground,40.741969,-73.978425,Manhattan
Leif Ericson Park,40.630037,-74.01067,Brooklyn
Beach 17 Playground,40.594875,-73.751056,Queens
Woodtree Playground,40.777343,-73.902167,Queens
CPL. Thompson Park,40.639037,-74.118525,Staten Island
Gutenberg Playground,40.763276,-73.990088,Manhattan
De Witt Clinton Park,40.767754,-73.994512,Manhattan
Stars & Stripes Playground,40.885151,-73.839951,Bronx
Ethan Allen Playground,40.655447,-73.887075,Brooklyn
Bushwick Playground,40.701905,-73.939488,Brooklyn
Alley Pond Park,40.742046,-73.739925,Queens
De Hostos Playground,40.702437,-73.949175,Brooklyn
The Battery,40.703489,-74.016013,Manhattan
Bryan Park,40.86214,-73.894004,Bronx
St. Catherine's Park,40.765517,-73.958784,Manhattan
Langston Hughes Playground,40.812195,-73.946426,Manhattan
Daniel M. O'Connell Playground,40.699559,-73.758039,Queens
Owl's Head Park,40.640323,-74.034849,Brooklyn
Seton Park,40.886502,-73.917247,Bronx
Red Hook Recreation Area,40.672382,-74.004045,Brooklyn
Mae Grant Playground,40.792424,-73.949396,Manhattan
Hot Spot Tot Lot,40.631124,-73.956578,Brooklyn
John V. Lindsay East River Park,40.723456,-73.9725,Manhattan
Van Cortlandt Park,40.896562,-73.877306,Bronx
Stop & Go Playground,40.844861,-73.898938,Bronx
Red Hook Recreation Area,40.67234,-74.003409,Brooklyn
Samuel N. Bennerson 2nd Playground,40.773643,-73.986729,Manhattan
Colucci Playground,40.852268,-73.834551,Bronx
Sunset Park,40.646921,-74.002121,Brooklyn
Pelham Bay Park,40.851828,-73.824772,Bronx
Parade Ground,40.651261,-73.970266,Brooklyn
Walker Park,40.643717,-74.108829,Staten Island
Irving Square Park,40.692077,-73.909701,Brooklyn
Flushing Meadows Corona Park,40.733527,-73.83719,Queens
Lyons Pool,40.637536,-74.074754,Staten Island
Schmul Park,40.590134,-74.18794,Staten Island
London Planetree Playground,40.685806,-73.853305,Queens
Prospect Park,40.666899,-73.973706,Brooklyn
Van Cortlandt Park,40.888524,-73.898087,Bronx
Bushwick Playground,40.701867,-73.939377,Brooklyn
Ocean Hill Playground,40.674192,-73.912238,Brooklyn
Lost Battalion Hall Recreation Center,40.731804,-73.865514,Queens
Baruch Playground,40.717304,-73.976995,Manhattan
Kennedy King Playground,40.658659,-73.92188,Brooklyn
John V. Lindsay East River Park,40.720448,-73.973413,Manhattan
Inwood Hill Park,40.874279,-73.929525,Manhattan
St. John's Park,40.674073,-73.934271,Brooklyn
Astoria Park,40.775102,-73.924201,Queens
Mott Playground,40.831298,-73.914863,Bronx
Sylvan Grove Cemetery,40.591001,-74.192507,Staten Island
Colonel David Marcus Playground,40.609899,-73.96972,Brooklyn
Power Playground,40.618179,-73.927133,Brooklyn
Lincoln Terrace / Arthur S. Somers Park,40.66648,-73.927809,Brooklyn
Central Park,40.780482,-73.97136,Manhattan
Elmhurst Park,40.729217,-73.885088,Queens
Sternberg Park,40.70615,-73.946949,Brooklyn
Central Park,40.771433,-73.973265,Manhattan
Riverside Park,40.814891,-73.962297,Manhattan
Lyons Square Playground,40.822632,-73.888304,Bronx
John Jay Park,40.769888,-73.949244,Manhattan
Central Park,40.783793,-73.965843,Manhattan
Central Park,40.768362,-73.977097,Manhattan
Forest Park,40.701372,-73.85582,Queens
Fort Totten Park,40.794239,-73.775617,Queens
Central Park,40.796487,-73.954981,Manhattan
Central Park,40.790615,-73.954541,Manhattan
Coffey Park,40.678178,-74.007653,Brooklyn
Mahoney Playground,40.64342,-74.086113,Staten Island
Battery Park City,40.716895,-74.016725,Manhattan
Sheltering Arms Playground,40.815241,-73.95578,Manhattan
Bildersee Playground,40.635225,-73.911471,Brooklyn
Hilltop Playground,40.675415,-73.914263,Brooklyn
Washington Square Park,40.731109,-73.999244,Manhattan
Parade Ground,40.650989,-73.96771,Brooklyn
Silver Lake Park,40.62815,-74.099175,Staten Island
Tilden Playground,40.647738,-73.931418,Brooklyn
Colgate Close,40.82466,-73.881613,Bronx
Tony Dapolito Recreation Center,40.729629,-74.005434,Manhattan
Parade Ground,40.649996,-73.968142,Brooklyn
Manhattan Beach Park,40.576147,-73.941775,Brooklyn
Lefferts Playground,40.66537,-73.82057,Queens
Benson Playground,40.602331,-74.002037,Brooklyn
Coney Island Beach & Boardwalk,40.574031,-73.972725,Brooklyn
Brighton Playground,40.575254,-73.965175,Brooklyn
The Painter's Playground,40.720741,-73.860093,Queens
Asphalt Green,40.779373,-73.944348,Manhattan
Crocheron Park,40.772565,-73.767819,Queens
Marcus Garvey Park,40.805275,-73.942202,Manhattan
Athens Square,40.767695,-73.922615,Queens
Battery Park City,40.712662,-74.016357,Manhattan
Jackie Robinson Playground,40.66561,-73.959382,Brooklyn
St. Mary's Park,40.809847,-73.910554,Bronx
Macombs Dam Park,40.82767,-73.926937,Bronx
Roy Wilkins Recreation Center,40.687241,-73.769516,Queens
Chiarantano Playground,40.636815,-73.933512,Brooklyn
Commodore Barry Park,40.69753,-73.977796,Brooklyn
Flushing Meadows Corona Park,40.746355,-73.8385,Queens
Bronx River Parkway,40.820322,-73.871518,Bronx
Brownsville Playground,40.656223,-73.902784,Brooklyn
James Forten Playground,40.67676,-73.965642,Brooklyn
Clawson Playground,40.561064,-74.123873,Staten Island
Beach 17 Playground,40.594526,-73.748571,Queens
Parade Ground,40.650065,-73.970326,Brooklyn
Marine Park,40.606866,-73.937553,Brooklyn
Flushing Meadows Corona Park,40.744158,-73.845151,Queens
Franklin D. Roosevelt Boardwalk and Beach,40.591037,-74.065212,Staten Island
Flushing Meadows Corona Park,40.759324,-73.851289,Queens
Baruch Playground,40.717243,-73.977056,Manhattan
McCarren Park,40.720081,-73.94993,Brooklyn
Flushing Meadows Corona Park,40.740931,-73.849412,Queens
Pelham Bay Park,40.849743,-73.823313,Bronx
Washington Square Park,40.730531,-73.997235,Manhattan
Pelham Bay Park,40.868729,-73.791915,Bronx
Shore Park and Parkway,40.634073,-74.038448,Brooklyn
Steeplechase Park,40.573378,-73.983388,Brooklyn
Central Park,40.783793,-73.965843,Manhattan
Highbridge Park,40.842095,-73.926428,Bronx
Frost Playground,40.718797,-73.939222,Brooklyn
Thomas Jefferson Park,40.793221,-73.937096,Manhattan
St. Michael's Playground,40.758325,-73.900357,Queens
Coney Island Beach & Boardwalk,40.572653,-73.983339,Brooklyn
Central Park,40.782192,-73.962546,Manhattan
Sean's Place,40.760746,-73.918444,Queens
Sara D. Roosevelt Park,40.722434,-73.991186,Manhattan
Central Park,40.772354,-73.967849,Manhattan
Playground Twenty One,40.778175,-73.79819,Queens
John V. Lindsay East River Park,40.715138,-73.97501,Manhattan
Pelham Bay Park,40.868047,-73.793478,Bronx
Jackie Robinson Park Playground,40.680328,-73.927373,Brooklyn
McKinley Park,40.625437,-74.017618,Brooklyn
Givan Square,40.867873,-73.842322,Bronx
Samuel Seabury Playground,40.785203,-73.950582,Manhattan
Fox Park,40.814805,-73.898741,Bronx
Brooklyn Botanic Garden,40.665583,-73.962236,Brooklyn
Coffey Park,40.677006,-74.008658,Brooklyn
Parade Ground,40.648693,-73.971183,Brooklyn
Kissena Park,40.747194,-73.811441,Queens
Travers Park,40.754302,-73.889579,Queens
Yellowstone Park,40.726202,-73.847169,Queens
Central Park,40.768362,-73.977097,Manhattan
Coney Island Boat Basin,40.584224,-73.98894,Brooklyn
Marie Curie Playground,40.757061,-73.771168,Queens
Bellaire Playground,40.721638,-73.758078,Queens
Marine Park,40.608492,-73.936844,Brooklyn
Breukelen Ballfields,40.650486,-73.891079,Brooklyn
Coney Island Beach & Boardwalk,40.574033,-73.972713,Brooklyn
Flushing Meadows Corona Park,40.745498,-73.845788,Queens
Osborn Playground,40.655935,-73.906137,Brooklyn
Hammel Playground,40.588089,-73.809217,Queens
High Rock Park,40.582828,-74.12197,Staten Island
Brooklyn Heights Promenade,40.697846,-73.997102,Brooklyn
Astoria Park,40.775328,-73.924532,Queens
Marcus Garvey Park,40.80538,-73.943462,Manhattan
Gravesend Park,40.623817,-73.984413,Brooklyn
Sutter Ballfields,40.6708,-73.887831,Brooklyn
Thomas Jefferson Park,40.793642,-73.93678,Manhattan
Rochdale Park,40.67422,-73.775584,Queens
Union Square Park,40.736267,-73.98962,Manhattan
Bayswater Park,40.598934,-73.767491,Queens
West Playground,40.586568,-73.969927,Brooklyn
Lopez Playground,40.611665,-74.085074,Staten Island
Forest Park,40.700871,-73.858598,Queens
Van Cortlandt Park,40.88989,-73.881206,Bronx
Astoria Park,40.778529,-73.922167,Queens
Conch Playground,40.595481,-73.780169,Queens
Jackie Robinson Park,40.824017,-73.942742,Manhattan
John Golden Park,40.773301,-73.769719,Queens
Harlem River Park,40.807295,-73.934934,Manhattan
Arsenal West,40.769783,-73.98292,Manhattan
Caserta Playground,40.837431,-73.853913,Bronx
Garibaldi Playground,40.608998,-74.000056,Brooklyn
Hansborough Recreation Center,40.812834,-73.939331,Manhattan
McCarren Park,40.722974,-73.952721,Brooklyn
McCarren Park,40.720081,-73.94993,Brooklyn
Noble Playground,40.836864,-73.872516,Bronx
Julio Carballo Fields,40.815262,-73.888958,Bronx
Hamilton Metz Field,40.662399,-73.940595,Brooklyn
Plimpton Playground,40.843464,-73.922539,Bronx
Chelsea Recreation Center,40.748296,-74.002219,Manhattan
High Rock Park,40.58262,-74.123029,Staten Island
A.R.R.O.W. Field House,40.755712,-73.92643,Queens
Police Officer John G. Scarangella Park,40.595418,-73.984205,Brooklyn
Brower Park,40.673878,-73.943805,Brooklyn
Rockaway Beach Boardwalk,40.580556,-73.826116,Queens
Railroad Playground,40.648926,-73.913811,Brooklyn
Herbert Von King Park,40.689636,-73.947195,Brooklyn
Matthew P. Sapolin Playground,40.777226,-73.98385,Manhattan
Prospect Park,40.666059,-73.971526,Brooklyn
Archie Spigner Park,40.693397,-73.77785,Queens
Tottenville Pool,40.505848,-74.23529,Staten Island
Randall's Island Park,40.793594,-73.917405,Manhattan
Ocean Breeze Park,40.583077,-74.075188,Staten Island
Surf Playground,40.573691,-73.9925,Brooklyn
Owen F. Dolen Park,40.840612,-73.842605,Bronx
Cunningham Park,40.735798,-73.769857,Queens
McKinley Park,40.626298,-74.016425,Brooklyn
Highbridge Park,40.857738,-73.924325,Manhattan
Isham Park,40.86982,-73.919287,Manhattan
Betsy Head Park,40.662554,-73.913208,Brooklyn
Arcilla Playground,40.827226,-73.914478,Bronx
GREENSTREET,40.696283,-73.984955,Brooklyn
O'Neill Triangle,40.823463,-73.911343,Bronx
Stars & Stripes Playground,40.885913,-73.839545,Bronx
Alley Pond Park,40.741577,-73.741303,Queens
Forest Park,40.710769,-73.835496,Queens
Boerum Park,40.684629,-73.990429,Brooklyn
Marble Hill Playground,40.877524,-73.908043,Bronx
De Hostos Playground,40.702557,-73.949506,Brooklyn
Alfred E. Smith Playground,40.710185,-73.997636,Manhattan
Lincoln Terrace / Arthur S. Somers Park,40.666308,-73.927575,Brooklyn
Willowbrook Park,40.604623,-74.155298,Staten Island
Manhattan Beach Park,40.575933,-73.94635,Brooklyn
Squibb Park,40.70103,-73.995422,Brooklyn
Dyker Beach Park,40.605678,-74.017769,Brooklyn
Washington Square Park,40.730789,-73.998481,Manhattan
Brooklyn Bridge Park,40.692898,-74.00171,Brooklyn
Mafera Park,40.708277,-73.890698,Queens
Coney Island Boat Basin,40.58286,-73.989209,Brooklyn
Rev. T. Wendell Foster Park and Recreation Center,40.83148,-73.925154,Bronx
Detective Keith L Williams Park,40.701723,-73.784254,Queens
The Pearly Gates,40.838936,-73.845426,Bronx
Roy Wilkins Recreation Center,40.687924,-73.772918,Queens
Central Park,40.780556,-73.968881,Manhattan
Roebling Playground,40.706468,-73.961852,Brooklyn
Silver Lake Park,40.626138,-74.093461,Staten Island
Bloomingdale Park,40.533467,-74.210469,Staten Island
Pelham Bay Park,40.848212,-73.825505,Bronx
Frank Principe Park,40.728339,-73.905387,Queens
Queensbridge Park,40.756955,-73.947113,Queens
Crotona Park,40.840033,-73.895347,Bronx
Dyker Beach Park,40.610262,-74.014699,Brooklyn
Van Cortlandt Park,40.890029,-73.896489,Bronx
Bronx Park,40.846972,-73.869844,Bronx
Henry Hudson Park,40.881004,-73.921534,Bronx
People's Park,40.809331,-73.916946,Bronx
Flushing Meadows Corona Park,40.740431,-73.841935,Queens
The Battery,40.702428,-74.016282,Manhattan
Playground One,40.712158,-73.997463,Manhattan
Canarsie Park,40.630688,-73.893195,Brooklyn
Forest Park,40.702459,-73.868622,Queens
Rockaway Beach and Boardwalk,40.591836,-73.762474,Queens
Pelham Bay Park,40.870273,-73.788302,Bronx
Central Park,40.766971,-73.971929,Manhattan
Thomas Greene Playground,40.680632,-73.985635,Brooklyn
Columbus Park,40.715298,-73.999717,Manhattan
Peter Detmold Park,40.753341,-73.963952,Manhattan
Forest Park,40.700768,-73.852775,Queens
Junction Playground,40.754848,-73.872202,Queens
Manhattan Beach Park,40.576767,-73.94297,Brooklyn
Bronx Park,40.85578,-73.870367,Bronx
Sperandeo Brothers Playground,40.676875,-73.884473,Brooklyn
Coney Island Beach & Boardwalk,40.574757,-73.964153,Brooklyn
Flushing Meadows Corona Park,40.744767,-73.838761,Queens
Police Officer Edward Byrne Park,40.667438,-73.807024,Queens
Stuyvesant Square,40.733214,-73.984548,Manhattan
Central Park,40.768913,-73.977004,Manhattan
Arsenal West,40.769783,-73.98292,Manhattan
The Battery,40.702222,-74.01299,Manhattan
Ramon Aponte Park,40.761461,-73.989475,Manhattan
Coney Island Beach & Boardwalk,40.571806,-73.999161,Brooklyn
Washington Skate Park,40.672271,-73.985467,Brooklyn
Alice Kornegay Triangle,40.806566,-73.935548,Manhattan
Marine Park,40.601492,-73.931972,Brooklyn
Amelia Gorman Park,40.855309,-73.932185,Manhattan
Rockaway Beach and Boardwalk,40.593166,-73.752569,Queens
Poe Park,40.864255,-73.895053,Bronx
Fort Washington Park,40.841992,-73.946656,Manhattan
Prospect Park,40.654882,-73.972731,Brooklyn
Norelli-Hargreaves Playground,40.690478,-73.809194,Queens
Grover Cleveland Playground,40.711267,-73.910882,Queens
Juniper Valley Park,40.720339,-73.875879,Queens
Coney Island Beach & Boardwalk,40.573452,-73.976138,Brooklyn
Cunningham Park,40.73939,-73.764646,Queens
Flushing Meadows Corona Park,40.743573,-73.842252,Queens
Rockaway Beach Boardwalk,40.583219,-73.816453,Queens
Brigadier General Charles Young Playground,40.819768,-73.936137,Manhattan
Riverside Park,40.804589,-73.971262,Manhattan
Silver Lake Park,40.627473,-74.100591,Staten Island
Owl's Head Park,40.640489,-74.033533,Brooklyn
Prospect Park,40.661651,-73.965858,Brooklyn
Central Park,40.790471,-73.954649,Manhattan
Dr. Charles R. Drew Park,40.680284,-73.802448,Queens
Flushing Meadows Corona Park,40.741195,-73.849571,Queens
Chelsea Recreation Center,40.748296,-74.002219,Manhattan
Roberto Clemente Ballfield,40.706735,-73.967686,Brooklyn
Kissena Park,40.747641,-73.804401,Queens
Franklin D. Roosevelt Boardwalk and Beach,40.588442,-74.067394,Staten Island
Central Park,40.7738,-73.966757,Manhattan
Flushing Meadows Corona Park,40.759985,-73.849406,Queens
Calvert Vaux Park,40.587565,-73.990841,Brooklyn
Fort Hamilton Athletic Field,40.626087,-74.037417,Brooklyn
South Rochdale Playground,40.673924,-73.768796,Queens
"Phil ""Scooter"" Rizzuto Park",40.695001,-73.822533,Queens
Haffen Park,40.873576,-73.838946,Bronx
Hermon A. MacNeil Park,40.793514,-73.851517,Queens
Dutch Kills Playground,40.757721,-73.933431,Queens
Jennifer's Playground,40.619897,-74.163452,Staten Island
St. Nicholas Park,40.813942,-73.950843,Manhattan
Blood Root Valley,40.591772,-74.139254,Staten Island
Laurelton Parkway,40.684888,-73.726915,Queens
Howard Pool,40.672864,-73.909099,Brooklyn
Randall's Island Park,40.796279,-73.915906,Manhattan
Frank D. O'Connor Playground,40.744091,-73.886962,Queens
Franklin D. Roosevelt Boardwalk and Beach,40.568647,-74.091634,Staten Island
Hickman Playground,40.620526,-73.913195,Brooklyn
Flushing Meadows Corona Park,40.763196,-73.860179,Queens
Century Playground,40.577116,-73.970924,Brooklyn
Central Park,40.774578,-73.972405,Manhattan
Gravesend Park,40.62341,-73.98393,Brooklyn
Marine Park,40.604031,-73.930653,Brooklyn
Central Park,40.794479,-73.951319,Manhattan
Fort Tryon Park,40.861892,-73.933292,Manhattan
Franklin D. Roosevelt Boardwalk and Beach,40.575367,-74.081206,Staten Island
St. John's Park,40.673972,-73.935529,Brooklyn
Shore Park and Parkway,40.633306,-74.038725,Brooklyn
Flushing Meadows Corona Park,40.747679,-73.839251,Queens
Van Cortlandt Park,40.890014,-73.881239,Bronx
Hilton White Playground,40.822831,-73.907452,Bronx
Prospect Park,40.665364,-73.965469,Brooklyn
John V. Lindsay East River Park,40.721511,-73.974214,Manhattan
Detective William T. Gunn Playground,40.731429,-73.732087,Queens
Macombs Dam Park,40.82759,-73.928244,Bronx
Thomas Jefferson Park,40.793959,-73.936481,Manhattan
St. John's Park,40.673861,-73.934891,Brooklyn
Juniper Valley Park,40.721122,-73.879234,Queens
Coney Island Beach & Boardwalk,40.572981,-73.980521,Brooklyn
Soundview Park,40.819128,-73.878091,Bronx
Old Town Playground,40.595798,-74.081371,Staten Island
Wagner Playground,40.799745,-73.934469,Manhattan
Oracle Playground,40.693777,-73.971786,Brooklyn
Stars & Stripes Playground,40.885526,-73.839082,Bronx
Dunbar Playground,40.82266,-73.906415,Bronx
Battery Park City,40.713545,-74.016883,Manhattan
Aesop Park,40.509589,-74.230214,Staten Island
Marine Park,40.597246,-73.927803,Brooklyn
Sheltering Arms Playground,40.815075,-73.955413,Manhattan
D'Emic Playground,40.655966,-74.00464,Brooklyn
Astoria Heights Playground,40.760158,-73.911556,Queens
Beach 17 Playground,40.594891,-73.747149,Queens
Astoria Park,40.78027,-73.919593,Queens
James Weldon Johnson Playground,40.797258,-73.942294,Manhattan
Marcy Playground,40.695378,-73.950913,Brooklyn
Highbridge Park,40.842788,-73.934216,Manhattan
The Olde Towne of Flushing Burial Ground,40.755651,-73.801959,Queens
St. Andrew's Playground,40.679133,-73.94245,Brooklyn
Marion Hopkinson Playground,40.681666,-73.913572,Brooklyn
Cooper Triangle,40.728739,-73.990846,Manhattan
Williamsbridge Oval,40.878589,-73.876986,Bronx
Wards Island Park,40.783881,-73.925836,Manhattan
Calvert Vaux Park,40.587936,-73.990216,Brooklyn
Recreational Area,40.828427,-73.952928,Manhattan
Oxport Playground,40.697711,-73.976449,Brooklyn
Red Hook Recreation Area,40.672382,-74.004045,Brooklyn
De Witt Clinton Park,40.767991,-73.994591,Manhattan
Herbert Von King Park,40.690087,-73.94647,Brooklyn
Dr. Ronald McNair Park,40.67025,-73.961997,Brooklyn
Almeda Playground,40.593791,-73.794409,Queens
Aqueduct Walk,40.85836,-73.908035,Bronx
Riverside Park,40.797081,-73.974755,Manhattan
Tall Oak Playground,40.746288,-73.758246,Queens
Parade Ground,40.651594,-73.965417,Brooklyn
Coney Island Beach & Boardwalk,40.572133,-74.001113,Brooklyn
Rockaway Beach and Boardwalk,40.586485,-73.800005,Queens
Arsenal North,40.793092,-73.951366,Manhattan
Saratoga Park,40.684838,-73.920113,Brooklyn
Flushing Meadows Corona Park,40.760933,-73.84714,Queens
Prospect Park,40.665219,-73.975115,Brooklyn
George Walker Jr. Park,40.678563,-73.895439,Brooklyn
Bronx River Parkway,40.82134,-73.871707,Bronx
Van Cortlandt Park,40.895368,-73.893152,Bronx
P.S. 155 Playground,40.797416,-73.935452,Manhattan
Brownsville Playground,40.656223,-73.902784,Brooklyn
Bronx Park,40.847141,-73.870393,Bronx
Houston Playground,40.672162,-73.905042,Brooklyn
Central Park,40.783793,-73.965843,Manhattan
Challenge Playground,40.756788,-73.728111,Queens
Walker Park,40.643048,-74.110229,Staten Island
Hunter's Point South Park,40.740063,-73.960046,Queens
Central Park,40.789419,-73.96395,Manhattan
Sixteen Sycamores Playground,40.686867,-73.981344,Brooklyn
Highland Park,40.684627,-73.885072,Queens
Kennedy King Playground,40.658532,-73.922032,Brooklyn
Old Town Playground,40.595084,-74.081003,Staten Island
Crosson Park,40.742946,-73.895847,Queens
McGuire Fields,40.620474,-73.901339,Brooklyn
Betsy Head Park,40.66348,-73.912439,Brooklyn
Central Park,40.788422,-73.966262,Manhattan
Coney Island Beach & Boardwalk,40.57462,-73.965423,Brooklyn
Pfc Norton Playground,40.614616,-73.944896,Brooklyn
Asser Levy Playground,40.736109,-73.976196,Manhattan
Frank Golden Park,40.7852,-73.834581,Queens
Carl Schurz Park,40.774034,-73.943899,Manhattan
College Point Fields,40.776598,-73.838262,Queens
Central Park,40.793442,-73.960639,Manhattan
Maria Hernandez Park,40.703862,-73.923256,Brooklyn
De Matti Park,40.614279,-74.074155,Staten Island
Cunningham Park,40.727955,-73.774503,Queens
Colden Playground,40.770519,-73.827716,Queens
Morningside Park,40.806304,-73.958251,Manhattan
McCaffrey Playground,40.758965,-73.991207,Manhattan
McCarren Park,40.720081,-73.94993,Brooklyn
Triborough Bridge Playground C,40.773833,-73.922316,Queens
The Battery,40.702097,-74.016392,Manhattan
J. Hood Wright Park,40.846892,-73.9414,Manhattan
Columbus Park,40.692998,-73.989915,Brooklyn
Golconda Playground,40.697839,-73.982873,Brooklyn
Real Good Playground,40.735415,-73.857273,Queens
Andries Playground,40.62324,-73.946558,Brooklyn
Yak Playground,40.592204,-73.936826,Brooklyn
Star Spangled Playground,40.691618,-73.957858,Brooklyn
Vidalia Park,40.843683,-73.881196,Bronx
Belmont Playground,40.850559,-73.887522,Bronx
Rockaway Beach Boardwalk,40.579499,-73.828959,Queens
Bush Terminal Park,40.653293,-74.019177,Brooklyn
Manhattan Beach Park,40.577531,-73.940473,Brooklyn
Ehrenreich-Austin Playground,40.715919,-73.837137,Queens
Behagen Playground,40.825141,-73.901098,Bronx
Fox Playground,40.632887,-73.923805,Brooklyn
Dr. Gertrude B. Kelly Playground,40.741679,-74.002074,Manhattan
Belt Parkway/Shore Parkway,40.61986,-73.898337,Brooklyn
Flushing Meadows Corona Park,40.751336,-73.849373,Queens
Devoe Park,40.86378,-73.90494,Bronx
Crocheron Park,40.770231,-73.768849,Queens
Bill Brown Playground,40.591613,-73.945787,Brooklyn
Central Park,40.784327,-73.958704,Manhattan
Chelsea Park,40.750035,-74.000363,Manhattan
Friends Field,40.618544,-73.972112,Brooklyn
Detective Keith L Williams Park,40.702609,-73.783579,Queens
Dyker Beach Park,40.61364,-74.013664,Brooklyn
Lafayette Playground,40.692481,-73.930048,Brooklyn
Prospect Park,40.652998,-73.966241,Brooklyn
Julio Carballo Fields,40.814958,-73.889238,Bronx
Owen F. Dolen Park,40.840683,-73.84258,Bronx
Lafayette Gardens Playground,40.690041,-73.95745,Brooklyn
Soundview Park,40.818844,-73.870572,Bronx
Harry Maze Playground,40.64294,-73.923162,Brooklyn
Archie Spigner Park,40.693641,-73.779971,Queens
Pelham Bay Park,40.865282,-73.794763,Bronx
Benninger Playground,40.706968,-73.898126,Queens
Highland Park,40.683664,-73.887734,Queens
Railroad Playground,40.649537,-73.914247,Brooklyn
Tudor Park,40.671973,-73.849166,Queens
Central Park,40.791614,-73.958286,Manhattan
Alley Pond Park,40.741548,-73.740161,Queens
Forest Park,40.695622,-73.864867,Queens
Rocket Playground,40.670521,-73.846554,Queens
Harry Maze Playground,40.643485,-73.923261,Brooklyn
Clove Lakes Park,40.616459,-74.104421,Staten Island
Howard Bennett Playground,40.813525,-73.938605,Manhattan
Allen Street Malls,40.716342,-73.991873,Manhattan
Juniper Valley Park,40.718644,-73.884488,Queens
Jacob Joffe Fields,40.62473,-73.919474,Brooklyn
Steuben Playground,40.697541,-73.963531,Brooklyn
Glenwood Playground,40.636499,-73.919921,Brooklyn
Bellevue South Park,40.739742,-73.978267,Manhattan
Carl Schurz Park,40.773713,-73.945276,Manhattan
East River Playground,40.789235,-73.937855,Manhattan
Laurelton Parkway,40.684351,-73.727439,Queens
Joseph Austin Playground,40.71558,-73.801229,Queens
Roy Wilkins Recreation Center,40.686028,-73.769606,Queens
GREENSTREET,40.583393,-73.920913,Brooklyn
Henry Hudson Park,40.882257,-73.918222,Bronx
Highbridge Park,40.852608,-73.927002,Manhattan
Bill Rainey Park,40.81875,-73.898323,Bronx
Barretto Point Park,40.804415,-73.888781,Bronx
Auburndale Playground,40.765913,-73.794414,Queens
Kissena Park,40.742739,-73.808293,Queens
South Pacific Playground,40.675681,-73.919745,Brooklyn
Quaker Parrot Park at the Dust Bowl,40.63302,-74.013525,Brooklyn
Pelham Bay Park,40.846618,-73.824455,Bronx
Van Cortlandt Park,40.887466,-73.897461,Bronx
Central Park,40.788813,-73.961881,Manhattan
Flushing Meadows Corona Park,40.751034,-73.842417,Queens
Cunningham Park,40.729573,-73.773667,Queens
Beach 30th Street Playground,40.592527,-73.76081,Queens
Paul Raimonda Playground,40.772787,-73.897742,Queens
Little Flower Playground,40.712194,-73.988578,Manhattan
Webster Playground,40.859496,-73.892978,Bronx
Haffen Park,40.873533,-73.839303,Bronx
Juniper Valley Park,40.719946,-73.882979,Queens
Glendale Veterans Triangle,40.701845,-73.880833,Queens
Twenty-Four Sycamores Park,40.759471,-73.95864,Manhattan
Co-op City Field,40.876256,-73.823875,Bronx
Linden Park,40.658645,-73.887606,Brooklyn
Lost Battalion Hall Recreation Center,40.731806,-73.865514,Queens
Central Park,40.773691,-73.975935,Manhattan
Mafera Park,40.706723,-73.891742,Queens
Randall's Island Park,40.794721,-73.916281,Manhattan
Crotona Park,40.837896,-73.890411,Bronx
Wingate Park,40.657691,-73.944573,Brooklyn
Shore Park and Parkway,40.628177,-74.040607,Brooklyn
Bronx Park,40.859045,-73.871223,Bronx
Central Park,40.768059,-73.980958,Manhattan
Tompkins Square Park,40.726946,-73.982131,Manhattan
Forest Park,40.702377,-73.854623,Queens
Greenwood Playground,40.649898,-73.975977,Brooklyn
Fort Greene Park,40.690201,-73.973594,Brooklyn
Cambria Playground,40.688832,-73.742321,Queens
Rockaway Beach Boardwalk,40.586408,-73.801864,Queens
Marble Hill Playground,40.87772,-73.908046,Bronx
Potomac Playground,40.682076,-73.944269,Brooklyn
Beach 30th Street Playground,40.59247,-73.76178,Queens
Soundview Park,40.817607,-73.872176,Bronx
Riverside Park South,40.776122,-73.991488,Manhattan
Francis Lewis Park,40.796205,-73.825636,Queens
Clove Lakes Park,40.617712,-74.110543,Staten Island
Freshkills Park,40.562869,-74.195526,Staten Island
Walt Whitman Park,40.697887,-73.989367,Brooklyn
Bushwick Playground,40.696177,-73.912045,Brooklyn
Telephone Playground,40.738368,-73.756878,Queens
Cardozo Playground,40.593576,-73.786955,Queens
Bronx River Parkway,40.884311,-73.866953,Bronx
Poseidon Playground,40.572054,-73.9922,Brooklyn
Nelson Playground,40.834734,-73.927073,Bronx
Sara D. Roosevelt Park,40.722434,-73.991186,Manhattan
Fort Hamilton Athletic Field,40.62686,-74.036285,Brooklyn
Cunningham Park,40.736715,-73.770538,Queens
Whalen Playground,40.874272,-73.87787,Bronx
Riverside Park,40.791563,-73.97944,Manhattan
The High Line,40.753602,-74.004205,Manhattan
Forest Park,40.710769,-73.835496,Queens
John V. Lindsay East River Park,40.712765,-73.977242,Manhattan
Crotona Park,40.8381,-73.898705,Bronx
Bloomingdale Park,40.533432,-74.208688,Staten Island
First Park,40.723253,-73.988963,Manhattan
Rienzi Playground,40.887769,-73.858813,Bronx
Central Park,40.782221,-73.971188,Manhattan
Howard Pool,40.672823,-73.909069,Brooklyn
Rev. T. Wendell Foster Park and Recreation Center,40.831544,-73.924133,Bronx
MacLaughlin Playground,40.887815,-73.90553,Bronx
Highbridge Park,40.838128,-73.935939,Manhattan
Owen F. Dolen Park,40.840683,-73.84258,Bronx
Beach 30th Street Playground,40.592707,-73.763823,Queens
Faber Pool and Park,40.641125,-74.135725,Staten Island
Flushing Meadows Corona Park,40.766166,-73.862527,Queens
Ambrosini Field,40.844297,-73.783939,Bronx
Inwood Hill Park,40.870266,-73.921558,Manhattan
East Springfield Playground,40.697978,-73.74037,Queens
Sunrise Playground,40.65264,-73.7367,Queens
Prospect Park,40.660823,-73.965281,Brooklyn
Riverside Park,40.797644,-73.976748,Manhattan
Prospect Park,40.653407,-73.967924,Brooklyn
Fort Greene Park,40.691956,-73.974786,Brooklyn
Big Bush Playground,40.739069,-73.902813,Queens
Central Park,40.770073,-73.970204,Manhattan
Central Park,40.767615,-73.971224,Manhattan
Vinmont Veteran Park,40.902132,-73.90498,Bronx
Commodore Barry Park,40.696604,-73.977705,Brooklyn
Central Park,40.775721,-73.965366,Manhattan
Central Park,40.797073,-73.951231,Manhattan
Galapo Playground,40.597881,-73.946668,Brooklyn
Louis Armstrong Community Center,40.757223,-73.861253,Queens
Robert E. Venable Park,40.673951,-73.8653,Brooklyn
Harvey Park,40.783141,-73.823731,Queens
Flushing Meadows Corona Park,40.730046,-73.835121,Queens
Greenwood Playground,40.650426,-73.976518,Brooklyn
Randall's Island Park,40.795454,-73.918887,Manhattan
Nostrand Playground,40.637529,-73.946819,Brooklyn
Matthews Muliner Playground,40.847036,-73.861514,Bronx
St. James Park,40.865431,-73.898522,Bronx
Marconi Park,40.693252,-73.795611,Queens
Tompkins Square Park,40.72612,-73.982587,Manhattan
Concrete Plant Park,40.826061,-73.885066,Bronx
Kolbert Playground,40.619893,-73.957682,Brooklyn
Metropolitan Recreation Center,40.715012,-73.960317,Brooklyn
McKinley Park,40.626524,-74.016917,Brooklyn
Starlight Park,40.833438,-73.883164,Bronx
Nathan Straus Playground,40.719057,-73.984029,Manhattan
Thomas Jefferson Park,40.792466,-73.935665,Manhattan
Valentino Pier,40.678434,-74.017693,Brooklyn
Fort Totten Park,40.794239,-73.775617,Queens
Forest Park,40.698786,-73.858531,Queens
Fort Washington Park,40.840231,-73.947769,Manhattan
Inwood Hill Park,40.870679,-73.931809,Manhattan
Captain William Harry Thompson Playground,40.834288,-73.877947,Bronx
Kosciuszko Pool,40.691293,-73.948752,Brooklyn
Central Park,40.767631,-73.971305,Manhattan
Flushing Meadows Corona Park,40.737072,-73.845691,Queens
Rev. T. Wendell Foster Park and Recreation Center,40.83339,-73.923383,Bronx
Prospect Park,40.656401,-73.973582,Brooklyn
Battery Park City,40.705065,-74.01839,Manhattan
Louis Pasteur Park,40.762354,-73.735984,Queens
Virginia Park,40.833426,-73.862565,Bronx
Seth Low Playground/ Bealin Square,40.609079,-73.985968,Brooklyn
McLaughlin Park,40.696665,-73.986651,Brooklyn
Neighborhood Parks,40.689851,-73.996516,Brooklyn
St. Nicholas Park,40.820494,-73.946677,Manhattan
Albert Capsouto Park,40.721924,-74.005727,Manhattan
Randall's Island Park,40.79288,-73.924708,Manhattan
Kissena Corridor Park,40.746352,-73.821547,Queens
Sherman Creek,40.860962,-73.918432,Manhattan
Rappaport Playground,40.637051,-74.001222,Brooklyn
Rockaway Beach Boardwalk,40.584493,-73.811362,Queens
Midland Field,40.576585,-74.099485,Staten Island
Quarry Ballfields,40.850556,-73.890496,Bronx
Whitestone Playground,40.792187,-73.80879,Queens
Red Hook Recreation Area,40.672382,-74.004045,Brooklyn
Van Cortlandt Park,40.8851,-73.890504,Bronx
Twenty-Four Sycamores Park,40.759438,-73.958842,Manhattan
College Point Park,40.78555,-73.846529,Queens
College Point Fields,40.777932,-73.838788,Queens
Juniper Valley Park,40.719753,-73.884817,Queens
Zimmerman Playground,40.866134,-73.868706,Bronx
St. Mary's Park,40.676319,-73.997122,Brooklyn
MacArthur Playground,40.752479,-73.964981,Manhattan
Heckscher Playground,40.69499,-73.918462,Brooklyn
Jaime Campiz Playground,40.713778,-73.954371,Brooklyn
Wagner Houses Pool,40.801773,-73.933016,Manhattan
Callahan-Kelly Playground,40.678124,-73.904648,Brooklyn
Forest Park,40.698811,-73.858404,Queens
McCarren Park,40.720386,-73.951923,Brooklyn
Bowne Playground,40.758025,-73.824752,Queens
Gen. Douglas MacArthur Park,40.585689,-74.100951,Staten Island
Central Park,40.770482,-73.976687,Manhattan
Bill Brown Playground,40.592018,-73.945705,Brooklyn
Ferry Point Park,40.811902,-73.838475,Bronx
Jacob H. Schiff Playground,40.820107,-73.951722,Manhattan
McCarren Park,40.719241,-73.949396,Brooklyn
Cooney Grauer Field,40.880425,-73.900983,Bronx
Baisley Pond Park,40.681373,-73.786443,Queens
Jerome Playground,40.658848,-73.87951,Brooklyn
Dyker Beach Park,40.612558,-74.012322,Brooklyn
Prospect Park,40.662501,-73.974353,Brooklyn
Flushing Meadows Corona Park,40.748053,-73.841443,Queens
East River Waterfront Esplanade,40.703209,-74.007514,Manhattan
Walter Ward Playground,40.657254,-73.843539,Queens
Breininger Park,40.726487,-73.729203,Queens
Central Park,40.791725,-73.964139,Manhattan
Cunningham Park,40.731024,-73.771519,Queens
Midland Field,40.575957,-74.097422,Staten Island
Bronx Park,40.854379,-73.870106,Bronx
Marcus Garvey Park,40.805931,-73.943732,Manhattan
Flushing Meadows Corona Park,40.722963,-73.827119,Queens
Alley Pond Park,40.74061,-73.750156,Queens
Central Park,40.789416,-73.965852,Manhattan
Brookville Park,40.663521,-73.741139,Queens
Tudor Park,40.672978,-73.853997,Queens
E.M.T. Christopher J. Prescott Playground,40.522478,-74.18577,Staten Island
Prospect Park,40.668541,-73.968074,Brooklyn
Hell's Kitchen Park,40.763054,-73.992594,Manhattan
Morningside Park,40.809734,-73.955979,Manhattan
Little Claremont Playground,40.838976,-73.903598,Bronx
Rolph Henry Playground,40.655824,-73.947546,Brooklyn
Grant Park,40.836019,-73.913863,Bronx
John E. White Park,40.607412,-74.063025,Staten Island
Central Park,40.79114,-73.959227,Manhattan
Fort Totten Park,40.795306,-73.777321,Queens
Belmont Playground,40.675619,-73.863013,Brooklyn
Virginia Playground,40.834144,-73.862125,Bronx
Jesse Owens Playground,40.691452,-73.932059,Brooklyn
Lyons Square Playground,40.822706,-73.88817,Bronx
Lillian D Wald Playground,40.711958,-73.983973,Manhattan
Williamsbridge Oval,40.876656,-73.878571,Bronx
Randall's Island Park,40.79288,-73.924708,Manhattan
Fort Washington Park,40.839914,-73.947913,Manhattan
Coney Island Beach & Boardwalk,40.573494,-73.97574,Brooklyn
Central Park,40.769085,-73.98076,Manhattan
Flushing Meadows Corona Park,40.759668,-73.852475,Queens
Spring Creek Park,40.648384,-73.874021,Brooklyn
Crack Is Wack Playground,40.804413,-73.93217,Manhattan
Cunningham Park,40.738367,-73.771943,Queens
Sternberg Park,40.706599,-73.946594,Brooklyn
Rockaway Beach Boardwalk,40.580383,-73.826643,Queens
Flushing Meadows Corona Park,40.751498,-73.843449,Queens
McCarren Park,40.721584,-73.949967,Brooklyn
Central Park,40.78474,-73.96726,Manhattan
Callahan-Kelly Playground,40.678509,-73.904903,Brooklyn
Pelham Bay Park,40.851833,-73.824754,Bronx
Frank Principe Park,40.727178,-73.904043,Queens
Thomas Jefferson Park,40.794326,-73.936602,Manhattan
Baisley Pond Park,40.668154,-73.788942,Queens
Leif Ericson Park,40.630582,-74.011521,Brooklyn
Flushing Meadows Corona Park,40.74457,-73.839938,Queens
Fox Park,40.814948,-73.898474,Bronx
Carl Schurz Park,40.773605,-73.945097,Manhattan
Central Park,40.771487,-73.977626,Manhattan
Downing Street Playground,40.729832,-74.002784,Manhattan
John V. Lindsay East River Park,40.723545,-73.972506,Manhattan
Bushwick Playground,40.69613,-73.913028,Brooklyn
Travers Park,40.753826,-73.889116,Queens
De Witt Clinton Park,40.768385,-73.993278,Manhattan
Marie Curie Playground,40.756505,-73.771868,Queens
Ten Eyck Playground,40.708856,-73.938586,Brooklyn
Triborough Bridge Playground C,40.773927,-73.922404,Queens
Carroll Park,40.680954,-73.994923,Brooklyn
Utopia Playground,40.730524,-73.792709,Queens
Willowbrook Park,40.6056,-74.154865,Staten Island
Alley Park,40.747186,-73.744833,Queens
Coleman Playground,40.711118,-73.993253,Manhattan
Hilltop Playground,40.675091,-73.914413,Brooklyn
Central Park,40.793076,-73.958431,Manhattan
Little Bay Park,40.787889,-73.792825,Queens
Inwood Hill Park,40.869437,-73.922022,Manhattan
Taaffe Playground,40.69512,-73.960535,Brooklyn
Dimattina Playground,40.680487,-74.001915,Brooklyn
Jesse Owens Playground,40.690983,-73.932484,Brooklyn
John J Carty Park,40.61182,-74.031652,Brooklyn
Cunningham Park,40.726008,-73.775247,Queens
Carl Schurz Park,40.77645,-73.9433,Manhattan
P.S. 29 Ballfield,40.821426,-73.915925,Bronx
Marconi Park,40.694058,-73.795238,Queens
Fort Independence Playground,40.881416,-73.896042,Bronx
Willis Playground,40.810904,-73.923285,Bronx
Flushing Meadows Corona Park,40.751336,-73.849373,Queens
Tottenville Pool,40.50585,-74.235291,Staten Island
Idlewild Park,40.655151,-73.753739,Queens
Nautilus Playground,40.571621,-73.99605,Brooklyn
Montbellier Park,40.673933,-73.756935,Queens
West Harlem Piers,40.819868,-73.960257,Manhattan
Brigadier General Charles Young Playground,40.819254,-73.936539,Manhattan
Austin J. McDonald Playground,40.629441,-74.114967,Staten Island
Lincoln Terrace / Arthur S. Somers Park,40.665853,-73.927789,Brooklyn
Two Coves Community Garden,40.772137,-73.932178,Queens
Bensonhurst Park,40.597074,-73.999816,Brooklyn
Bushwick Inlet Park,40.721913,-73.960596,Brooklyn
Pomonok Playground,40.736108,-73.813996,Queens
Clintonville Playground,40.783017,-73.807546,Queens
Kelly Park Playground,40.604462,-73.9579,Brooklyn
Torsney Playground,40.747126,-73.921526,Queens
John V. Lindsay East River Park,40.722196,-73.97383,Manhattan
Bridge Park,40.845729,-73.927581,Bronx
Decatur Playground,40.681431,-73.9364,Brooklyn
Bicentennial Veterans Memorial Park,40.823776,-73.813812,Bronx
Sternberg Park,40.70686,-73.946869,Brooklyn
Rockaway Freeway,40.590925,-73.808763,Queens
Bronx Park,40.847141,-73.870393,Bronx
Rockaway Beach Boardwalk,40.585883,-73.806417,Queens
Central Park,40.793012,-73.955441,Manhattan
Red Hook Recreation Area,40.673747,-74.003807,Brooklyn
Flushing Meadows Corona Park,40.747725,-73.839275,Queens
Cadman Plaza Park,40.699554,-73.99023,Brooklyn
John Jay Park,40.768944,-73.949819,Manhattan
Edmonds Playground,40.689107,-73.971545,Brooklyn
Sorrentino Recreation Center,40.602437,-73.751374,Queens
Whitefish Triangle,40.725141,-73.898769,Queens
Bushwick Playground,40.701867,-73.939377,Brooklyn
Rev. Dr. Maggie Howard Playground,40.622661,-74.079251,Staten Island
Sunset Park,40.64772,-74.002961,Brooklyn
Sankofa Park,40.665469,-73.886125,Brooklyn
Jacobs Riis Park,40.568549,-73.865034,Queens
Middle Village Playground,40.710188,-73.873474,Queens
Beach 17 Playground,40.594387,-73.750342,Queens
Nostrand Playground,40.638308,-73.946871,Brooklyn
Rufus King Park,40.702832,-73.804348,Queens
Tompkins Square Park,40.726549,-73.980459,Manhattan
Franklin D. Roosevelt Boardwalk and Beach,40.572498,-74.085925,Staten Island
Manhattan Beach Park,40.575956,-73.946337,Brooklyn
Davis Playground,40.642072,-74.085595,Staten Island
Tappen Park,40.62675,-74.076771,Staten Island
Randall's Island Park,40.799533,-73.923414,Manhattan
Frontera Park,40.724776,-73.895402,Queens
Murray Hill Playground,40.761482,-73.811668,Queens
West Harlem Piers,40.818308,-73.961736,Manhattan
McLaughlin Park,40.696716,-73.985548,Brooklyn
Moore Playground,40.809498,-73.938551,Manhattan
Flushing Meadows Corona Park,40.745464,-73.845893,Queens
Pulaski Park,40.805164,-73.924082,Bronx
Thomas Jefferson Park,40.793642,-73.93678,Manhattan
Franklin D. Roosevelt Boardwalk and Beach,40.590109,-74.065126,Staten Island
Van Cortlandt Park,40.896846,-73.895164,Bronx
St. Mary's Park,40.811468,-73.914103,Bronx
Bronx River Parkway,40.827055,-73.873648,Bronx
John V. Lindsay East River Park,40.713394,-73.976635,Manhattan
Parade Ground,40.650151,-73.970705,Brooklyn
Stapleton Esplanade,40.62819,-74.072595,Staten Island
Baisley Pond Park,40.673931,-73.785259,Queens
Claremont Park,40.840929,-73.905445,Bronx
Stroud Playground,40.674844,-73.961962,Brooklyn
Inwood Hill Park,40.87122,-73.930757,Manhattan
Bensonhurst Park,40.59562,-74.001455,Brooklyn
Baisley Pond Park,40.68118,-73.787126,Queens
Martin Luther Playground,40.645804,-74.019499,Brooklyn
Colucci Playground,40.852545,-73.834661,Bronx
Poor Richard's Playground,40.792675,-73.942542,Manhattan
College Point Fields,40.777457,-73.837301,Queens
Frontera Park,40.724591,-73.894959,Queens
Cunningham Park,40.736067,-73.76856,Queens
Father Macris Park,40.616732,-74.16293,Staten Island
Pelham Bay Park,40.849328,-73.824745,Bronx
MacArthur Playground,40.752364,-73.965006,Manhattan
Gen. Douglas MacArthur Park,40.587469,-74.099908,Staten Island
Sheepshead Playground,40.58909,-73.940264,Brooklyn
Haffen Park,40.87285,-73.839878,Bronx
Harold Schneiderman Playground,40.664701,-73.850438,Queens
Central Park,40.777289,-73.963923,Manhattan
Central Park,40.796827,-73.949914,Manhattan
City Line Park,40.679143,-73.87586,Brooklyn
Yak Playground,40.592412,-73.935806,Brooklyn
Prospect Park,40.665391,-73.974163,Brooklyn
Joseph C. Sauer Park,40.72835,-73.979929,Manhattan
St. John's Park,40.674383,-73.934514,Brooklyn
St. Michael's Playground,40.758205,-73.900267,Queens
Beach 9 Playground,40.595459,-73.745846,Queens
Asser Levy Playground,40.736143,-73.975668,Manhattan
Dean Playground,40.680649,-73.972945,Brooklyn
Kissena Park,40.747499,-73.807693,Queens
Parade Ground,40.650335,-73.968371,Brooklyn
Sara D. Roosevelt Park,40.720424,-73.992258,Manhattan
Beach 17 Playground,40.594732,-73.750099,Queens
Seton Park,40.885438,-73.916106,Bronx
Coney Island Beach & Boardwalk,40.572407,-73.986711,Brooklyn
Central Park,40.772363,-73.96784,Manhattan
Hallets Cove Playground,40.771795,-73.934551,Queens
Skyline Playground,40.639261,-74.089972,Staten Island
Neptune Playground,40.578438,-73.980614,Brooklyn
Astoria Park,40.779552,-73.92255,Queens
Curtis Playground,40.641187,-73.917343,Brooklyn
Central Park,40.767631,-73.971305,Manhattan
Baisley Pond Park,40.670561,-73.788385,Queens
Starr Playground,40.709816,-73.917768,Queens
Aqueduct Walk,40.85775,-73.908426,Bronx
John V. Lindsay East River Park,40.718297,-73.973755,Manhattan
Dimattina Playground,40.680213,-74.002914,Brooklyn
Mitchel Square,40.840099,-73.940076,Manhattan
Breukelen Ballfields,40.651809,-73.891053,Brooklyn
Dyker Beach Park,40.60651,-74.020244,Brooklyn
Southern Fields,40.665541,-73.824487,Queens
Tucker Place,40.58356,-73.941502,Brooklyn
Helen Marshall Playground,40.765956,-73.870206,Queens
Tecumseh Playground,40.781805,-73.978756,Manhattan
Bush Terminal Park,40.651628,-74.020887,Brooklyn
Astoria Park,40.778529,-73.922167,Queens
Red Hook Recreation Area,40.672655,-74.004588,Brooklyn
Riverside Park,40.825682,-73.953835,Manhattan
Silver Lake Park,40.626821,-74.09422,Staten Island
Spring Street Park,40.724983,-74.004543,Manhattan
Riverside Park,40.783474,-73.984823,Manhattan
Schmul Park,40.590114,-74.187811,Staten Island
Sol Lain Plgd,40.714267,-73.983972,Manhattan
Irving Square Park,40.692818,-73.908809,Brooklyn
Webster Playground,40.859269,-73.892878,Bronx
McCarren Park,40.721451,-73.953254,Brooklyn
Commodore Barry Park,40.698029,-73.978634,Brooklyn
Arsenal West,40.769783,-73.982919,Manhattan
Van Cortlandt Park,40.900925,-73.892612,Bronx
Abraham Lincoln Playground,40.812103,-73.936892,Manhattan
Strawberry Playground,40.709786,-73.955845,Brooklyn
Merriam Playground,40.840333,-73.926783,Bronx
Great Kills Park,40.564121,-74.097532,Staten Island
Hunts Point Playground,40.814244,-73.885918,Bronx
Rev. T. Wendell Foster Park and Recreation Center,40.834136,-73.923742,Bronx
Alley Athletic Playground,40.739622,-73.734416,Queens
Pratt Playground,40.692582,-73.962267,Brooklyn
Holcombe Rucker Park,40.828721,-73.935756,Manhattan
Fort Greene Park,40.690718,-73.974693,Brooklyn
Harvey Park,40.782202,-73.823804,Queens
Central Park,40.780482,-73.97136,Manhattan
Franz Sigel Park,40.823087,-73.925716,Bronx
Jackie Robinson Playground,40.665629,-73.95929,Brooklyn
Cambria Playground,40.688687,-73.742195,Queens
John V. Lindsay East River Park,40.7158,-73.975204,Manhattan
Spirit Playground,40.761249,-73.941259,Queens
Renaissance Playground,40.821381,-73.941462,Manhattan
Dry Dock Playground,40.725319,-73.975556,Manhattan
Butterfly Gardens,40.660201,-73.986471,Brooklyn
Ocean Hill Playground,40.674151,-73.912351,Brooklyn
Lost Battalion Hall Recreation Center,40.731804,-73.865513,Queens
Manhattan Beach Park,40.576392,-73.946553,Brooklyn
Forest Park,40.700726,-73.855205,Queens
Rev. T. Wendell Foster Park and Recreation Center,40.8318,-73.923888,Bronx
Pelham Bay Park,40.86748,-73.793264,Bronx
Randall's Island Park,40.793524,-73.924042,Manhattan
Grover Cleveland Playground,40.7101,-73.911637,Queens
Soundview Park,40.818542,-73.870426,Bronx
Lieutenant John H. Martinson Playground,40.536742,-74.162503,Staten Island
Forest Park,40.700452,-73.857838,Queens
Mosholu Parkway,40.877775,-73.882444,Bronx
Jesse Owens Playground,40.691654,-73.932473,Brooklyn
McCarren Park,40.720081,-73.94993,Brooklyn
Redfern Playground,40.611121,-73.749396,Queens
Coney Island Boat Basin,40.58275,-73.989171,Brooklyn
Hunts Point Riverside Park,40.817534,-73.88168,Bronx
Bowne Playground,40.75847,-73.825183,Queens
Riverside Park,40.808264,-73.966666,Manhattan
Fort Totten Park,40.795569,-73.777991,Queens
Claremont Park,40.838627,-73.907521,Bronx
Pelham Bay Park,40.867004,-73.793916,Bronx
Marcy Playground,40.695627,-73.950079,Brooklyn
Roy Wilkins Recreation Center,40.687509,-73.774129,Queens
Little Bay Park,40.789327,-73.791253,Queens
Highbridge Park,40.852892,-73.926793,Manhattan
Union Square Park,40.736438,-73.989918,Manhattan
Jackie Robinson Playground,40.665887,-73.95887,Brooklyn
Melrose Playground,40.820504,-73.918142,Bronx
Central Park,40.795877,-73.950268,Manhattan
St. Mary's Park,40.810503,-73.911386,Bronx
Quaker Parrot Park at the Dust Bowl,40.632343,-74.013033,Brooklyn
Grady Playground,40.582383,-73.964612,Brooklyn
Evergreen Park,40.697507,-73.896962,Queens
Mount Prospect Park,40.672095,-73.965815,Brooklyn
Martinez Playground,40.708987,-73.944434,Brooklyn
Williamsbridge Oval,40.877728,-73.87851,Bronx
Judge Moses Weinstein Playground,40.718506,-73.820517,Queens
Roy Wilkins Recreation Center,40.687241,-73.769516,Queens
East River Waterfront Esplanade,40.70973,-73.991523,Manhattan
Mount Prospect Park,40.671628,-73.967383,Brooklyn
Coney Island Beach & Boardwalk,40.572137,-74.001129,Brooklyn
West 4th Street Courts,40.730973,-74.001,Manhattan
Thomas Jefferson Park,40.793556,-73.93481,Manhattan
Little Flower Playground,40.712428,-73.988497,Manhattan
Madison Square Park,40.742419,-73.987481,Manhattan
Central Park,40.76779,-73.970775,Manhattan
Lincoln Terrace / Arthur S. Somers Park,40.667091,-73.925498,Brooklyn
Van Cortlandt Park,40.890141,-73.8959,Bronx
Flushing Meadows Corona Park,40.760184,-73.848292,Queens
Commodore Barry Park,40.697852,-73.977727,Brooklyn
The Battery,40.704494,-74.015621,Manhattan
Greenpoint Playground,40.735611,-73.959108,Brooklyn
Flushing Meadows Corona Park,40.744154,-73.845167,Queens
Wards Island Park,40.785255,-73.935381,Manhattan
Bathgate Playground,40.852109,-73.894512,Bronx
Flushing Meadows Corona Park,40.751761,-73.837424,Queens
Fort Totten Park,40.793049,-73.776753,Queens
Highbridge Park,40.841135,-73.934867,Manhattan
Flushing Meadows Corona Park,40.751761,-73.837424,Queens
Washington Square Park,40.731548,-73.99775,Manhattan
Cadman Plaza Park,40.698639,-73.990771,Brooklyn
Central Park,40.783793,-73.965843,Manhattan
Jerome Playground South,40.844846,-73.914118,Bronx
Battery Park City,40.707885,-74.018144,Manhattan
Isham Park,40.870409,-73.920602,Manhattan
Jackie Robinson Park,40.824269,-73.942448,Manhattan
Big Bush Playground,40.739884,-73.902644,Queens
Dyker Beach Park,40.617906,-74.020657,Brooklyn
Parade Ground,40.651262,-73.970268,Brooklyn
Flushing Meadows Corona Park,40.740352,-73.841311,Queens
Prospect Park,40.660879,-73.973867,Brooklyn
De Witt Clinton Park,40.768582,-73.99396,Manhattan
Central Park,40.769921,-73.975896,Manhattan
Nathan Weidenbaum Playground,40.738036,-73.902329,Queens
Herbert Von King Park,40.690078,-73.945773,Brooklyn
Sperandeo Brothers Playground,40.677725,-73.883782,Brooklyn
Forest Park,40.709635,-73.835766,Queens
Central Park,40.779697,-73.971251,Manhattan
Washington Skate Park,40.672486,-73.985892,Brooklyn
Kaiser Park,40.578349,-73.995344,Brooklyn
Flushing Fields,40.776165,-73.817164,Queens
Rockaway Beach Boardwalk,40.584526,-73.810957,Queens
Clark Playground,40.813922,-73.921274,Bronx
Daniel M. O'Connell Playground,40.699645,-73.757723,Queens
Manhattan Beach Park,40.576561,-73.945426,Brooklyn
Bufano Park,40.83799,-73.83105,Bronx
Central Park,40.772416,-73.972023,Manhattan
Riverside Park,40.785721,-73.984461,Manhattan
Northerleigh Park,40.622637,-74.134183,Staten Island
Riverside Park,40.803491,-73.972033,Manhattan
Forest Park,40.70074,-73.852752,Queens
Seabury Playground,40.836488,-73.887872,Bronx
Dodger Playground,40.664796,-73.952394,Brooklyn
Brigadier General Charles Young Playground,40.819839,-73.935876,Manhattan
Loreto Playground,40.848979,-73.852061,Bronx
Oxport Playground,40.697613,-73.976132,Brooklyn
Prospect Park,40.660662,-73.963429,Brooklyn
Pelham Bay Park,40.868872,-73.793031,Bronx
Morningside Park,40.809972,-73.955945,Manhattan
West Playground,40.58733,-73.969802,Brooklyn
Hunter's Point South Park,40.743295,-73.960119,Queens
Lyons Pool,40.637536,-74.074754,Staten Island
Kissena Corridor Park,40.749442,-73.822692,Queens
Hamilton Fish Park,40.719544,-73.980224,Manhattan
Tompkins Square Park,40.725506,-73.98164,Manhattan
Harvard Playground,40.709189,-73.781595,Queens
Bushwick Inlet Park,40.721812,-73.960906,Brooklyn
Flushing Meadows Corona Park,40.746351,-73.838583,Queens
Herbert Von King Park,40.689654,-73.945964,Brooklyn
High Rock Park,40.58262,-74.123029,Staten Island
Central Park,40.769106,-73.973702,Manhattan
Whitey Ford Field,40.777272,-73.934507,Queens
Riverside Park,40.789935,-73.98093,Manhattan
Inwood Hill Park,40.87007,-73.921791,Manhattan
Green Central Knoll,40.701116,-73.933036,Brooklyn
Van Cortlandt Park,40.885139,-73.891039,Bronx
Fish Playground,40.678156,-73.91511,Brooklyn
Van Cortlandt Park,40.891069,-73.892826,Bronx
Prospect Park,40.666899,-73.973706,Brooklyn
Rockaway Beach Boardwalk,40.584595,-73.810292,Queens
Bayside Fields,40.773193,-73.786101,Queens
Parade Ground,40.650243,-73.967926,Brooklyn
Mohegan Triangle,40.844258,-73.884707,Bronx
Vito Locascio Field,40.670185,-73.843,Queens
Marcus Garvey Park,40.804318,-73.942246,Manhattan
Mapes Pool,40.846767,-73.886654,Bronx
Prospect Park,40.66106,-73.976462,Brooklyn
Sumner Playground,40.697421,-73.942152,Brooklyn
Baruch Playground,40.717846,-73.976393,Manhattan
Wolfe's Pond Park,40.516677,-74.189842,Staten Island
Stuyvesant Square,40.733464,-73.985022,Manhattan
Jackie Robinson Park,40.825992,-73.941273,Manhattan
Central Park,40.773058,-73.974529,Manhattan
Clove Lakes Park,40.618526,-74.106388,Staten Island
Recreational Area,40.82984,-73.952381,Manhattan
Liotti Ikefugi Playground,40.638626,-74.083962,Staten Island
Randall's Island Park,40.799132,-73.92252,Manhattan
Canarsie Park,40.626115,-73.900204,Brooklyn
Tony Dapolito Recreation Center,40.729629,-74.005434,Manhattan
Coney Island Beach & Boardwalk,40.57493,-73.962154,Brooklyn
Central Park,40.778734,-73.972167,Manhattan
Alice Austen Park,40.615119,-74.063025,Staten Island
Jackie Robinson Park,40.824269,-73.942448,Manhattan
"Martin Luther King, Jr. Playground",40.799897,-73.950718,Manhattan
Cunningham Park,40.73524,-73.771796,Queens
Yolanda García Park,40.8229,-73.913884,Bronx
Central Park,40.769456,-73.970582,Manhattan
Henry M. Jackson Playground,40.714035,-73.981703,Manhattan
Bronx Park,40.847141,-73.870393,Bronx
Macombs Dam Park,40.826428,-73.928259,Bronx
Bushwick Inlet Park,40.722063,-73.961499,Brooklyn
Henry Hudson Park,40.881079,-73.921259,Bronx
Rev. T. Wendell Foster Park and Recreation Center,40.833089,-73.9235,Bronx
General Hart Playground,40.74867,-73.89751,Queens
Stockton Playground,40.697124,-73.948646,Brooklyn
Red Hook Recreation Area,40.673138,-74.00335,Brooklyn
Marine Park,40.605025,-73.936513,Brooklyn
Gonzalo Plasencia Playground,40.652927,-74.008363,Brooklyn
Battery Park City,40.716241,-74.01433,Manhattan
Riverside Park South,40.777699,-73.989031,Manhattan
North Rochdale Playground,40.680094,-73.775153,Queens
Chelsea Park,40.749852,-74.000839,Manhattan
Sol Bloom Playground,40.789702,-73.968719,Manhattan
Police Officer Nicholas Demutiis Park,40.681815,-73.839505,Queens
The Battery,40.701747,-74.014693,Manhattan
Coney Island Beach & Boardwalk,40.574617,-73.969203,Brooklyn
Kwame Ture Recreation Center,40.844062,-73.918944,Bronx
Pelham Bay Park,40.869074,-73.791467,Bronx
Franklin D. Roosevelt Boardwalk and Beach,40.588637,-74.066789,Staten Island
Franklin D. Roosevelt Boardwalk and Beach,40.569385,-74.090762,Staten Island
Spuyten Duyvil Playground,40.887144,-73.916234,Bronx
Wards Island Park,40.786265,-73.931561,Manhattan
Conference House Park,40.502707,-74.252802,Staten Island
Coney Island Beach & Boardwalk,40.572704,-73.982916,Brooklyn
Crotona Park,40.835816,-73.900123,Bronx
Brevoort Playground,40.68058,-73.922931,Brooklyn
John V. Lindsay East River Park,40.715736,-73.974742,Manhattan
CPL. Thompson Park,40.637636,-74.119289,Staten Island
Marine Park,40.596756,-73.928239,Brooklyn
Riverdale Playground,40.887708,-73.914806,Bronx
Corporal John A. Seravalli Playground,40.738906,-74.004564,Manhattan
Ericsson Playground,40.719913,-73.948056,Brooklyn
Grand Canal Court,40.722187,-74.005022,Manhattan
Grassmere Playground,40.599169,-73.758508,Queens
Alley Pond Park,40.741939,-73.739955,Queens
Farm Playground,40.735973,-73.77722,Queens
Bella Abzug Park,40.754967,-74.001232,Manhattan
John Paul Jones Park,40.611693,-74.034234,Brooklyn
Prospect Park,40.660165,-73.975773,Brooklyn
FDNY-EMT Yadira Arroyo Playground,40.828427,-73.857942,Bronx
Owl's Head Park,40.6402,-74.034965,Brooklyn
Forest Park,40.696026,-73.866434,Queens
William F. Passannante Ballfield,40.72872,-74.002423,Manhattan
Bill Rainey Park,40.81867,-73.898405,Bronx
Springfield Park,40.660911,-73.762713,Queens
Blake Hobbs Playground,40.789336,-73.943941,Manhattan
Marine Park,40.607861,-73.937449,Brooklyn
Doughboy Park,40.746253,-73.908635,Queens
Van Voorhees Playground,40.690502,-73.999592,Brooklyn
Rockaway Beach,40.577756,-73.836105,Queens
Flushing Meadows Corona Park,40.751272,-73.848553,Queens
John J Carty Park,40.614031,-74.02944,Brooklyn
Gertrude Ederle Recreation Center,40.771458,-73.98874,Manhattan
Cooper Park,40.716162,-73.937483,Brooklyn
St. Nicholas Park,40.814008,-73.950397,Manhattan
Electric Playground,40.736164,-73.804995,Queens
Central Park,40.778391,-73.967676,Manhattan
Park Of The Americas,40.748372,-73.861432,Queens
Elizabeth Stroud Playground,40.679652,-73.931027,Brooklyn
Breukelen Ballfields,40.654274,-73.893905,Brooklyn
Forest Park,40.698396,-73.858391,Queens
Prospect Park,40.666899,-73.973706,Brooklyn
Fred Samuel Playground,40.817275,-73.939139,Manhattan
Washington Square Park,40.730387,-73.99681,Manhattan
Sheltering Arms Playground,40.815197,-73.955787,Manhattan
Carver Playground,40.680053,-73.920378,Brooklyn
Bruckner Playground,40.826879,-73.828786,Bronx
John V. Lindsay East River Park,40.722371,-73.972736,Manhattan
Rochdale Park,40.674211,-73.774899,Queens
Greene Playground,40.686319,-73.965756,Brooklyn
Alley Athletic Playground,40.739139,-73.737855,Queens
Tottenville Pool,40.505848,-74.235291,Staten Island
CPL. Thompson Park,40.636927,-74.119112,Staten Island
Horace Harding Playground,40.733755,-73.860715,Queens
Ocean Breeze Park,40.583077,-74.075188,Staten Island
Watson Gleason Playground,40.828195,-73.868995,Bronx
Riverside Park,40.815409,-73.962212,Manhattan
Rochdale Park,40.674941,-73.773403,Queens
Lyons Square Playground,40.822963,-73.888089,Bronx
St. John's Park,40.673711,-73.934381,Brooklyn
Sara D. Roosevelt Park,40.722622,-73.991287,Manhattan
Nicholas Naquan Heyward Jr. Park,40.684649,-73.987811,Brooklyn
Maria Hernandez Park,40.703016,-73.924241,Brooklyn
Floyd Patterson Ballfields,40.661393,-73.90386,Brooklyn
Stanley Isaacs Playground,40.783264,-73.944394,Manhattan
Fermi Playground,40.700198,-73.928246,Brooklyn
Socrates Sculpture Park,40.76787,-73.936218,Queens
Andrews Grove,40.743378,-73.954867,Queens
Marcus Garvey Park,40.804984,-73.94486,Manhattan
Coffey Park,40.677505,-74.008621,Brooklyn
Triborough Bridge Playground B,40.774695,-73.923224,Queens
McGuire Fields,40.618411,-73.898703,Brooklyn
Battery Park City,40.715963,-74.016713,Manhattan
Riverside Park,40.800569,-73.973641,Manhattan
Carl Schurz Park,40.774097,-73.944488,Manhattan
Rockaway Beach Boardwalk,40.584641,-73.810846,Queens
Barretto Point Park,40.805997,-73.888072,Bronx
Willowbrook Park,40.604296,-74.158791,Staten Island
Highbridge Park,40.842788,-73.934216,Manhattan
Forest Park,40.69821,-73.858008,Queens
Central Park,40.783793,-73.965843,Manhattan
St. Andrew's Playground,40.67826,-73.942827,Brooklyn
Central Park,40.790269,-73.957869,Manhattan
Highland Park,40.69062,-73.884601,Queens
Dyker Beach Park,40.611412,-74.015939,Brooklyn
Flushing Meadows Corona Park,40.751408,-73.833778,Queens
Roebling Playground,40.706081,-73.962386,Brooklyn
Washington Square Park,40.730885,-73.996689,Manhattan
Parade Ground,40.652903,-73.966475,Brooklyn
Highbridge Park,40.857532,-73.924071,Manhattan
The Battery,40.702042,-74.015144,Manhattan
Highland Park,40.684357,-73.886723,Queens
Gertrude Ederle Recreation Center,40.771458,-73.98874,Manhattan
The Pearly Gates,40.838835,-73.845772,Bronx
Sara D. Roosevelt Park,40.71651,-73.994433,Manhattan
Cunningham Park,40.729044,-73.773631,Queens
Rockaway Beach and Boardwalk,40.586536,-73.799727,Queens
Bensonhurst Park,40.597047,-74.001467,Brooklyn
Lincoln Terrace / Arthur S. Somers Park,40.665642,-73.928412,Brooklyn
Bronx Park,40.851456,-73.868681,Bronx
Castlewood Playground,40.7499,-73.72083,Queens
Paerdegat Park,40.63855,-73.937914,Brooklyn
Wagner Houses Pool,40.801736,-73.932762,Manhattan
Central Park,40.78967,-73.965679,Manhattan
Central Park,40.771795,-73.969698,Manhattan
Andrew Haswell Green Park,40.760069,-73.957126,Manhattan
Co-op City Field,40.876008,-73.823914,Bronx
Detective Keith L Williams Park,40.701595,-73.784135,Queens
Stuyvesant Square,40.733214,-73.984548,Manhattan
Flushing Meadows Corona Park,40.740373,-73.842,Queens
Central Park,40.783793,-73.965843,Manhattan
Kissena Corridor Park,40.746192,-73.791072,Queens
Arrochar Playground,40.597788,-74.071224,Staten Island
The Battery,40.701747,-74.014693,Manhattan
Sunners Playground,40.632596,-73.929565,Brooklyn
Pulaski Playground,40.693394,-73.941338,Brooklyn
Prospect Park,40.658489,-73.963145,Brooklyn
McGuire Fields,40.620416,-73.901355,Brooklyn
Poe Park,40.864558,-73.894759,Bronx
Mafera Park,40.706601,-73.891422,Queens
Dome Playground,40.638038,-73.980072,Brooklyn
Greenwood Playground,40.650239,-73.976646,Brooklyn
Sedgwick Playground,40.845527,-73.923364,Bronx
Hamilton Fish Park,40.719588,-73.981388,Manhattan
Sarsfield Playground,40.620243,-73.937615,Brooklyn
Forest Park,40.7012,-73.854408,Queens
Roy Wilkins Recreation Center,40.685389,-73.770875,Queens
Central Park,40.792127,-73.961364,Manhattan
Shore Park and Parkway,40.631429,-74.03978,Brooklyn
Crotona Park,40.836598,-73.895003,Bronx
Forest Park,40.696026,-73.866434,Queens
Prospect Park,40.662215,-73.974598,Brooklyn
McCaffrey Playground,40.759166,-73.991429,Manhattan
Rochdale Park,40.674442,-73.77401,Queens
Msgr. McGolrick Park,40.724473,-73.943628,Brooklyn
Central Park,40.797281,-73.958937,Manhattan
Kaiser Park,40.578453,-73.996178,Brooklyn
Clove Lakes Park,40.620381,-74.118474,Staten Island
Cunningham Park,40.735656,-73.770232,Queens
Great Kills Veterans Playground,40.547237,-74.15179,Staten Island
Rockaway Beach Boardwalk,40.581325,-73.822559,Queens
John Golden Park,40.774257,-73.76972,Queens
Cleopatra Playground,40.84532,-73.904051,Bronx
Pelham Bay Park,40.865852,-73.795134,Bronx
Ravenswood Playground,40.762651,-73.935043,Queens
Lyons Pool,40.637536,-74.074754,Staten Island
Tottenville Pool,40.505848,-74.235292,Staten Island
Wingate Park,40.658953,-73.94465,Brooklyn
Dr. Charles R. Drew Park,40.680177,-73.803231,Queens
Sara D. Roosevelt Park,40.718638,-73.99335,Manhattan
Noble Playground,40.837646,-73.871754,Bronx
Oakland Gardens,40.753145,-73.759564,Queens
Manhattan Beach Park,40.577042,-73.945803,Brooklyn
Riverside Park,40.803151,-73.970509,Manhattan
Randall's Island Park,40.79903,-73.922755,Manhattan
Williamsbridge Oval,40.878733,-73.876151,Bronx
Howard Pool,40.67279,-73.909124,Brooklyn
Fort Tryon Park,40.859683,-73.931652,Manhattan
Ambrosini Field,40.844188,-73.785104,Bronx
Twenty-Four Sycamores Park,40.75949,-73.958641,Manhattan
Riverside Park,40.804563,-73.970259,Manhattan
Flushing Fields,40.775223,-73.81699,Queens
Cooper Park,40.715499,-73.936303,Brooklyn
Brownsville Playground,40.656223,-73.902784,Brooklyn
Wards Island Park,40.785298,-73.934907,Manhattan
Lindower Park,40.611619,-73.912367,Brooklyn
Van Cortlandt Park,40.886777,-73.898301,Bronx
Thomas Greene Playground,40.68065,-73.985783,Brooklyn
Prospect Park,40.665364,-73.965469,Brooklyn
Chelsea Recreation Center,40.748296,-74.002219,Manhattan
El Shabazz Playground,40.682694,-73.930759,Brooklyn
Flushing Meadows Corona Park,40.761602,-73.858362,Queens
Rockaway Beach,40.577471,-73.836893,Queens
Laurelton Playground,40.669996,-73.73653,Queens
High Rock Park,40.581058,-74.121091,Staten Island
Ten Eyck Playground,40.708888,-73.939171,Brooklyn
MacLaughlin Playground,40.887885,-73.9054,Bronx
Van Cortlandt Park,40.890374,-73.896251,Bronx
Juniper Valley Park,40.720716,-73.877435,Queens
John Allen Payne Playground,40.63977,-74.0237,Brooklyn
Leif Ericson Park,40.635575,-74.019381,Brooklyn
Beach Channel Playground,40.588766,-73.805375,Queens
Central Park,40.783354,-73.969829,Manhattan
St. James Park,40.866092,-73.898166,Bronx
Colgate Close,40.823586,-73.881382,Bronx
Pulaski Playground,40.693429,-73.941914,Brooklyn
Crotona Park,40.840211,-73.897616,Bronx
Starlight Park,40.833953,-73.882647,Bronx
Pelham Bay Park,40.862476,-73.794191,Bronx
Detective Keith L Williams Park,40.70185,-73.783512,Queens
Dyker Beach Park,40.617813,-74.020871,Brooklyn
Bloomingdale Park,40.53397,-74.210016,Staten Island
Tony Dapolito Recreation Center,40.729629,-74.005434,Manhattan
Wards Island Park,40.788065,-73.933412,Manhattan
Veterans Park,40.636807,-74.13159,Staten Island
Van Cortlandt Park,40.8911,-73.893934,Bronx
Marine Park,40.607507,-73.938179,Brooklyn
Jackie Robinson Park Playground,40.680183,-73.927307,Brooklyn
Charlton Garden,40.824753,-73.907163,Bronx
Dr. Ronald E. McNair Playground,40.802523,-73.937991,Manhattan
Washington Market Park,40.716948,-74.011153,Manhattan
Canarsie Park,40.63074,-73.89337,Brooklyn
Dyker Beach Park,40.613036,-74.014577,Brooklyn
Arsenal North,40.793093,-73.951366,Manhattan
South Oxford Park,40.683633,-73.972744,Brooklyn
Marine Park,40.606698,-73.933925,Brooklyn
Red Hook Recreation Area,40.672751,-74.007886,Brooklyn
Riverside Park,40.788413,-73.983184,Manhattan
Brooklyn Bridge Park,40.692318,-74.001686,Brooklyn
Murray Playground,40.747564,-73.949217,Queens
Bath Playground,40.595205,-73.992667,Brooklyn
Prospect Park,40.665219,-73.975115,Brooklyn
Central Park,40.773337,-73.97749,Manhattan
Columbus Park,40.714812,-74.000032,Manhattan
St. Nicholas Park,40.820741,-73.946622,Manhattan
Audubon Playground,40.841626,-73.937897,Manhattan
Hunter's Point South Park,40.743301,-73.960152,Queens
Holcombe Rucker Park,40.828991,-73.935992,Manhattan
Police Officer Edward Byrne Park,40.667382,-73.806449,Queens
Walker Park,40.643412,-74.109089,Staten Island
Hunter's Point South Park,40.743048,-73.960236,Queens
Coney Island Beach & Boardwalk,40.574758,-73.96414,Brooklyn
Forest Park,40.701338,-73.842606,Queens
Heckscher Playground,40.695362,-73.917885,Brooklyn
Coney Island Beach & Boardwalk,40.571805,-73.999149,Brooklyn
Red Hook Recreation Area,40.671488,-74.007808,Brooklyn
Newport Playground,40.660883,-73.907054,Brooklyn
Seton Falls Park,40.888333,-73.840744,Bronx
Carl Schurz Park,40.77335,-73.944789,Manhattan
Freshkills Park,40.560703,-74.195925,Staten Island
Central Park,40.772678,-73.974432,Manhattan
Central Park,40.770779,-73.977664,Manhattan
Father Fagan Park,40.726766,-74.003249,Manhattan
Grover Cleveland Playground,40.710683,-73.911667,Queens
Bailey Playground,40.880784,-73.900904,Bronx
Peters Field,40.706294,-73.774693,Queens
Catherine Slip Malls,40.710044,-73.996139,Manhattan
Kissena Corridor Park,40.74345,-73.814826,Queens
Osborn Playground,40.655666,-73.906183,Brooklyn
Sarah J.S. Tompkins Garnet Playground,40.700633,-73.955182,Brooklyn
Owl's Head Park,40.639819,-74.030983,Brooklyn
Flushing Meadows Corona Park,40.745481,-73.845841,Queens
Gerard P. Dugan Playground,40.561715,-74.110766,Staten Island
McCarren Park,40.720057,-73.950698,Brooklyn
Marcus Garvey Park,40.80538,-73.943462,Manhattan
Bushwick Playground,40.695971,-73.911963,Brooklyn
Al Quiñones Playground,40.815396,-73.901425,Bronx
Coney Island Beach & Boardwalk,40.572908,-73.981201,Brooklyn
Forest Park,40.700871,-73.858598,Queens
Central Park,40.773626,-73.967858,Manhattan
Lopez Playground,40.611665,-74.084875,Staten Island
Detective Joseph Mayrose Park,40.661706,-73.987841,Brooklyn
Riverside Park South,40.774891,-73.992276,Manhattan
West Playground,40.587003,-73.97011,Brooklyn
Gravesend Park,40.623941,-73.984967,Brooklyn
South Rochdale Playground,40.67387,-73.769381,Queens
Cunningham Park,40.734629,-73.769626,Queens
Jackie Robinson Park,40.824269,-73.942448,Manhattan
Henry Hudson Park,40.881007,-73.920213,Bronx
Ehrenreich-Austin Playground,40.715762,-73.837006,Queens
Flushing Meadows Corona Park,40.742044,-73.849677,Queens
Franklin D. Roosevelt Boardwalk and Beach,40.568483,-74.090882,Staten Island
Frederick Johnson Playground,40.824956,-73.935952,Manhattan
"Phil ""Scooter"" Rizzuto Park",40.694279,-73.820922,Queens
Hamilton Metz Field,40.66271,-73.941786,Brooklyn
Ferry Point Park,40.811679,-73.83916,Bronx
Forest Park,40.709899,-73.835427,Queens
Mount Prospect Park,40.671914,-73.965904,Brooklyn
Police Officer John G. Scarangella Park,40.594519,-73.98429,Brooklyn
Rev. T. Wendell Foster Park and Recreation Center,40.833319,-73.924173,Bronx
Van Cortlandt Park,40.898673,-73.895152,Bronx
Loreto Playground,40.849284,-73.852673,Bronx
Ocean Breeze Park,40.583077,-74.075188,Staten Island
Hunter's Point South Park,40.738866,-73.959893,Queens
St. John's Park,40.674396,-73.935429,Brooklyn
Prospect Park,40.668799,-73.971648,Brooklyn
Tanahey Playground,40.710056,-73.995903,Manhattan
Marlboro Playground,40.591264,-73.981112,Brooklyn
Thomas Boyland Park,40.681411,-73.907163,Brooklyn
Eugene McCabe Field,40.802511,-73.941861,Manhattan
Flushing Meadows Corona Park,40.747217,-73.836352,Queens
Century Playground,40.576801,-73.970294,Brooklyn
Arverne Playground,40.592536,-73.785248,Queens
Detective Keith L Williams Park,40.703374,-73.784237,Queens
Kwame Ture Recreation Center,40.844178,-73.919587,Bronx
Berry Playground,40.712717,-73.963384,Brooklyn
Bill Rainey Park,40.818077,-73.898845,Bronx
Forest Park,40.702121,-73.854969,Queens
Flushing Meadows Corona Park,40.751408,-73.833778,Queens
Alley Pond Park,40.741967,-73.741195,Queens
Benninger Playground,40.706933,-73.898463,Queens
Glenwood Playground,40.636633,-73.920111,Brooklyn
Franz Sigel Park,40.821294,-73.926375,Bronx
Soundview Park,40.818926,-73.877826,Bronx
Haffen Park,40.874572,-73.838799,Bronx
Prospect Park,40.663586,-73.973348,Brooklyn
Captain Tilly Park,40.711384,-73.798309,Queens
Annunciation Playground,40.817981,-73.952254,Manhattan
Forest Park,40.698847,-73.847427,Queens
Rockaway Beach Boardwalk,40.584641,-73.810846,Queens
Marine Park,40.589208,-73.920281,Brooklyn
Jacob Joffe Fields,40.625942,-73.919085,Brooklyn
Taaffe Playground,40.695912,-73.960741,Brooklyn
Bayswater Park,40.598547,-73.767727,Queens
Manhattan Beach Park,40.575963,-73.946352,Brooklyn
Parade Ground,40.650984,-73.968103,Brooklyn
Baisley Pond Park,40.682381,-73.785461,Queens
Nostrand Playground,40.638465,-73.947741,Brooklyn
Hilltop Playground,40.675288,-73.914394,Brooklyn
Francis Lewis Playground,40.760178,-73.783986,Queens
Central Park,40.788759,-73.961804,Manhattan
Metropolitan Recreation Center,40.715012,-73.960317,Brooklyn
Astoria Park,40.779556,-73.920912,Queens
Central Park,40.78255,-73.966793,Manhattan
Hillside Dog Park,40.701539,-73.994676,Brooklyn
Alexander Hamilton Playground,40.823239,-73.95131,Manhattan
Tompkins Square Park,40.727551,-73.98189,Manhattan
Juniper Valley Park,40.720071,-73.878588,Queens
Ciccarone Park,40.855935,-73.886706,Bronx
Frank Principe Park,40.726981,-73.904599,Queens
Auburndale Playground,40.76585,-73.79397,Queens
McKinley Park,40.627552,-74.017157,Brooklyn
Van Cortlandt Park,40.895901,-73.87904,Bronx
Central Park,40.767631,-73.971305,Manhattan
Haffen Park,40.873824,-73.839634,Bronx
Prospect Park,40.654684,-73.97264,Brooklyn
Jaime Campiz Playground,40.713346,-73.954426,Brooklyn
Marconi Park,40.693086,-73.795402,Queens
Central Park,40.767631,-73.971305,Manhattan
Kolbert Playground,40.620311,-73.957728,Brooklyn
Bronx River Parkway,40.884197,-73.867041,Bronx
Tompkins Square Park,40.725669,-73.981571,Manhattan
Louis Pasteur Park,40.761877,-73.735431,Queens
Linden Park,40.65857,-73.887034,Brooklyn
Neighborhood Parks,40.689727,-73.996899,Brooklyn
Bronx Park,40.842933,-73.877568,Bronx
Brownsville Playground,40.656223,-73.902784,Brooklyn
Hickman Playground,40.620512,-73.913714,Brooklyn
Lost Battalion Hall Recreation Center,40.731805,-73.865513,Queens
Van Cortlandt Park,40.903524,-73.894767,Bronx
Randall's Island Park,40.797372,-73.917068,Manhattan
Bushwick Playground,40.701921,-73.939315,Brooklyn
Bronx Park,40.847141,-73.870393,Bronx
Midland Field,40.576585,-74.099485,Staten Island
Crosson Green,40.742342,-73.896653,Queens
College Point Fields,40.776141,-73.837518,Queens
Judge Moses Weinstein Playground,40.718633,-73.820374,Queens
Columbus Park,40.694145,-73.990047,Brooklyn
Crotona Park,40.838727,-73.89333,Bronx
Gene Gray Playground,40.606206,-73.819225,Queens
Arsenal West,40.769783,-73.982919,Manhattan
Randall's Island Park,40.79288,-73.924708,Manhattan
Juniper Valley Park,40.72043,-73.884689,Queens
Kelly Park Playground,40.604508,-73.957501,Brooklyn
Woodtree Playground,40.777828,-73.902418,Queens
Hermon A. MacNeil Park,40.793462,-73.851228,Queens
John Jay Park,40.768853,-73.949229,Manhattan
Woods Playground,40.674718,-73.929178,Brooklyn
McDonald Playground,40.600465,-73.971722,Brooklyn
Frederick Douglass Playground,40.797155,-73.967637,Manhattan
Lozada Playground,40.807735,-73.925146,Bronx
Fort Washington Park,40.848643,-73.946508,Manhattan
Bill Brown Playground,40.592842,-73.945896,Brooklyn
Asser Levy Playground,40.736557,-73.975758,Manhattan
Pat Williams Playground,40.713184,-73.729611,Queens
Betsy Head Park,40.663002,-73.912195,Brooklyn
Sorrentino Recreation Center,40.602437,-73.751374,Queens
Joseph Austin Playground,40.715639,-73.800935,Queens
Dyker Beach Park,40.612288,-74.012928,Brooklyn
Flushing Meadows Corona Park,40.743604,-73.842191,Queens
Potomac Playground,40.682027,-73.944008,Brooklyn
Jerome Park,40.881115,-73.889551,Bronx
Corlears Hook Park,40.711583,-73.979786,Manhattan
Bowne Park,40.770446,-73.805922,Queens
Francis Lewis Playground,40.760538,-73.783907,Queens
Roberto Clemente Ballfield,40.706604,-73.967363,Brooklyn
Francis Lewis Park,40.796265,-73.82558,Queens
Coney Island Beach & Boardwalk,40.57237,-73.989153,Brooklyn
Cunningham Park,40.739679,-73.764464,Queens
Real Good Playground,40.735368,-73.857754,Queens
Lewis Playground,40.695439,-73.938007,Brooklyn
Commodore Barry Park,40.697479,-73.978297,Brooklyn
Louis C. Moser Playground,40.762879,-73.892333,Queens
Bayswater Park,40.598778,-73.767585,Queens
Fort Tryon Park,40.859868,-73.933946,Manhattan
Sara D. Roosevelt Park,40.720424,-73.992258,Manhattan
Flushing Meadows Corona Park,40.747414,-73.845265,Queens
Manhattan Beach Park,40.577653,-73.940707,Brooklyn
The High Line,40.74334,-74.007119,Manhattan
Poseidon Playground,40.572412,-73.991776,Brooklyn
Crocheron Park,40.769961,-73.769939,Queens
Beach 59th St Playground,40.589046,-73.788956,Queens
Flushing Meadows Corona Park,40.753535,-73.838006,Queens
Brooklyn Heights Promenade,40.695705,-73.997772,Brooklyn
Belt Parkway/Shore Parkway,40.619115,-73.898311,Brooklyn
Eae J Mitchell Park,40.836413,-73.884268,Bronx
John V. Lindsay East River Park,40.721375,-73.973989,Manhattan
Bloomingdale Park,40.535053,-74.209906,Staten Island
Star Spangled Playground,40.691627,-73.957991,Brooklyn
Riverside Park,40.802162,-73.972997,Manhattan
Howard Pool,40.672823,-73.909069,Brooklyn
Barrett Triangle,40.64182,-74.07597,Staten Island
Owen F. Dolen Park,40.840683,-73.84258,Bronx
Archie Spigner Park,40.69338,-73.780249,Queens
Battery Park City,40.706856,-74.018332,Manhattan
Detective William T. Gunn Playground,40.731268,-73.731782,Queens
Fox Playground,40.632663,-73.923879,Brooklyn
Bleecker Playground,40.736556,-74.005671,Manhattan
Courtney Callender Playground,40.810253,-73.939893,Manhattan
WOODSIDE PLAZA,40.74536,-73.904769,Queens
Harris Park,40.876218,-73.890803,Bronx
Flushing Meadows Corona Park,40.735301,-73.843379,Queens
Central Park,40.784007,-73.969522,Manhattan
DiGilio Playground,40.632856,-73.977202,Brooklyn
Coleman Playground,40.711273,-73.994094,Manhattan
Rocket Playground,40.670579,-73.846186,Queens
John Jay Park,40.769557,-73.948565,Manhattan
Flushing Meadows Corona Park,40.761458,-73.846237,Queens
Susan Smith McKinney Steward Park,40.701404,-73.985858,Brooklyn
Greenwood Playground,40.650491,-73.97655,Brooklyn
Forest Park,40.702311,-73.868143,Queens
McGuire Fields,40.620391,-73.900014,Brooklyn
Lincoln Terrace / Arthur S. Somers Park,40.666415,-73.927568,Brooklyn
Isham Park,40.872113,-73.920184,Manhattan
Harvey Park,40.78449,-73.823758,Queens
Mill Pond Park,40.824101,-73.931472,Bronx
Tilden Playground,40.647934,-73.931405,Brooklyn
Jackie Robinson Park Playground,40.680074,-73.928295,Brooklyn
Detective Keith L Williams Park,40.703949,-73.785128,Queens
Hoover - Manton Playgrounds,40.712164,-73.821399,Queens
Central Park,40.767144,-73.977184,Manhattan
Astoria Heights Playground,40.760657,-73.911409,Queens
Playground One,40.712143,-73.997275,Manhattan
William F Moore Park,40.743649,-73.855415,Queens
St. James Park,40.86455,-73.899021,Bronx
Hoover - Manton Playgrounds,40.710484,-73.82003,Queens
Silver Lake Park,40.627416,-74.092521,Staten Island
Sternberg Park,40.706212,-73.946687,Brooklyn
Calvert Vaux Park,40.586004,-73.992745,Brooklyn
Flushing Meadows Corona Park,40.750348,-73.836683,Queens
Beach 17 Playground,40.59418,-73.750563,Queens
Pelham Bay Park,40.865884,-73.794408,Bronx
Red Hook Recreation Area,40.671346,-74.006249,Brooklyn
Franklin D. Roosevelt Boardwalk and Beach,40.571008,-74.087543,Staten Island
Franklin D. Roosevelt Boardwalk and Beach,40.578671,-74.078005,Staten Island
Washington's Walk,40.874247,-73.900793,Bronx
Kosciuszko Pool,40.691293,-73.948752,Brooklyn
Prospect Park,40.669724,-73.967871,Brooklyn
George Walker Jr. Park,40.678653,-73.894946,Brooklyn
John V. Lindsay East River Park,40.725209,-73.972162,Manhattan
Riverside Park,40.826001,-73.953395,Manhattan
Paul Raimonda Playground,40.772557,-73.89746,Queens
McLaughlin Park,40.696335,-73.98623,Brooklyn
Kissena Park,40.749041,-73.806543,Queens
Beach 30th Street Playground,40.59258,-73.762761,Queens
Asser Levy Park,40.574863,-73.970159,Brooklyn
Central Park,40.784317,-73.95871,Manhattan
Challenge Playground,40.756859,-73.728264,Queens
Rockaway Beach Boardwalk,40.586071,-73.807168,Queens
Mazzei Playground,40.862593,-73.858241,Bronx
Newtown Barge Playground,40.735611,-73.96018,Brooklyn
Nicholas Naquan Heyward Jr. Park,40.684853,-73.988114,Brooklyn
Grace Playground,40.670895,-73.894344,Brooklyn
Kissena Park,40.748444,-73.803298,Queens
Juniper Valley Park,40.718443,-73.882528,Queens
Naples Playground,40.602324,-74.089455,Staten Island
Nautilus Playground,40.571714,-73.996523,Brooklyn
Marine Park,40.593855,-73.925382,Brooklyn
Terrace Playground,40.613351,-74.099406,Staten Island
Arsenal West,40.769783,-73.98292,Manhattan
Forest Park,40.700051,-73.858251,Queens
James Weldon Johnson Playground,40.797011,-73.941602,Manhattan
St. Michael's Playground,40.758842,-73.899752,Queens
Central Park,40.798761,-73.958639,Manhattan
Northern Playground,40.755581,-73.874554,Queens
Astoria Park,40.775615,-73.924714,Queens
Elmhurst Park,40.73068,-73.884979,Queens
Fort Greene Park,40.690646,-73.975336,Brooklyn
Beach 30th Street Playground,40.592645,-73.761856,Queens
Pelham Bay Park,40.851236,-73.82601,Bronx
Coney Island Beach & Boardwalk,40.573451,-73.976152,Brooklyn
Flushing Meadows Corona Park,40.744529,-73.839827,Queens
Chelsea Recreation Center,40.748296,-74.002219,Manhattan
Jerome Playground,40.658847,-73.879489,Brooklyn
Sara D. Roosevelt Park,40.720299,-73.992489,Manhattan
Juniper Valley Park,40.718264,-73.883201,Queens
Grove Hill Playground,40.819948,-73.909066,Bronx
Tompkins Square Park,40.727116,-73.98149,Manhattan
Morningside Park,40.810081,-73.956129,Manhattan
Alley Pond Park,40.742304,-73.741365,Queens
Stanley Isaacs Playground,40.78282,-73.944728,Manhattan
Union Square Park,40.735993,-73.989961,Manhattan
Flushing Meadows Corona Park,40.760257,-73.855092,Queens
Jackie Robinson Park,40.824269,-73.942448,Manhattan
Central Park,40.775925,-73.965178,Manhattan
J. Hood Wright Park,40.84702,-73.940445,Manhattan
McCarren Park,40.720081,-73.94993,Brooklyn
Bushwick Playground,40.702121,-73.939669,Brooklyn
Franklin D. Roosevelt Boardwalk and Beach,40.593091,-74.062442,Staten Island
Silver Lake Park,40.628276,-74.099014,Staten Island
Lion's Pride Playground,40.662611,-73.899494,Brooklyn
Franklin D. Roosevelt Boardwalk and Beach,40.569068,-74.09107,Staten Island
Blood Root Valley,40.591772,-74.139254,Staten Island
Van Cortlandt Park,40.890218,-73.896821,Bronx
Baisley Pond Park,40.674857,-73.789409,Queens
Highland Park,40.682953,-73.892967,Queens
St. John's Park,40.673777,-73.935434,Brooklyn
John V. Lindsay East River Park,40.711737,-73.977589,Manhattan
Annadale Playground,40.731172,-73.851754,Queens
Behagen Playground,40.825457,-73.901088,Bronx
Devoe Park,40.863082,-73.907779,Bronx
Constance Baker Motley Recreation Center,40.756481,-73.96513,Manhattan
Plimpton Playground,40.844116,-73.922275,Bronx
Astoria Park,40.779236,-73.922828,Queens
Calvert Vaux Park,40.586895,-73.994291,Brooklyn
Seth Low Playground/ Bealin Square,40.607532,-73.986592,Brooklyn
Cedar Playground,40.8548,-73.917086,Bronx
Flushing Meadows Corona Park,40.743238,-73.84738,Queens
Howard Bennett Playground,40.813702,-73.93899,Manhattan
Gravesend Park,40.623725,-73.983773,Brooklyn
Rev. T. Wendell Foster Park and Recreation Center,40.8316,-73.925244,Bronx
Saw Mill Playground,40.80899,-73.919319,Bronx
Central Park,40.773537,-73.971609,Manhattan
Alfred E. Smith Playground,40.710185,-73.997636,Manhattan
Cunningham Park,40.736097,-73.768642,Queens
Rochdale Park,40.674439,-73.77494,Queens
Central Park,40.796838,-73.954372,Manhattan
Van Cortlandt Park,40.891987,-73.8832,Bronx
Fresh Meadows Playground,40.734437,-73.796112,Queens
Jacob H. Schiff Playground,40.820385,-73.952523,Manhattan
Red Hook Recreation Area,40.673461,-74.003057,Brooklyn
P.O. Serrano Playground,40.823523,-73.852016,Bronx
Betsy Head Park,40.662145,-73.913731,Brooklyn
Prospect Park,40.668112,-73.969362,Brooklyn
City Line Park,40.678891,-73.87419,Brooklyn
Old Town Playground,40.595489,-74.081492,Staten Island
Harry Maze Playground,40.644103,-73.92315,Brooklyn
Battery Park City,40.717419,-74.016409,Manhattan
DeLury Square,40.708996,-74.004951,Manhattan
Pelham Bay Park,40.864951,-73.794847,Bronx
Franklin D. Roosevelt Boardwalk and Beach,40.574736,-74.082195,Staten Island
Brooklyn Bay Center,40.591897,-73.999477,Brooklyn
Bill Bojangles Robinson Playground,40.825268,-73.937449,Manhattan
Sheepshead Playground,40.588732,-73.940244,Brooklyn
Soundview Park,40.817976,-73.872235,Bronx
Boerum Park,40.684597,-73.990171,Brooklyn
Silver Lake Park,40.628277,-74.099015,Staten Island
Randall's Island Park,40.795585,-73.917762,Manhattan
Rev J Polite Playground,40.826767,-73.897728,Bronx
Pierrepont Playground,40.696232,-73.997404,Brooklyn
Greencroft Playground,40.552028,-74.136143,Staten Island
