neighborhood_tabulation_area_nta,latitude,longitude,boro
Hunters Point-Sunnyside-West Maspeth,40.742636,-73.912044,Queens
Springfield Gardens North,40.672663,-73.764196,Queens
Clinton,40.759107,-73.988579,Manhattan
Midtown-Midtown South,40.745756,-73.984529,Manhattan
DUMBO-Vinegar Hill-Downtown Brooklyn-Boerum Hill,40.687649,-73.980424,Brooklyn
Brownsville,40.66895,-73.90645,Brooklyn
Upper East Side-Carnegie Hill,40.766588,-73.963136,Manhattan
Washington Heights South,40.847197,-73.935148,Manhattan
Turtle Bay-East Midtown,40.758275,-73.96913,Manhattan
East Harlem North,40.796825,-73.937766,Manhattan
Central Harlem North-Polo Grounds,40.818897,-73.944659,Manhattan
Midtown-Midtown South,40.764823,-73.984099,Manhattan
Forest Hills,40.715758,-73.833513,Queens
Upper East Side-Carnegie Hill,40.772376,-73.958959,Manhattan
Astoria,40.755777,-73.923627,Queens
Westchester-Unionport,40.8349727,-73.8456956,Bronx
Hamilton Heights,40.828097,-73.949017,Manhattan
Clinton,40.755281,-73.991371,Manhattan
Turtle Bay-East Midtown,40.760644,-73.967101,Manhattan
Morningside Heights,40.805114,-73.966788,Manhattan
Hunts Point,40.826714,-73.891644,Bronx
Lenox Hill-Roosevelt Island,40.763691,-73.962235,Manhattan
East New York,40.676994,-73.898358,Brooklyn
Jackson Heights,40.748311,-73.878165,Queens
Upper West Side,40.790901,-73.974302,Manhattan
Upper West Side,40.790301,-73.972981,Manhattan
Midtown-Midtown South,40.753003,-73.979246,Manhattan
Crown Heights North,40.679561,-73.9355,Brooklyn
Yorkville,40.779601,-73.9443054,Manhattan
Kew Gardens,40.712653,-73.827724,Queens
Hamilton Heights,40.827195,-73.946043,Manhattan
Oakwood-Oakwood Beach,40.561755,-74.112161,Staten Island
Washington Heights South,40.837372,-73.938876,Manhattan
Hunts Point,40.817265,-73.897988,Bronx
Hunters Point-Sunnyside-West Maspeth,40.741882,-73.95448,Queens
West New Brighton-New Brighton-St. George,40.644811,-74.095456,Staten Island
Kingsbridge Heights,40.863665,-73.900512,Bronx
East Harlem North,40.799659,-73.938923,Manhattan
Murray Hill-Kips Bay,40.750237,-73.977306,Manhattan
Mott Haven-Port Morris,40.814394,-73.915181,Bronx
Queensbridge-Ravenswood-Long Island City,40.753718,-73.932216,Queens
Upper West Side,40.790235,-73.974793,Manhattan
Midtown-Midtown South,40.762593,-73.983077,Manhattan
Midtown-Midtown South,40.745126,-73.984639,Manhattan
West Concourse,40.81431,-73.930217,Bronx
Clinton,40.755878,-73.990933,Manhattan
Murray Hill-Kips Bay,40.745824,-73.980035,Manhattan
Flatbush,40.641858,-73.962836,Brooklyn
Rego Park,40.732391,-73.868198,Queens
Midtown-Midtown South,40.76221,-73.981881,Manhattan
Elmhurst,40.741991,-73.881065,Queens
Lenox Hill-Roosevelt Island,40.76777,-73.955691,Manhattan
West Village,40.729558,-74.002385,Manhattan
Elmhurst,40.746798,-73.891215,Queens
Turtle Bay-East Midtown,40.757417,-73.966528,Manhattan
Turtle Bay-East Midtown,40.751632,-73.970657,Manhattan
St. Albans,40.676288,-73.757908,Queens
Kingsbridge Heights,40.86908,-73.896,Bronx
Prospect Lefferts Gardens-Wingate,40.65774,-73.950407,Brooklyn
Murray Hill-Kips Bay,40.739528,-73.982489,Manhattan
North Side-South Side,40.706822,-73.950529,Brooklyn
Upper West Side,40.780942,-73.980966,Manhattan
Midtown-Midtown South,40.756638,-73.986634,Manhattan
East Village,40.728756,-73.987914,Manhattan
Hudson Yards-Chelsea-Flatiron-Union Square,40.738074,-73.998319,Manhattan
Jackson Heights,40.747223,-73.888492,Queens
Upper West Side,40.783121,-73.980709,Manhattan
Jamaica,40.703895,-73.799018,Queens
St. Albans,40.682146,-73.766387,Queens
DUMBO-Vinegar Hill-Downtown Brooklyn-Boerum Hill,40.688039,-73.981872,Brooklyn
Central Harlem South,40.809437,-73.95184,Manhattan
Central Harlem North-Polo Grounds,40.817821,-73.942075,Manhattan
Turtle Bay-East Midtown,40.753149,-73.972868,Manhattan
Old Astoria,40.767433,-73.922687,Queens
Kingsbridge Heights,40.8681,-73.900706,Bronx
Melrose South-Mott Haven North,40.81738,-73.917078,Bronx
Upper East Side-Carnegie Hill,40.768649,-73.967597,Manhattan
Elmhurst,40.748595,-73.874203,Queens
Upper West Side,40.785813,-73.978293,Manhattan
Fordham South,40.85821,-73.902815,Bronx
Queensbridge-Ravenswood-Long Island City,40.752348,-73.9266,Queens
University Heights-Morris Heights,40.854346,-73.910218,Bronx
Turtle Bay-East Midtown,40.758113,-73.962914,Manhattan
Park Slope-Gowanus,40.672679,-73.983161,Brooklyn
Lincoln Square,40.777921,-73.981853,Manhattan
West Village,40.739677,-74.002735,Manhattan
Upper West Side,40.792804,-73.967704,Manhattan
East Village,40.726304,-73.986104,Manhattan
Midtown-Midtown South,40.757734,-73.975434,Manhattan
Richmond Hill,40.699754,-73.831609,Queens
Turtle Bay-East Midtown,40.75882,-73.968417,Manhattan
East Harlem South,40.7918799,-73.9357352,Manhattan
Jackson Heights,40.748975,-73.89107,Queens
East Harlem North,40.798786,-73.939765,Manhattan
Hamilton Heights,40.827196,-73.946441,Manhattan
Crown Heights North,40.678818,-73.949579,Brooklyn
East Village,40.724398,-73.990603,Manhattan
Hudson Yards-Chelsea-Flatiron-Union Square,40.742126,-73.993522,Manhattan
Midtown-Midtown South,40.747391,-73.986183,Manhattan
Upper West Side,40.784423,-73.979796,Manhattan
Forest Hills,40.720245,-73.844644,Queens
Prospect Heights,40.67854,-73.96373,Brooklyn
Brownsville,40.65854,-73.90035,Brooklyn
Rosedale,40.6717,-73.73323,Queens
Gramercy,40.737373,-73.981159,Manhattan
Central Harlem South,40.807818,-73.94583,Manhattan
Brownsville,40.668898,-73.915594,Brooklyn
Hamilton Heights,40.827117,-73.949738,Manhattan
Jackson Heights,40.747729,-73.883665,Queens
Washington Heights North,40.857212,-73.927576,Manhattan
Turtle Bay-East Midtown,40.754512,-73.971876,Manhattan
Lenox Hill-Roosevelt Island,40.762147,-73.963354,Manhattan
Morningside Heights,40.808041,-73.96421,Manhattan
Melrose South-Mott Haven North,40.817141,-73.916208,Bronx
East Harlem South,40.789608,-73.946262,Manhattan
Woodhaven,40.692607,-73.856454,Queens
Gramercy,40.736789,-73.984486,Manhattan
Murray Hill-Kips Bay,40.743384,-73.982039,Manhattan
Murray Hill-Kips Bay,40.748287,-73.976535,Manhattan
Central Harlem South,40.801949,-73.949259,Manhattan
New Dorp-Midland Beach,40.57285,-74.107539,Staten Island
East Williamsburg,40.70506,-73.942918,Brooklyn
Astoria,40.761089,-73.923341,Queens
Midtown-Midtown South,40.761142,-73.98309,Manhattan
Upper West Side,40.780993,-73.981523,Manhattan
East Tremont,40.846522,-73.893398,Bronx
Bushwick South,40.699475,-73.935843,Brooklyn
Chinatown,40.716033,-73.9993,Manhattan
Crown Heights South,40.665417,-73.953627,Brooklyn
East Harlem South,40.792394,-73.94423,Manhattan
Hunters Point-Sunnyside-West Maspeth,40.74112,-73.93453,Queens
Upper West Side,40.797702,-73.969244,Manhattan
Longwood,40.823858,-73.89396,Bronx
Upper West Side,40.794673,-73.970051,Manhattan
Midtown-Midtown South,40.74534,-73.982768,Manhattan
Mount Hope,40.8478,-73.912137,Bronx
Hudson Yards-Chelsea-Flatiron-Union Square,40.74351,-73.992508,Manhattan
West Village,40.731887,-74.001194,Manhattan
Jamaica,40.702734,-73.802019,Queens
Hunters Point-Sunnyside-West Maspeth,40.747075,-73.942792,Queens
Central Harlem North-Polo Grounds,40.823124,-73.938202,Manhattan
Clinton,40.758482,-73.993016,Manhattan
Astoria,40.762464,-73.926262,Queens
Ocean Hill,40.678036,-73.90762,Brooklyn
Hudson Yards-Chelsea-Flatiron-Union Square,40.742548,-73.993209,Manhattan
Lenox Hill-Roosevelt Island,40.76191,-73.960153,Manhattan
Crown Heights North,40.670647,-73.950352,Brooklyn
East Village,40.729449,-73.984309,Manhattan
Morningside Heights,40.805923,-73.965081,Manhattan
Gramercy,40.737597,-73.98389,Manhattan
Midtown-Midtown South,40.760718,-73.984634,Manhattan
Lincoln Square,40.776069,-73.983633,Manhattan
Manhattanville,40.814539,-73.95528,Manhattan
Central Harlem North-Polo Grounds,40.816298,-73.946558,Manhattan
East Williamsburg,40.702247,-73.942287,Brooklyn
Carroll Gardens-Columbia Street-Red Hook,40.6781059,-74.0142949,Brooklyn
Astoria,40.766386,-73.920459,Queens
Murray Hill-Kips Bay,40.741225,-73.978935,Manhattan
Hunters Point-Sunnyside-West Maspeth,40.746639,-73.944138,Queens
Hamilton Heights,40.829662,-73.948422,Manhattan
Marble Hill-Inwood,40.866152,-73.925806,Manhattan
Washington Heights North,40.849698,-73.933322,Manhattan
Morrisania-Melrose,40.823926,-73.908549,Bronx
Morrisania-Melrose,40.822519,-73.91069,Bronx
North Side-South Side,40.7099,-73.96244,Brooklyn
Washington Heights South,40.84727,-73.935362,Manhattan
Upper West Side,40.798538,-73.969279,Manhattan
Hunters Point-Sunnyside-West Maspeth,40.744278,-73.930399,Queens
Upper East Side-Carnegie Hill,40.784663,-73.949874,Manhattan
SoHo-TriBeCa-Civic Center-Little Italy,40.727978,-74.006987,Manhattan
Brooklyn Heights-Cobble Hill,40.69158,-73.991189,Brooklyn
Chinatown,40.717168,-73.999079,Manhattan
Cypress Hills-City Line,40.684061,-73.870537,Brooklyn
Astoria,40.758221,-73.91723,Queens
Elmhurst-Maspeth,40.737777,-73.883978,Queens
SoHo-TriBeCa-Civic Center-Little Italy,40.723118,-74.008139,Manhattan
Bushwick South,40.70214,-73.93532,Brooklyn
Lincoln Square,40.775357,-73.980161,Manhattan
New Dorp-Midland Beach,40.576541,-74.103479,Staten Island
Midtown-Midtown South,40.747904,-73.992745,Manhattan
Hudson Yards-Chelsea-Flatiron-Union Square,40.745924,-73.99775700000001,Manhattan
Upper West Side,40.790444,-73.969155,Manhattan
St. Albans,40.698178,-73.762476,Queens
Elmhurst,40.745761,-73.889451,Queens
Kingsbridge Heights,40.867627,-73.89873,Bronx
Upper West Side,40.797284,-73.969652,Manhattan
Midtown-Midtown South,40.766148,-73.979721,Manhattan
Upper East Side-Carnegie Hill,40.767855,-73.962255,Manhattan
Glen Oaks-Floral Park-New Hyde Park,40.74917,-73.70814,Queens
Upper West Side,40.800093,-73.968295,Manhattan
Clinton,40.768262,-73.989043,Manhattan
Woodhaven,40.69145,-73.866734,Queens
Hollis,40.709917,-73.766201,Queens
Hunters Point-Sunnyside-West Maspeth,40.746202,-73.915445,Queens
Yorkville,40.774855,-73.956665,Manhattan
Murray Hill-Kips Bay,40.750279,-73.977012,Manhattan
Turtle Bay-East Midtown,40.755043,-73.968552,Manhattan
Washington Heights North,40.850683,-73.93287,Manhattan
Murray Hill-Kips Bay,40.742007,-73.98068,Manhattan
Gramercy,40.738502,-73.98061,Manhattan
Jamaica,40.708648,-73.799116,Queens
Melrose South-Mott Haven North,40.822022,-73.911953,Bronx
Bushwick North,40.704822,-73.920155,Brooklyn
West Village,40.739447,-74.0026,Manhattan
Upper East Side-Carnegie Hill,40.779561,-73.959954,Manhattan
Park Slope-Gowanus,40.669731,-73.985958,Brooklyn
Hollis,40.706481,-73.759532,Queens
Central Harlem North-Polo Grounds,40.819293,-73.941018,Manhattan
Lincoln Square,40.779331,-73.98199,Manhattan
Turtle Bay-East Midtown,40.748579,-73.972961,Manhattan
Morningside Heights,40.804959,-73.965902,Manhattan
Hudson Yards-Chelsea-Flatiron-Union Square,40.747377,-73.997127,Manhattan
Midtown-Midtown South,40.759205,-73.97699,Manhattan
Park Slope-Gowanus,40.66623,-73.989057,Brooklyn
Turtle Bay-East Midtown,40.75679,-73.971263,Manhattan
University Heights-Morris Heights,40.853764,-73.907899,Bronx
Upper West Side,40.783825,-73.974249,Manhattan
Astoria,40.762073,-73.918518,Queens
Midtown-Midtown South,40.75154,-73.990365,Manhattan
Park Slope-Gowanus,40.662588,-73.992259,Brooklyn
Jackson Heights,40.749459,-73.886455,Queens
Jackson Heights,40.762123,-73.8968722,Queens
Turtle Bay-East Midtown,40.757729,-73.969615,Manhattan
Bushwick North,40.699238,-73.915938,Brooklyn
Richmond Hill,40.695248,-73.84311,Queens
Upper West Side,40.795996,-73.970599,Manhattan
Upper West Side,40.795951,-73.968849,Manhattan
Hunters Point-Sunnyside-West Maspeth,40.743312,-73.922401,Queens
North Side-South Side,40.715227,-73.962741,Brooklyn
Springfield Gardens North,40.6728569,-73.7818546,Queens
Lenox Hill-Roosevelt Island,40.763433,-73.959039,Manhattan
East Harlem North,40.797303,-73.940337,Manhattan
Midtown-Midtown South,40.754851,-73.986359,Manhattan
Hamilton Heights,40.821918,-73.95331,Manhattan
Hudson Yards-Chelsea-Flatiron-Union Square,40.741123,-74.00137,Manhattan
New Dorp-Midland Beach,40.578802,-74.101669,Staten Island
Midtown-Midtown South,40.745968,-73.994039,Manhattan
Mount Hope,40.853043,-73.905552,Bronx
Greenpoint,40.720111,-73.947627,Brooklyn
Turtle Bay-East Midtown,40.755812,-73.964595,Manhattan
Hudson Yards-Chelsea-Flatiron-Union Square,40.736201,-73.993601,Manhattan
Murray Hill-Kips Bay,40.740612,-73.979079,Manhattan
East Flatbush-Farragut,40.651047,-73.943969,Brooklyn
Washington Heights South,40.832731,-73.942266,Manhattan
New Dorp-Midland Beach,40.571782,-74.108614,Staten Island
Woodhaven,40.691734,-73.865015,Queens
Washington Heights South,40.842337,-73.939377,Manhattan
Washington Heights North,40.851831,-73.931773,Manhattan
Kew Gardens,40.713167,-73.829809,Queens
Upper East Side-Carnegie Hill,40.770517,-73.966604,Manhattan
Washington Heights South,40.836081,-73.943186,Manhattan
Lenox Hill-Roosevelt Island,40.761267,-73.96062,Manhattan
Melrose South-Mott Haven North,40.818769,-73.91645,Bronx
Mount Hope,40.85207,-73.8984,Bronx
Astoria,40.760095,-73.921216,Queens
Hamilton Heights,40.827305,-73.946226,Manhattan
Melrose South-Mott Haven North,40.81886,-73.914242,Bronx
Far Rockaway-Bayswater,40.6089,-73.74989,Queens
Chinatown,40.717095,-73.990581,Manhattan
Lenox Hill-Roosevelt Island,40.764654,-73.964076,Manhattan
Flatlands,40.61901,-73.91621,Brooklyn
Central Harlem North-Polo Grounds,40.821828,-73.939286,Manhattan
Jamaica,40.703452,-73.800352,Queens
Mount Hope,40.846169,-73.901951,Bronx
Hunters Point-Sunnyside-West Maspeth,40.744716,-73.915472,Queens
Jamaica,40.695963,-73.804551,Queens
North Side-South Side,40.716431,-73.961287,Brooklyn
Richmond Hill,40.700926,-73.826205,Queens
Central Harlem South,40.805792,-73.954263,Manhattan
Lincoln Square,40.776238,-73.982338,Manhattan
Astoria,40.766894,-73.921546,Queens
Lincoln Square,40.769839,-73.982502,Manhattan
Washington Heights South,40.834974,-73.945436,Manhattan
Manhattanville,40.8158,-73.954364,Manhattan
Greenpoint,40.734684,-73.955096,Brooklyn
Upper West Side,40.785774,-73.972463,Manhattan
Forest Hills,40.726082,-73.852197,Queens
Clinton,40.766963,-73.982853,Manhattan
Erasmus,40.650029,-73.958502,Brooklyn
East Concourse-Concourse Village,40.825605,-73.918258,Bronx
Washington Heights South,40.834815,-73.940477,Manhattan
North Side-South Side,40.711666,-73.951026,Brooklyn
Murray Hill-Kips Bay,40.742069,-73.977694,Manhattan
Hamilton Heights,40.82609,-73.950482,Manhattan
Clinton,40.762431,-73.986156,Manhattan
Morningside Heights,40.80069,-73.961946,Manhattan
East Williamsburg,40.714446,-73.945948,Brooklyn
Astoria,40.769096,-73.912837,Queens
East Village,40.730249,-73.986348,Manhattan
Woodside,40.741434,-73.907534,Queens
Hamilton Heights,40.826376,-73.950716,Manhattan
St. Albans,40.708248,-73.768953,Queens
Ocean Hill,40.678572,-73.919,Brooklyn
Sunset Park West,40.653711,-74.005258,Brooklyn
Hunters Point-Sunnyside-West Maspeth,40.743877,-73.926926,Queens
Washington Heights North,40.851561,-73.934903,Manhattan
Upper West Side,40.785613,-73.978439,Manhattan
Clinton,40.765159,-73.991312,Manhattan
Midtown-Midtown South,40.757407,-73.978258,Manhattan
Hunts Point,40.819328,-73.88947,Bronx
SoHo-TriBeCa-Civic Center-Little Italy,40.717482,-74.001519,Manhattan
Elmhurst,40.743563,-73.883789,Queens
Bedford,40.680273,-73.946155,Brooklyn
Richmond Hill,40.700864,-73.826551,Queens
Upper East Side-Carnegie Hill,40.770545,-73.960254,Manhattan
Elmhurst,40.734923,-73.87546,Queens
Upper West Side,40.800476,-73.968186,Manhattan
Jackson Heights,40.76429,-73.89483,Queens
East Village,40.728027,-73.987965,Manhattan
Lenox Hill-Roosevelt Island,40.765902,-73.96318,Manhattan
Hudson Yards-Chelsea-Flatiron-Union Square,40.753642,-73.992563,Manhattan
Gramercy,40.74031,-73.984279,Manhattan
Central Harlem North-Polo Grounds,40.817381,-73.942525,Manhattan
Turtle Bay-East Midtown,40.749341,-73.975186,Manhattan
Clinton,40.754881,-73.991662,Manhattan
Hudson Yards-Chelsea-Flatiron-Union Square,40.743493,-73.985972,Manhattan
Midtown-Midtown South,40.763978,-73.982629,Manhattan
Bushwick South,40.699073,-73.934201,Brooklyn
Mott Haven-Port Morris,40.806287,-73.917955,Bronx
Jackson Heights,40.748708,-73.874393,Queens
Upper East Side-Carnegie Hill,40.782159,-73.951699,Manhattan
Upper West Side,40.795774,-73.970752,Manhattan
East New York,40.6565792,-73.8947434,Brooklyn
East Harlem South,40.794273,-73.942859,Manhattan
Hamilton Heights,40.825947,-73.946953,Manhattan
Jackson Heights,40.749606,-73.885072,Queens
Murray Hill-Kips Bay,40.741593,-73.978363,Manhattan
Longwood,40.82089,-73.894041,Bronx
Upper West Side,40.786335,-73.972055,Manhattan
Stapleton-Rosebank,40.612088,-74.070849,Staten Island
Flushing,40.763832,-73.827919,Queens
Sunset Park West,40.656384,-74.002053,Brooklyn
Hamilton Heights,40.823122,-73.949014,Manhattan
Murray Hill-Kips Bay,40.743494,-73.979907,Manhattan
Upper West Side,40.795005,-73.96981,Manhattan
Murray Hill-Kips Bay,40.745116,-73.978416,Manhattan
West Village,40.733892,-73.991056,Manhattan
Norwood,40.872581,-73.878085,Bronx
Carroll Gardens-Columbia Street-Red Hook,40.68539,-73.994526,Brooklyn
Central Harlem North-Polo Grounds,40.811973,-73.945917,Manhattan
Richmond Hill,40.6989,-73.833834,Queens
Midtown-Midtown South,40.764875,-73.980731,Manhattan
Hudson Yards-Chelsea-Flatiron-Union Square,40.742322,-73.985381,Manhattan
East Village,40.72358,-73.98839,Manhattan
Hunters Point-Sunnyside-West Maspeth,40.747793,-73.950086,Queens
Clinton,40.765277,-73.991493,Manhattan
Gramercy,40.741323,-73.985385,Manhattan
Forest Hills,40.71796,-73.836805,Queens
Yorkville,40.77703,-73.955138,Manhattan
Glen Oaks-Floral Park-New Hyde Park,40.737472,-73.7081442,Queens
Turtle Bay-East Midtown,40.757113,-73.970088,Manhattan
Central Harlem South,40.804047,-73.95214,Manhattan
Sunset Park West,40.659902,-73.998822,Brooklyn
East Williamsburg,40.704496,-73.942989,Brooklyn
Upper West Side,40.795171,-73.971048,Manhattan
Upper West Side,40.796533,-73.968682,Manhattan
Carroll Gardens-Columbia Street-Red Hook,40.67476,-74.01584,Brooklyn
Lenox Hill-Roosevelt Island,40.765193,-73.958062,Manhattan
Astoria,40.766766,-73.921276,Queens
Mount Hope,40.850709,-73.907732,Bronx
Gramercy,40.734148,-73.98874,Manhattan
Forest Hills,40.727095,-73.854789,Queens
Hamilton Heights,40.82096,-73.950863,Manhattan
North Side-South Side,40.719067,-73.962765,Brooklyn
Washington Heights South,40.834722,-73.944176,Manhattan
Turtle Bay-East Midtown,40.754991,-73.96519,Manhattan
DUMBO-Vinegar Hill-Downtown Brooklyn-Boerum Hill,40.689408,-73.988729,Brooklyn
East Village,40.725291,-73.986842,Manhattan
Yorkville,40.777561,-73.954752,Manhattan
East Harlem South,40.792297,-73.943988,Manhattan
Gramercy,40.734473,-73.986175,Manhattan
Brownsville,40.667012,-73.911924,Brooklyn
Midtown-Midtown South,40.751274,-73.991069,Manhattan
Queensbridge-Ravenswood-Long Island City,40.751149,-73.934943,Queens
Upper East Side-Carnegie Hill,40.763742,-73.971424,Manhattan
Murray Hill-Kips Bay,40.752545,-73.979585,Manhattan
Fordham South,40.861655,-73.898581,Bronx
Upper West Side,40.800504,-73.966107,Manhattan
Melrose South-Mott Haven North,40.816188,-73.909917,Bronx
Richmond Hill,40.695221,-73.841187,Queens
Park Slope-Gowanus,40.665618,-73.989159,Brooklyn
East Harlem North,40.79636,-73.938107,Manhattan
Prospect Lefferts Gardens-Wingate,40.660852,-73.960581,Brooklyn
Jamaica,40.70693,-73.80223,Queens
Todt Hill-Emerson Hill-Heartland Village-Lighthouse Hill,40.587385,-74.103708,Staten Island
Washington Heights North,40.854358,-73.92992,Manhattan
East Flatbush-Farragut,40.65159,-73.932187,Brooklyn
Hunters Point-Sunnyside-West Maspeth,40.743184,-73.951617,Queens
East Tremont,40.84619,-73.892194,Bronx
Jackson Heights,40.749292,-73.889197,Queens
Central Harlem South,40.8034,-73.956003,Manhattan
North Side-South Side,40.707581,-73.955316,Brooklyn
Melrose South-Mott Haven North,40.81856,-73.9143,Bronx
Lenox Hill-Roosevelt Island,40.761993,-73.959998,Manhattan
Jamaica,40.705143,-73.795897,Queens
DUMBO-Vinegar Hill-Downtown Brooklyn-Boerum Hill,40.687497,-73.990023,Brooklyn
Elmhurst,40.746046,-73.890121,Queens
Hunters Point-Sunnyside-West Maspeth,40.744151,-73.929829,Queens
Gramercy,40.740092,-73.983925,Manhattan
Erasmus,40.648689,-73.955962,Brooklyn
Upper West Side,40.792534,-73.973125,Manhattan
Elmhurst-Maspeth,40.738208,-73.886253,Queens
East Williamsburg,40.71413,-73.950283,Brooklyn
New Dorp-Midland Beach,40.57262,-74.113383,Staten Island
Westerleigh,40.612231,-74.130126,Staten Island
South Ozone Park,40.6676197,-73.8071848,Queens
Prospect Heights,40.68065,-73.974375,Brooklyn
Manhattanville,40.818023,-73.956374,Manhattan
Glen Oaks-Floral Park-New Hyde Park,40.7406346,-73.7133861,Queens
Manhattanville,40.818371,-73.952755,Manhattan
Norwood,40.875742,-73.879654,Bronx
Turtle Bay-East Midtown,40.752343,-73.970524,Manhattan
Jamaica,40.707831,-73.785914,Queens
Battery Park City-Lower Manhattan,40.703311,-74.009985,Manhattan
Park Slope-Gowanus,40.679501,-73.978465,Brooklyn
Hamilton Heights,40.829809,-73.948201,Manhattan
Yorkville,40.7786,-73.95399,Manhattan
Midtown-Midtown South,40.743962,-73.985428,Manhattan
Marble Hill-Inwood,40.868141,-73.919267,Manhattan
Hunters Point-Sunnyside-West Maspeth,40.753122,-73.92072,Queens
Old Town-Dongan Hills-South Beach,40.589908,-74.100904,Staten Island
Hudson Yards-Chelsea-Flatiron-Union Square,40.742723,-73.9928,Manhattan
,40.716388,-73.99267,Manhattan
Jackson Heights,40.755835,-73.881778,Queens
Park Slope-Gowanus,40.676134,-73.971836,Brooklyn
Manhattanville,40.817656,-73.953007,Manhattan
Norwood,40.8797606,-73.8755175,Bronx
East Village,40.72848,-73.987876,Manhattan
Upper East Side-Carnegie Hill,40.764821,-73.970303,Manhattan
Claremont-Bathgate,40.846926,-73.898221,Bronx
Richmond Hill,40.699841,-73.830932,Queens
Gramercy,40.737088,-73.981368,Manhattan
Turtle Bay-East Midtown,40.756577,-73.97047,Manhattan
Washington Heights South,40.832283,-73.942327,Manhattan
Melrose South-Mott Haven North,40.816692,-73.919637,Bronx
Longwood,40.823945,-73.895682,Bronx
Hamilton Heights,40.82732,-73.950026,Manhattan
Glen Oaks-Floral Park-New Hyde Park,40.74515,-73.70943,Queens
Hudson Yards-Chelsea-Flatiron-Union Square,40.74475,-73.998736,Manhattan
Lenox Hill-Roosevelt Island,40.773006,-73.958069,Manhattan
Crown Heights North,40.675965,-73.950008,Brooklyn
Clinton,40.762246,-73.986293,Manhattan
Prospect Lefferts Gardens-Wingate,40.654704,-73.959568,Brooklyn
Marble Hill-Inwood,40.863688,-73.917308,Manhattan
SoHo-TriBeCa-Civic Center-Little Italy,40.719679,-74.004974,Manhattan
Morningside Heights,40.803721,-73.967381,Manhattan
Hudson Yards-Chelsea-Flatiron-Union Square,40.739336,-73.995264,Manhattan
Elmhurst,40.746966,-73.889705,Queens
Elmhurst,40.733889,-73.872709,Queens
Forest Hills,40.7246,-73.84946,Queens
Stuyvesant Heights,40.679815,-73.937627,Brooklyn
Crown Heights South,40.669167,-73.950502,Brooklyn
Jackson Heights,40.747412,-73.887615,Queens
Jamaica,40.705204,-73.775258,Queens
Bushwick South,40.699584,-73.927465,Brooklyn
SoHo-TriBeCa-Civic Center-Little Italy,40.724065,-74.007972,Manhattan
Upper West Side,40.79338,-73.96701,Manhattan
Murray Hill-Kips Bay,40.739137,-73.980148,Manhattan
Lenox Hill-Roosevelt Island,40.762896,-73.965443,Manhattan
Murray Hill-Kips Bay,40.746217,-73.977614,Manhattan
Mott Haven-Port Morris,40.807108,-73.918343,Bronx
East Village,40.730833,-73.983098,Manhattan
St. Albans,40.68026,-73.75352,Queens
Washington Heights South,40.847513,-73.935363,Manhattan
,40.71108,-73.92862,Brooklyn
Jamaica,40.706507,-73.792368,Queens
Midtown-Midtown South,40.763996,-73.984719,Manhattan
Fort Greene,40.685787,-73.97332,Brooklyn
East Harlem North,40.803834,-73.938107,Manhattan
Melrose South-Mott Haven North,40.819394,-73.916163,Bronx
Turtle Bay-East Midtown,40.753414,-73.966651,Manhattan
Upper West Side,40.786519,-73.977765,Manhattan
Upper West Side,40.786207,-73.977698,Manhattan
Longwood,40.820806,-73.898984,Bronx
Gramercy,40.741481,-73.983198,Manhattan
Midtown-Midtown South,40.759379,-73.984637,Manhattan
New Dorp-Midland Beach,40.573466,-74.106917,Staten Island
Midtown-Midtown South,40.764212,-73.984545,Manhattan
Bedford Park-Fordham North,40.86487,-73.8928,Bronx
East Village,40.731015,-73.988685,Manhattan
Turtle Bay-East Midtown,40.758777,-73.96584,Manhattan
Midtown-Midtown South,40.759712,-73.974008,Manhattan
Carroll Gardens-Columbia Street-Red Hook,40.681346,-73.994047,Brooklyn
Elmhurst,40.74835,-73.876523,Queens
West Brighton,40.57862,-73.97231,Brooklyn
Upper West Side,40.789541,-73.969644,Manhattan
West Concourse,40.831543,-73.922645,Bronx
Hudson Yards-Chelsea-Flatiron-Union Square,40.742689,-74.000238,Manhattan
Richmond Hill,40.697047,-73.837293,Queens
Yorkville,40.778792,-73.953663,Manhattan
Brownsville,40.672128,-73.903459,Brooklyn
Upper West Side,40.790053,-73.974767,Manhattan
Brooklyn Heights-Cobble Hill,40.699342,-73.992187,Brooklyn
Hudson Yards-Chelsea-Flatiron-Union Square,40.737906,-73.997921,Manhattan
Forest Hills,40.726695,-73.853929,Queens
Murray Hill-Kips Bay,40.744407,-73.983132,Manhattan
Hudson Yards-Chelsea-Flatiron-Union Square,40.741515,-73.993963,Manhattan
Carroll Gardens-Columbia Street-Red Hook,40.6727272,-74.0120061,Brooklyn
Hudson Yards-Chelsea-Flatiron-Union Square,40.744243,-73.989016,Manhattan
Crown Heights North,40.675141,-73.956281,Brooklyn
Morningside Heights,40.809412,-73.95903,Manhattan
Erasmus,40.65532,-73.949966,Brooklyn
Murray Hill-Kips Bay,40.747788,-73.976777,Manhattan
Midtown-Midtown South,40.760527,-73.983538,Manhattan
Rego Park,40.73235,-73.86181,Queens
Elmhurst-Maspeth,40.739922,-73.895296,Queens
Turtle Bay-East Midtown,40.759756,-73.968048,Manhattan
Kingsbridge Heights,40.863114,-73.904575,Bronx
Upper West Side,40.788002,-73.976551,Manhattan
Bushwick North,40.692899,-73.911892,Brooklyn
Washington Heights South,40.836018,-73.947447,Manhattan
Midtown-Midtown South,40.749537,-73.995245,Manhattan
Upper East Side-Carnegie Hill,40.764097,-73.970823,Manhattan
West Concourse,40.819886,-73.926847,Bronx
Central Harlem South,40.808793,-73.948125,Manhattan
South Jamaica,40.69689,-73.784262,Queens
Clinton Hill,40.683077,-73.964633,Brooklyn
Upper East Side-Carnegie Hill,40.774498,-73.963723,Manhattan
Cypress Hills-City Line,40.684317,-73.869636,Brooklyn
Hudson Yards-Chelsea-Flatiron-Union Square,40.744403,-73.998993,Manhattan
New Dorp-Midland Beach,40.572853,-74.114087,Staten Island
Turtle Bay-East Midtown,40.755233,-73.971032,Manhattan
Lincoln Square,40.776177,-73.987283,Manhattan
University Heights-Morris Heights,40.845701,-73.914456,Bronx
Yorkville,40.778003,-73.954428,Manhattan
Turtle Bay-East Midtown,40.756174,-73.967829,Manhattan
Hamilton Heights,40.823326,-73.953041,Manhattan
Bushwick South,40.698876,-73.938447,Brooklyn
Chinatown,40.71392,-73.99386,Manhattan
Crown Heights South,40.666415,-73.959578,Brooklyn
Hamilton Heights,40.825446,-73.947868,Manhattan
Kew Gardens,40.707531,-73.831361,Queens
Bedford Park-Fordham North,40.861272,-73.891991,Bronx
Upper West Side,40.786403,-73.9783,Manhattan
East Williamsburg,40.701419,-73.942908,Brooklyn
Washington Heights South,40.833861,-73.941447,Manhattan
Turtle Bay-East Midtown,40.756298,-73.963978,Manhattan
Astoria,40.7631,-73.927935,Queens
Upper West Side,40.796138,-73.970931,Manhattan
Ocean Hill,40.678354,-73.911008,Brooklyn
Midtown-Midtown South,40.758022,-73.985832,Manhattan
St. Albans,40.691655,-73.779475,Queens
Central Harlem North-Polo Grounds,40.810989,-73.950711,Manhattan
SoHo-TriBeCa-Civic Center-Little Italy,40.72287,-74.00798,Manhattan
West Village,40.738278,-74.005671,Manhattan
Mott Haven-Port Morris,40.813128,-73.908991,Bronx
DUMBO-Vinegar Hill-Downtown Brooklyn-Boerum Hill,40.687814,-73.981284,Brooklyn
Norwood,40.8788455,-73.8726646,Bronx
Astoria,40.763553,-73.928514,Queens
Crown Heights North,40.673527,-73.950078,Brooklyn
St. Albans,40.683557,-73.769086,Queens
East Harlem North,40.799528,-73.943527,Manhattan
Elmhurst,40.734162,-73.873658,Queens
Melrose South-Mott Haven North,40.820102,-73.912838,Bronx
Washington Heights South,40.844756,-73.936847,Manhattan
Murray Hill-Kips Bay,40.743659,-73.976843,Manhattan
Washington Heights South,40.843567,-73.937807,Manhattan
New Dorp-Midland Beach,40.576811,-74.103565,Staten Island
Erasmus,40.63856,-73.953603,Brooklyn
Lincoln Square,40.775443,-73.982367,Manhattan
Prospect Lefferts Gardens-Wingate,40.660732,-73.950727,Brooklyn
Fordham South,40.858572,-73.904356,Bronx
Greenpoint,40.7334,-73.954886,Brooklyn
Turtle Bay-East Midtown,40.751182,-73.975188,Manhattan
Borough Park,40.63537,-73.9956,Brooklyn
DUMBO-Vinegar Hill-Downtown Brooklyn-Boerum Hill,40.686812,-73.98497,Brooklyn
Longwood,40.812112,-73.903863,Bronx
Bushwick North,40.694474,-73.906284,Brooklyn
West Village,40.732884,-74.000238,Manhattan
Gramercy,40.739531,-73.982889,Manhattan
Mount Hope,40.846434,-73.912958,Bronx
Longwood,40.8129428,-73.9041112,Bronx
Hudson Yards-Chelsea-Flatiron-Union Square,40.741621,-74.001321,Manhattan
Ocean Hill,40.677845,-73.905901,Brooklyn
SoHo-TriBeCa-Civic Center-Little Italy,40.727284,-74.005407,Manhattan
Astoria,40.759199,-73.919649,Queens
Morningside Heights,40.805479,-73.965529,Manhattan
Hudson Yards-Chelsea-Flatiron-Union Square,40.748758,-74.006904,Manhattan
Chinatown,40.721425,-73.993454,Manhattan
Midtown-Midtown South,40.749721,-73.988084,Manhattan
Turtle Bay-East Midtown,40.748513,-73.973319,Manhattan
Fort Greene,40.684549,-73.970225,Brooklyn
Upper East Side-Carnegie Hill,40.781503,-73.952279,Manhattan
Crown Heights North,40.672302,-73.957458,Brooklyn
Upper West Side,40.785135,-73.979246,Manhattan
Jamaica,40.703764,-73.790833,Queens
Upper West Side,40.798477,-73.967265,Manhattan
Turtle Bay-East Midtown,40.761731,-73.968802,Manhattan
Jackson Heights,40.754267,-73.896683,Queens
Midtown-Midtown South,40.76583,-73.983368,Manhattan
Lenox Hill-Roosevelt Island,40.770946,-73.959496,Manhattan
Morrisania-Melrose,40.828674,-73.896554,Bronx
Bushwick North,40.698839,-73.922181,Brooklyn
Hamilton Heights,40.824646,-73.947909,Manhattan
Richmond Hill,40.695603,-73.839607,Queens
Astoria,40.769707,-73.916673,Queens
Belmont,40.862571,-73.89037,Bronx
Woodside,40.741506,-73.906524,Queens
Crown Heights North,40.675745,-73.956212,Brooklyn
Hunts Point,40.824938,-73.891636,Bronx
Yorkville,40.783289,-73.950562,Manhattan
Lincoln Square,40.778381,-73.981665,Manhattan
West Village,40.732308,-74.006415,Manhattan
Glen Oaks-Floral Park-New Hyde Park,40.74335,-73.70895,Queens
Clinton Hill,40.679506,-73.955431,Brooklyn
University Heights-Morris Heights,40.84628,-73.9193,Bronx
Murray Hill-Kips Bay,40.739963,-73.979544,Manhattan
Astoria,40.759723,-73.920763,Queens
Woodside,40.753139,-73.907454,Queens
Clinton,40.766437,-73.990262,Manhattan
Elmhurst,40.733342,-73.870838,Queens
Ocean Hill,40.672852,-73.911472,Brooklyn
New Dorp-Midland Beach,40.577771,-74.10231,Staten Island
Washington Heights South,40.846771,-73.935456,Manhattan
Gramercy,40.741291,-73.981512,Manhattan
Astoria,40.765785,-73.919173,Queens
Midtown-Midtown South,40.767008,-73.981859,Manhattan
Murray Hill-Kips Bay,40.74685,-73.977159,Manhattan
Morningside Heights,40.801498,-73.961082,Manhattan
Lincoln Square,40.774913,-73.982388,Manhattan
Mott Haven-Port Morris,40.808544,-73.929074,Bronx
Lenox Hill-Roosevelt Island,40.765119,-73.957694,Manhattan
Murray Hill,40.765108,-73.817129,Queens
Astoria,40.764902,-73.917303,Queens
Midtown-Midtown South,40.760326,-73.983693,Manhattan
Turtle Bay-East Midtown,40.750156,-73.974741,Manhattan
Midtown-Midtown South,40.756742,-73.97653,Manhattan
Murray Hill-Kips Bay,40.74574,-73.981987,Manhattan
Murray Hill-Kips Bay,40.750378,-73.974888,Manhattan
Midtown-Midtown South,40.754951,-73.983899,Manhattan
Upper East Side-Carnegie Hill,40.774207,-73.957499,Manhattan
Upper West Side,40.798954,-73.968326,Manhattan
Turtle Bay-East Midtown,40.756505,-73.970111,Manhattan
Midtown-Midtown South,40.757869,-73.985703,Manhattan
Gramercy,40.741536,-73.981333,Manhattan
Murray Hill-Kips Bay,40.74705,-73.977005,Manhattan
Central Harlem South,40.808733,-73.952093,Manhattan
Upper East Side-Carnegie Hill,40.779454,-73.959681,Manhattan
East Harlem North,40.798139,-73.940036,Manhattan
Upper West Side,40.784423,-73.973816,Manhattan
Mott Haven-Port Morris,40.813998,-73.919171,Bronx
Erasmus,40.647887,-73.958051,Brooklyn
Upper West Side,40.793822,-73.972035,Manhattan
Midtown-Midtown South,40.762906,-73.97203,Manhattan
Melrose South-Mott Haven North,40.818017,-73.916791,Bronx
East Harlem South,40.785818,-73.949031,Manhattan
Lincoln Square,40.777227,-73.982777,Manhattan
East Williamsburg,40.707379,-73.943399,Brooklyn
Washington Heights South,40.834513,-73.944329,Manhattan
,40.674678,-73.8075039,Queens
North Side-South Side,40.714498,-73.961096,Brooklyn
Upper West Side,40.783373,-73.980123,Manhattan
East Village,40.73157,-73.988579,Manhattan
Hollis,40.706075,-73.756337,Queens
Park Slope-Gowanus,40.676409,-73.98029,Brooklyn
Central Harlem North-Polo Grounds,40.822924,-73.941723,Manhattan
Queensbridge-Ravenswood-Long Island City,40.752724,-73.927183,Queens
Midtown-Midtown South,40.763036,-73.981711,Manhattan
East Village,40.732206,-73.984823,Manhattan
Washington Heights North,40.854876,-73.92939,Manhattan
West Concourse,40.834904,-73.918226,Bronx
Hamilton Heights,40.830746,-73.943446,Manhattan
Erasmus,40.648733,-73.952414,Brooklyn
Fort Greene,40.688851,-73.980613,Brooklyn
University Heights-Morris Heights,40.85393,-73.907502,Bronx
Sunset Park West,40.657704,-74.000689,Brooklyn
Fordham South,40.857227,-73.899218,Bronx
Hudson Yards-Chelsea-Flatiron-Union Square,40.7436,-74.003588,Manhattan
Hudson Yards-Chelsea-Flatiron-Union Square,40.73864,-73.996057,Manhattan
Bedford Park-Fordham North,40.861905,-73.894827,Bronx
Jackson Heights,40.747971,-73.881387,Queens
Brownsville,40.669368,-73.912433,Brooklyn
Midtown-Midtown South,40.745989,-73.990712,Manhattan
East Williamsburg,40.705768,-73.94303,Brooklyn
Washington Heights North,40.850248,-73.932926,Manhattan
Jamaica,40.698501,-73.806622,Queens
Lenox Hill-Roosevelt Island,40.761049,-73.964181,Manhattan
East New York,40.677043,-73.899212,Brooklyn
North Side-South Side,40.712112,-73.9571476,Brooklyn
Park Slope-Gowanus,40.667873,-73.987509,Brooklyn
Midtown-Midtown South,40.766649,-73.97935,Manhattan
South Ozone Park,40.6784155,-73.833121,Queens
Midtown-Midtown South,40.746709,-73.986207,Manhattan
Greenpoint,40.722533,-73.954689,Brooklyn
Upper West Side,40.792132,-73.973409,Manhattan
Grasmere-Arrochar-Ft. Wadsworth,40.598002,-74.08305,Staten Island
Forest Hills,40.720017,-73.844787,Queens
East Harlem North,40.797835,-73.940256,Manhattan
DUMBO-Vinegar Hill-Downtown Brooklyn-Boerum Hill,40.686177,-73.991014,Brooklyn
Morningside Heights,40.805516,-73.966052,Manhattan
Turtle Bay-East Midtown,40.752665,-73.972843,Manhattan
Kingsbridge Heights,40.867371,-73.897645,Bronx
Richmond Hill,40.698095,-73.834847,Queens
Crown Heights South,40.670318,-73.958172,Brooklyn
Midtown-Midtown South,40.760883,-73.984277,Manhattan
East Village,40.734141,-73.989412,Manhattan
SoHo-TriBeCa-Civic Center-Little Italy,40.715727,-74.007185,Manhattan
Murray Hill-Kips Bay,40.741711,-73.977973,Manhattan
Flatbush,40.640666,-73.955924,Brooklyn
Jackson Heights,40.7565604,-73.8768487,Queens
Washington Heights South,40.835135,-73.943873,Manhattan
Prospect Heights,40.676408,-73.96361,Brooklyn
Hunts Point,40.817655,-73.888462,Bronx
Lenox Hill-Roosevelt Island,40.762107,-73.965809,Manhattan
DUMBO-Vinegar Hill-Downtown Brooklyn-Boerum Hill,40.687901,-73.993147,Brooklyn
Richmond Hill,40.699888,-73.831131,Queens
Hudson Yards-Chelsea-Flatiron-Union Square,40.737561,-73.996841,Manhattan
Jamaica,40.703352,-73.799923,Queens
Hudson Yards-Chelsea-Flatiron-Union Square,40.739166,-73.991199,Manhattan
Murray Hill-Kips Bay,40.749832,-73.98156,Manhattan
Central Harlem North-Polo Grounds,40.829002,-73.937279,Manhattan
Mount Hope,40.84873,-73.91147,Bronx
Stuyvesant Heights,40.678654,-73.916507,Brooklyn
West Concourse,40.817512,-73.928886,Bronx
Upper West Side,40.781705,-73.980809,Manhattan
Baisley Park,40.673311,-73.795796,Queens
Forest Hills,40.718953,-73.838976,Queens
Upper West Side,40.785068,-73.978633,Manhattan
Hudson Yards-Chelsea-Flatiron-Union Square,40.742803,-74.00417,Manhattan
Astoria,40.76272,-73.926808,Queens
Hamilton Heights,40.826707,-73.946665,Manhattan
Georgetown-Marine Park-Bergen Beach-Mill Basin,40.6155683,-73.9141872,Brooklyn
Jackson Heights,40.748168,-73.879511,Queens
Washington Heights South,40.834189,-73.94545,Manhattan
East Village,40.731539,-73.983246,Manhattan
Brownsville,40.6658969,-73.9196083,Brooklyn
West Village,40.73857046,-73.99993241,Manhattan
Midtown-Midtown South,40.760474,-73.976099,Manhattan
Midtown-Midtown South,40.746251,-73.990506,Manhattan
Westerleigh,40.613177,-74.119224,Staten Island
Upper West Side,40.793962,-73.970571,Manhattan
Norwood,40.872944,-73.878639,Bronx
Jackson Heights,40.754699,-73.890832,Queens
Hunters Point-Sunnyside-West Maspeth,40.744608,-73.933726,Queens
Port Richmond,40.624318,-74.137389,Staten Island
SoHo-TriBeCa-Civic Center-Little Italy,40.714209,-74.006512,Manhattan
Lincoln Square,40.774723,-73.982005,Manhattan
Washington Heights South,40.84787,-73.937781,Manhattan
Gramercy,40.740989,-73.981732,Manhattan
Gramercy,40.736214,-73.9849,Manhattan
Hunters Point-Sunnyside-West Maspeth,40.74929,-73.95445,Queens
Midtown-Midtown South,40.746511,-73.984099,Manhattan
Hudson Yards-Chelsea-Flatiron-Union Square,40.743097,-73.992812,Manhattan
Upper West Side,40.785682,-73.972629,Manhattan
"Queensbridge, Ravenwood, LIC",40.7522977,-73.9389695,Queens
Hamilton Heights,40.829675,-73.947866,Manhattan
Chinatown,40.721716,-73.993343,Manhattan
Upper West Side,40.796374,-73.968542,Manhattan
Upper West Side,40.7977,-73.96784,Manhattan
Washington Heights South,40.835586,-73.939589,Manhattan
Upper East Side-Carnegie Hill,40.763419,-73.966995,Manhattan
St. Albans,40.69955,-73.74748,Queens
Queensbridge-Ravenswood-Long Island City,40.75212,-73.94257,Queens
Upper West Side,40.782285,-73.980476,Manhattan
Clinton,40.766683,-73.99021,Manhattan
Kingsbridge Heights,40.862644,-73.903244,Bronx
Hunters Point-Sunnyside-West Maspeth,40.753746,-73.917703,Queens
Richmond Hill,40.697563,-73.83628,Queens
Midtown-Midtown South,40.744614,-73.985069,Manhattan
Mott Haven-Port Morris,40.810896,-73.921434,Bronx
East Harlem South,40.791481,-73.944895,Manhattan
Turtle Bay-East Midtown,40.757701,-73.963213,Manhattan
Gramercy,40.734031,-73.986488,Manhattan
Brownsville,40.6653401,-73.9213909,Brooklyn
Prospect Heights,40.672748,-73.962694,Brooklyn
Turtle Bay-East Midtown,40.748673,-73.973326,Manhattan
Upper East Side-Carnegie Hill,40.779635,-73.953537,Manhattan
Upper East Side-Carnegie Hill,40.769749,-73.966763,Manhattan
Murray Hill-Kips Bay,40.746881,-73.981064,Manhattan
Upper East Side-Carnegie Hill,40.774281,-73.96346,Manhattan
Richmond Hill,40.696331,-73.837842,Queens
West Village,40.735984,-73.99799,Manhattan
East Harlem North,40.80287,-73.93627,Manhattan
Murray Hill-Kips Bay,40.745863,-73.980233,Manhattan
Chinatown,40.721773,-73.989421,Manhattan
Hudson Yards-Chelsea-Flatiron-Union Square,40.739107,-73.99915,Manhattan
Turtle Bay-East Midtown,40.751834,-73.970593,Manhattan
Upper West Side,40.796425,-73.970279,Manhattan
Central Harlem North-Polo Grounds,40.818505,-73.941152,Manhattan
St. Albans,40.688221,-73.776649,Queens
Midtown-Midtown South,40.754593,-73.988137,Manhattan
Baisley Park,40.679278,-73.779868,Queens
Morningside Heights,40.803579,-73.966917,Manhattan
Hunters Point-Sunnyside-West Maspeth,40.74325,-73.95962,Queens
Hunters Point-Sunnyside-West Maspeth,40.742211,-73.918995,Queens
Lower East Side,40.71327,-73.98387,Manhattan
Upper West Side,40.787698,-73.971413,Manhattan
Elmhurst,40.747742,-73.88227,Queens
Hunters Point-Sunnyside-West Maspeth,40.747667,-73.94142,Queens
Upper West Side,40.788705,-73.976411,Manhattan
Melrose South-Mott Haven North,40.81851,-73.914614,Bronx
Clinton,40.764338,-73.984767,Manhattan
Gramercy,40.740041,-73.982424,Manhattan
Central Harlem North-Polo Grounds,40.818029,-73.941924,Manhattan
Hunters Point-Sunnyside-West Maspeth,40.746089,-73.945246,Queens
Turtle Bay-East Midtown,40.750966,-73.974148,Manhattan
Jamaica,40.707945,-73.795266,Queens
Hunters Point-Sunnyside-West Maspeth,40.74433,-73.91403,Queens
Park Slope-Gowanus,40.674556,-73.981936,Brooklyn
Hudson Yards-Chelsea-Flatiron-Union Square,40.748842,-74.006704,Manhattan
Upper East Side-Carnegie Hill,40.767331,-73.962523,Manhattan
Yorkville,40.778233,-73.952821,Manhattan
Upper West Side,40.784096,-73.974049,Manhattan
Turtle Bay-East Midtown,40.749658,-73.975104,Manhattan
Turtle Bay-East Midtown,40.761559,-73.968391,Manhattan
Jamaica,40.706357,-73.792205,Queens
Lincoln Square,40.769816,-73.981929,Manhattan
Elmhurst,40.748878,-73.871463,Queens
Clinton,40.758666,-73.9889,Manhattan
Turtle Bay-East Midtown,40.758689,-73.965589,Manhattan
Fordham South,40.857756,-73.901091,Bronx
Central Harlem North-Polo Grounds,40.815696,-73.947002,Manhattan
North Side-South Side,40.70878,-73.959183,Brooklyn
East Harlem South,40.791203,-73.944784,Manhattan
Hamilton Heights,40.829037,-73.948869,Manhattan
Turtle Bay-East Midtown,40.749301,-73.974818,Manhattan
Sunset Park West,40.659745,-73.998986,Brooklyn
Washington Heights South,40.84904,-73.936797,Manhattan
Central Harlem North-Polo Grounds,40.820122,-73.943776,Manhattan
Turtle Bay-East Midtown,40.760347,-73.967306,Manhattan
West Concourse,40.831467,-73.921747,Bronx
Forest Hills,40.717664,-73.836262,Queens
North Side-South Side,40.718513,-73.957231,Brooklyn
Upper West Side,40.800681,-73.96826,Manhattan
Astoria,40.75337,-73.91232,Queens
Mott Haven-Port Morris,40.808293,-73.923332,Bronx
Park Slope-Gowanus,40.681596,-73.977038,Brooklyn
East Village,40.734127,-73.989778,Manhattan
Cypress Hills-City Line,40.684625,-73.868975,Brooklyn
Hudson Yards-Chelsea-Flatiron-Union Square,40.743971,-73.991883,Manhattan
East Village,40.723807,-73.988224,Manhattan
Old Astoria,40.770747,-73.920354,Queens
Midtown-Midtown South,40.753059,-73.987386,Manhattan
Mount Hope,40.851329,-73.908266,Bronx
Upper West Side,40.799331,-73.968232,Manhattan
Battery Park City-Lower Manhattan,40.70391,-74.009082,Manhattan
Turtle Bay-East Midtown,40.753496,-73.969261,Manhattan
Midtown-Midtown South,40.747627,-73.985037,Manhattan
Yorkville,40.779367,-73.953327,Manhattan
Crown Heights North,40.680015,-73.943843,Brooklyn
West Concourse,40.818886,-73.929213,Bronx
East Harlem North,40.800142,-73.944966,Manhattan
Bedford Park-Fordham North,40.862347,-73.893894,Bronx
Flatbush,40.645262,-73.958144,Brooklyn
Central Harlem North-Polo Grounds,40.812656,-73.949489,Manhattan
Marble Hill-Inwood,40.868946,-73.9159497,Manhattan
Hudson Yards-Chelsea-Flatiron-Union Square,40.73728,-73.992826,Manhattan
Lenox Hill-Roosevelt Island,40.767234,-73.96229,Manhattan
Upper West Side,40.79331,-73.971045,Manhattan
Gramercy,40.73477,-73.986259,Manhattan
Murray Hill-Kips Bay,40.743229,-73.981797,Manhattan
New Dorp-Midland Beach,40.581677,-74.11135,Staten Island
SoHo-TriBeCa-Civic Center-Little Italy,40.717805,-74.005815,Manhattan
Upper East Side-Carnegie Hill,40.770459,-73.966224,Manhattan
Bushwick North,40.70754,-73.92196,Brooklyn
Jamaica,40.704609,-73.796801,Queens
Woodhaven,40.693166,-73.853678,Queens
Crown Heights North,40.674039,-73.956826,Brooklyn
Washington Heights South,40.843034,-73.939086,Manhattan
Mott Haven-Port Morris,40.809668,-73.922623,Bronx
Lincoln Square,40.77497,-73.981079,Manhattan
Murray Hill-Kips Bay,40.740894,-73.978561,Manhattan
DUMBO-Vinegar Hill-Downtown Brooklyn-Boerum Hill,40.68721,-73.981719,Brooklyn
Chinatown,40.71792,-73.99494,Manhattan
Hudson Yards-Chelsea-Flatiron-Union Square,40.742573,-73.986648,Manhattan
Upper West Side,40.783191,-73.980253,Manhattan
Hunters Point-Sunnyside-West Maspeth,40.753522,-73.914501,Queens
Sunset Park West,40.662189,-73.996017,Brooklyn
Hamilton Heights,40.822633,-73.94964,Manhattan
West Village,40.73116,-73.994079,Manhattan
Hudson Yards-Chelsea-Flatiron-Union Square,40.745443,-73.998619,Manhattan
Midtown-Midtown South,40.746155,-73.994286,Manhattan
Hudson Yards-Chelsea-Flatiron-Union Square,40.743919,-73.999645,Manhattan
Turtle Bay-East Midtown,40.756944,-73.96407,Manhattan
Kingsbridge Heights,40.862685,-73.907548,Bronx
Hamilton Heights,40.828542,-73.949132,Manhattan
Mount Hope,40.852025,-73.902654,Bronx
Hudson Yards-Chelsea-Flatiron-Union Square,40.75414,-73.99234,Manhattan
Hamilton Heights,40.830876,-73.946986,Manhattan
Crown Heights South,40.665656,-73.956692,Brooklyn
Sunset Park West,40.6548288,-74.014243,Brooklyn
Upper West Side,40.797946,-73.971379,Manhattan
SoHo-TriBeCa-Civic Center-Little Italy,40.727115,-74.003502,Manhattan
Elmhurst-Maspeth,40.738109,-73.885717,Queens
Clinton,40.76779,-73.989659,Manhattan
East Harlem North,40.798646,-73.941422,Manhattan
Astoria,40.763621,-73.914259,Queens
SoHo-TriBeCa-Civic Center-Little Italy,40.720568,-74.006556,Manhattan
Richmond Hill,40.697902,-73.835657,Queens
Jackson Heights,40.750343,-73.878037,Queens
Hunters Point-Sunnyside-West Maspeth,40.744921,-73.947663,Queens
Far Rockaway-Bayswater,40.6023199,-73.7506972,Queens
Upper West Side,40.784612,-73.973407,Manhattan
Upper West Side,40.791763,-73.96819,Manhattan
Fort Greene,40.693309,-73.969788,Brooklyn
Morningside Heights,40.809965,-73.958889,Manhattan
Turtle Bay-East Midtown,40.760005,-73.967568,Manhattan
Lincoln Square,40.777137,-73.981904,Manhattan
East Village,40.728232,-73.987818,Manhattan
Mount Hope,40.8505,-73.89941,Bronx
Forest Hills,40.714861,-73.832341,Queens
Washington Heights North,40.852412,-73.931338,Manhattan
Washington Heights North,40.855615,-73.928997,Manhattan
Hudson Yards-Chelsea-Flatiron-Union Square,40.7427,-73.9968,Manhattan
Gramercy,40.736747,-73.981608,Manhattan
Turtle Bay-East Midtown,40.754371,-73.96565,Manhattan
Upper West Side,40.797178,-73.968223,Manhattan
East Village,40.728158,-73.988125,Manhattan
Astoria,40.754488,-73.911687,Queens
Crown Heights North,40.677504,-73.949697,Brooklyn
Hudson Yards-Chelsea-Flatiron-Union Square,40.753107,-73.992947,Manhattan
Crown Heights North,40.67896,-73.924424,Brooklyn
Morningside Heights,40.811845,-73.957517,Manhattan
Clinton,40.758831,-73.98878,Manhattan
Hudson Yards-Chelsea-Flatiron-Union Square,40.740836,-73.988136,Manhattan
Jackson Heights,40.748869,-73.872933,Queens
Upper East Side-Carnegie Hill,40.76588,-73.963583,Manhattan
West Concourse,40.839445,-73.915848,Bronx
Upper West Side,40.793524,-73.970887,Manhattan
Clinton,40.761816,-73.986606,Manhattan
Hunters Point-Sunnyside-West Maspeth,40.743976,-73.927772,Queens
Upper West Side,40.799042,-73.968809,Manhattan
Turtle Bay-East Midtown,40.755356,-73.971251,Manhattan
,40.76944,-73.8423,Queens
East Harlem South,40.791282,-73.944218,Manhattan
Murray Hill-Kips Bay,40.749503,-73.977195,Manhattan
Turtle Bay-East Midtown,40.757975,-73.966421,Manhattan
Clinton,40.767663,-73.98949,Manhattan
SoHo-TriBeCa-Civic Center-Little Italy,40.718198,-74.000048,Manhattan
Upper West Side,40.794604,-73.969837,Manhattan
Morningside Heights,40.807508,-73.964488,Manhattan
Upper West Side,40.787247,-73.977646,Manhattan
Lincoln Square,40.776626,-73.982323,Manhattan
Hamilton Heights,40.825419,-73.947604,Manhattan
Midtown-Midtown South,40.746116,-73.990792,Manhattan
Central Harlem South,40.811325,-73.952053,Manhattan
Central Harlem North-Polo Grounds,40.816446,-73.942649,Manhattan
Hamilton Heights,40.830336,-73.943756,Manhattan
Yorkville,40.778605,-73.953715,Manhattan
Lincoln Square,40.775532,-73.981973,Manhattan
Jamaica,40.705819,-73.809058,Queens
Elmhurst-Maspeth,40.746707,-73.893448,Queens
Upper West Side,40.793181,-73.972649,Manhattan
Upper West Side,40.781474,-73.980961,Manhattan
Hudson Yards-Chelsea-Flatiron-Union Square,40.750227,-73.995051,Manhattan
Washington Heights North,40.852917,-73.930827,Manhattan
Jamaica,40.706233,-73.799947,Queens
Central Harlem North-Polo Grounds,40.814863,-73.947877,Manhattan
Upper West Side,40.791576,-73.976024,Manhattan
Upper West Side,40.786654,-73.972311,Manhattan
Richmond Hill,40.695048,-73.846656,Queens
Murray Hill-Kips Bay,40.740218,-73.981988,Manhattan
Turtle Bay-East Midtown,40.748121,-73.973604,Manhattan
Bedford Park-Fordham North,40.862449,-73.898127,Bronx
Turtle Bay-East Midtown,40.75678,-73.96698,Manhattan
Park Slope-Gowanus,40.680323,-73.978034,Brooklyn
Murray Hill-Kips Bay,40.739975,-73.982035,Manhattan
Oakwood-Oakwood Beach,40.565852,-74.114224,Staten Island
Hudson Yards-Chelsea-Flatiron-Union Square,40.7529434,-74.00421615,Manhattan
Hunters Point-Sunnyside-West Maspeth,40.741303,-73.919006,Queens
Bushwick South,40.708922,-73.94339,Brooklyn
Jamaica,40.71452,-73.775133,Queens
Bushwick South,40.699954,-73.940268,Brooklyn
St. Albans,40.676667,-73.755654,Queens
Turtle Bay-East Midtown,40.758993,-73.968727,Manhattan
Elmhurst,40.748049,-73.879386,Queens
Elmhurst-Maspeth,40.740937,-73.879925,Queens
East Village,40.729831,-73.986658,Manhattan
Hamilton Heights,40.82509,-73.951656,Manhattan
Prospect Lefferts Gardens-Wingate,40.660758,-73.931466,Brooklyn
Washington Heights South,40.837104,-73.942288,Manhattan
Upper West Side,40.797391,-73.96807,Manhattan
Hunters Point-Sunnyside-West Maspeth,40.75191,-73.929992,Queens
Astoria,40.756073,-73.912975,Queens
Baisley Park,40.682676,-73.781852,Queens
Greenpoint,40.72329,-73.952603,Brooklyn
Midtown-Midtown South,40.759713,-73.984131,Manhattan
Hollis,40.713608,-73.755938,Queens
Hunts Point,40.808927,-73.882082,Bronx
SoHo-TriBeCa-Civic Center-Little Italy,40.715484,-74.002667,Manhattan
East Village,40.73108,-73.985739,Manhattan
Hunters Point-Sunnyside-West Maspeth,40.74445,-73.931875,Queens
Lenox Hill-Roosevelt Island,40.761977,-73.963213,Manhattan
Washington Heights South,40.833285,-73.945092,Manhattan
Central Harlem North-Polo Grounds,40.812611,-73.945458,Manhattan
Cypress Hills-City Line,40.691021,-73.868095,Brooklyn
Lenox Hill-Roosevelt Island,40.768939,-73.960967,Manhattan
Manhattanville,40.82028,-73.955268,Manhattan
DUMBO-Vinegar Hill-Downtown Brooklyn-Boerum Hill,40.688449,-73.982472,Brooklyn
Elmhurst,40.747059,-73.88882,Queens
Bushwick South,40.697517,-73.935825,Brooklyn
Mott Haven-Port Morris,40.812079,-73.92659,Bronx
Crown Heights South,40.668156,-73.958801,Brooklyn
Stapleton-Rosebank,40.637984,-74.077101,Staten Island
Lenox Hill-Roosevelt Island,40.763218,-73.959202,Manhattan
Crown Heights North,40.679752,-73.939101,Brooklyn
Crown Heights South,40.664073,-73.939992,Brooklyn
Upper West Side,40.787028,-73.977832,Manhattan
Midtown-Midtown South,40.752949,-73.992762,Manhattan
East Williamsburg,40.705371,-73.949963,Brooklyn
Marine Park-Mill Basin-Bergen Beach,40.62211,-73.90363,Brooklyn
East Elmhurst,40.757485,-73.868589,Queens
Turtle Bay-East Midtown,40.753751,-73.96597,Manhattan
Murray Hill-Kips Bay,40.739762,-73.979693,Manhattan
Upper West Side,40.797394,-73.970011,Manhattan
Ocean Hill,40.678079,-73.908374,Brooklyn
Hudson Yards-Chelsea-Flatiron-Union Square,40.737886,-73.996604,Manhattan
Elmhurst-Maspeth,40.739393,-73.892498,Queens
Hunts Point,40.816952,-73.895711,Bronx
Lower East Side,40.720392,-73.98434,Manhattan
Midtown-Midtown South,40.762331,-73.985923,Manhattan
Crown Heights North,40.674266,-73.950234,Brooklyn
Bushwick North,40.702538,-73.916495,Brooklyn
SoHo-TriBeCa-Civic Center-Little Italy,40.720596,-73.994075,Manhattan
Mott Haven-Port Morris,40.804706,-73.912933,Bronx
Astoria,40.760713,-73.922879,Queens
Turtle Bay-East Midtown,40.749203,-73.972507,Manhattan
SoHo-TriBeCa-Civic Center-Little Italy,40.716869,-73.997578,Manhattan
East Harlem North,40.799505,-73.939036,Manhattan
Hudson Yards-Chelsea-Flatiron-Union Square,40.744815,-73.994986,Manhattan
Sunset Park East,40.640244,-73.995012,Brooklyn
Midtown-Midtown South,40.760249,-73.973633,Manhattan
Astoria,40.76593,-73.919882,Queens
Elmhurst,40.747451,-73.884987,Queens
Murray Hill-Kips Bay,40.740233,-73.979048,Manhattan
Hunts Point,40.812779,-73.881469,Bronx
Upper West Side,40.778889,-73.977853,Manhattan
Upper West Side,40.780819,-73.981571,Manhattan
Mount Hope,40.843881,-73.91293,Bronx
Gramercy,40.733841,-73.986634,Manhattan
Hamilton Heights,40.82832,-73.949299,Manhattan
Chinatown,40.716355,-73.991198,Manhattan
Gramercy,40.741487,-73.98148,Manhattan
Upper West Side,40.786896,-73.977483,Manhattan
Hudson Yards-Chelsea-Flatiron-Union Square,40.745039,-73.998529,Manhattan
Marble Hill-Inwood,40.861152,-73.921004,Manhattan
Norwood,40.88108,-73.87828,Bronx
Central Harlem South,40.80595,-73.950754,Manhattan
South Ozone Park,40.66522,-73.8118342,Queens
Gramercy,40.736332,-73.985123,Manhattan
Forest Hills,40.726495,-73.853138,Queens
Upper West Side,40.792035,-73.971979,Manhattan
Carroll Gardens-Columbia Street-Red Hook,40.6741868,-74.0136956,Brooklyn
Washington Heights North,40.851265,-73.928451,Manhattan
SoHo-TriBeCa-Civic Center-Little Italy,40.727803,-74.005232,Manhattan
Murray Hill-Kips Bay,40.746539,-73.977688,Manhattan
Upper West Side,40.785021,-73.978807,Manhattan
Midtown-Midtown South,40.752339,-73.987574,Manhattan
Midtown-Midtown South,40.748615,-73.992489,Manhattan
East Village,40.729236,-73.987081,Manhattan
Stapleton-Rosebank,40.627192,-74.074112,Staten Island
Hudson Yards-Chelsea-Flatiron-Union Square,40.743579,-73.999894,Manhattan
Clinton,40.764456,-73.99182,Manhattan
Turtle Bay-East Midtown,40.759801,-73.970072,Manhattan
Astoria,40.765402,-73.91836,Queens
Turtle Bay-East Midtown,40.749292,-73.972751,Manhattan
Rego Park,40.728832,-73.863243,Queens
Glen Oaks-Floral Park-New Hyde Park,40.73541,-73.73466,Queens
St. Albans,40.69205,-73.764014,Queens
Midtown-Midtown South,40.762151,-73.986052,Manhattan
Upper West Side,40.793161,-73.970894,Manhattan
Woodhaven,40.691902,-73.863262,Queens
East Flatbush-Farragut,40.65123,-73.942062,Brooklyn
Morningside Heights,40.802984,-73.967855,Manhattan
Marble Hill-Inwood,40.865079,-73.921665,Manhattan
University Heights-Morris Heights,40.854764,-73.911439,Bronx
New Dorp-Midland Beach,40.570635,-74.109918,Staten Island
Midtown-Midtown South,40.748323,-73.982372,Manhattan
Midtown-Midtown South,40.746426,-73.985816,Manhattan
Astoria,40.756521,-73.925215,Queens
Central Harlem North-Polo Grounds,40.81678,-73.942842,Manhattan
Upper West Side,40.801084,-73.967707,Manhattan
Hudson Yards-Chelsea-Flatiron-Union Square,40.744847,-73.991677,Manhattan
Hunters Point-Sunnyside-West Maspeth,40.74218,-73.918733,Queens
Fordham South,40.857222,-73.904743,Bronx
Grymes Hill-Clifton-Fox Hills,40.616644,-74.103351,Staten Island
West Village,40.73654,-73.997156,Manhattan
Upper West Side,40.797149,-73.969607,Manhattan
Old Astoria,40.77036,-73.918895,Queens
Bedford Park-Fordham North,40.862051,-73.896079,Bronx
Marble Hill-Inwood,40.862416,-73.920144,Manhattan
Astoria,40.761913,-73.910939,Queens
Jamaica,40.701827,-73.807661,Queens
Gramercy,40.740246,-73.982383,Manhattan
Forest Hills,40.728067,-73.857446,Queens
,40.72705,-73.95887,Brooklyn
Baisley Park,40.67169,-73.7845,Queens
Upper West Side,40.781853,-73.980836,Manhattan
Midtown-Midtown South,40.750092,-73.987792,Manhattan
Park Slope-Gowanus,40.666539,-73.988378,Brooklyn
Morningside Heights,40.810163,-73.958744,Manhattan
North Side-South Side,40.71087,-73.951311,Brooklyn
Greenpoint,40.723014,-73.953234,Brooklyn
Upper West Side,40.792379,-73.96801,Manhattan
Park Slope-Gowanus,40.673534,-73.982789,Brooklyn
Astoria,40.762564,-73.919579,Queens
Ocean Hill,40.679976,-73.905765,Brooklyn
Central Harlem South,40.810023,-73.951413,Manhattan
Kew Gardens,40.711072,-73.82816,Queens
North Side-South Side,40.713851,-73.95954,Brooklyn
Midtown-Midtown South,40.749728,-73.99511,Manhattan
Prospect Heights,40.677589,-73.973062,Brooklyn
Murray Hill-Kips Bay,40.743891,-73.98337,Manhattan
Ocean Hill,40.673525,-73.916832,Brooklyn
DUMBO-Vinegar Hill-Downtown Brooklyn-Boerum Hill,40.687609,-73.986989,Brooklyn
Old Town-Dongan Hills-South Beach,40.589488,-74.101271,Staten Island
Lenox Hill-Roosevelt Island,40.763855,-73.95876,Manhattan
East Harlem North,40.803834,-73.936351,Manhattan
East Village,40.732247,-73.985132,Manhattan
Sunset Park West,40.660871,-73.997387,Brooklyn
Clinton,40.765789,-73.990852,Manhattan
East Flatbush-Farragut,40.650947,-73.945545,Brooklyn
North Side-South Side,40.71777,-73.957869,Brooklyn
Mount Hope,40.846646,-73.901392,Bronx
Upper East Side-Carnegie Hill,40.766737,-73.969318,Manhattan
Park Slope-Gowanus,40.669018,-73.986317,Brooklyn
Washington Heights South,40.832749,-73.941887,Manhattan
Hunts Point,40.810373,-73.886431,Bronx
Hudson Yards-Chelsea-Flatiron-Union Square,40.741502,-73.993593,Manhattan
Chinatown,40.719504,-73.989474,Manhattan
East Village,40.731219,-73.982827,Manhattan
Upper West Side,40.797826,-73.967748,Manhattan
Midtown-Midtown South,40.762366,-73.982552,Manhattan
East Village,40.730496,-73.980768,Manhattan
Midtown-Midtown South,40.763424,-73.985061,Manhattan
Turtle Bay-East Midtown,40.757604,-73.963593,Manhattan
DUMBO-Vinegar Hill-Downtown Brooklyn-Boerum Hill,40.684799,-73.991581,Brooklyn
Jackson Heights,40.748798,-73.87355,Queens
University Heights-Morris Heights,40.853842,-73.909388,Bronx
Gramercy,40.73347,-73.987384,Manhattan
Hudson Yards-Chelsea-Flatiron-Union Square,40.741373,-74.001501,Manhattan
Sunset Park West,40.654133,-74.004404,Brooklyn
Woodhaven,40.692451,-73.860858,Queens
East Concourse-Concourse Village,40.835734,-73.91396,Bronx
Bushwick North,40.70024,-73.91248,Brooklyn
Springfield Gardens North,40.67515,-73.78258,Queens
Midtown-Midtown South,40.75967,-73.987786,Manhattan
Forest Hills,40.722499,-73.850777,Queens
East Williamsburg,40.711079,-73.943732,Brooklyn
Washington Heights South,40.846117,-73.938598,Manhattan
Hunters Point-Sunnyside-West Maspeth,40.745418,-73.946937,Queens
Lenox Hill-Roosevelt Island,40.765665,-73.957409,Manhattan
North Side-South Side,40.719246,-73.958612,Brooklyn
Midtown-Midtown South,40.757666,-73.985878,Manhattan
Upper West Side,40.784128,-73.979996,Manhattan
Carroll Gardens-Columbia Street-Red Hook,40.679747,-74.0121699,Brooklyn
Midtown-Midtown South,40.748539,-73.988218,Manhattan
Washington Heights South,40.837834,-73.941903,Manhattan
Brownsville,40.6732003,-73.9058603,Brooklyn
Old Astoria,40.772033,-73.925778,Queens
Washington Heights South,40.844689,-73.937259,Manhattan
Richmond Hill,40.695913,-73.83881,Queens
New Dorp-Midland Beach,40.579634,-74.100652,Staten Island
Lenox Hill-Roosevelt Island,40.766952,-73.956465,Manhattan
Gramercy,40.741012,-73.983767,Manhattan
Midtown-Midtown South,40.751224,-73.990592,Manhattan
Midtown-Midtown South,40.762468,-73.974732,Manhattan
Chinatown,40.719215,-73.98985,Manhattan
Clinton,40.767047,-73.989933,Manhattan
East Village,40.729436,-73.983824,Manhattan
Erasmus,40.651027,-73.946513,Brooklyn
Central Harlem South,40.80663,-73.950256,Manhattan
Murray Hill-Kips Bay,40.749605,-73.975534,Manhattan
Upper East Side-Carnegie Hill,40.76606,-73.963554,Manhattan
DUMBO-Vinegar Hill-Downtown Brooklyn-Boerum Hill,40.687457,-73.98192,Brooklyn
Bushwick South,40.691042,-73.908632,Brooklyn
Hunters Point-Sunnyside-West Maspeth,40.743382,-73.950806,Queens
Astoria,40.763,-73.913259,Queens
Jamaica,40.703928,-73.79847,Queens
Central Harlem North-Polo Grounds,40.811362,-73.95016,Manhattan
Upper West Side,40.793426,-73.973043,Manhattan
Brownsville,40.667332,-73.922023,Brooklyn
Crown Heights North,40.676976,-73.949916,Brooklyn
Lincoln Square,40.774646,-73.9824,Manhattan
Lincoln Square,40.774894,-73.982571,Manhattan
SoHo-TriBeCa-Civic Center-Little Italy,40.725666,-74.006274,Manhattan
Manhattanville,40.818868,-73.95187,Manhattan
Erasmus,40.649115,-73.958291,Brooklyn
South Ozone Park,40.6758706,-73.809068,Queens
Greenpoint,40.736913,-73.955453,Brooklyn
Fordham South,40.862152,-73.898396,Bronx
Hudson Yards-Chelsea-Flatiron-Union Square,40.754666,-73.991816,Manhattan
Hamilton Heights,40.824578,-73.952134,Manhattan
Springfield Gardens North,40.677229,-73.778436,Queens
Fort Greene,40.68789,-73.978202,Brooklyn
West Concourse,40.818942,-73.92837,Bronx
Upper West Side,40.796566,-73.970619,Manhattan
Central Harlem North-Polo Grounds,40.822308,-73.942445,Manhattan
East Williamsburg,40.702936,-73.942563,Brooklyn
Carroll Gardens-Columbia Street-Red Hook,40.6758529,-74.0148937,Brooklyn
Hunters Point-Sunnyside-West Maspeth,40.743555,-73.924156,Queens
Washington Heights North,40.85308,-73.93438,Manhattan
Mount Hope,40.847574,-73.900766,Bronx
Murray Hill-Kips Bay,40.739253,-73.979762,Manhattan
Longwood,40.821338,-73.896767,Bronx
East Williamsburg,40.714191,-73.951552,Brooklyn
SOUTH OZONE PARK,40.6743171,-73.8201624,Queens
East Village,40.72746,-73.988372,Manhattan
New Dorp-Midland Beach,40.577391,-74.102671,Staten Island
Astoria,40.763686,-73.915051,Queens
West Concourse,40.818676,-73.928165,Bronx
Upper West Side,40.788986,-73.970482,Manhattan
Lenox Hill-Roosevelt Island,40.761748,-73.963311,Manhattan
Upper East Side-Carnegie Hill,40.782766,-73.951257,Manhattan
East Village,40.728824,-73.98468,Manhattan
Midtown-Midtown South,40.746005,-73.99029,Manhattan
Cypress Hills-City Line,40.683506,-73.872079,Brooklyn
Hudson Yards-Chelsea-Flatiron-Union Square,40.753067,-74.003811,Manhattan
Elmhurst,40.735387,-73.876254,Queens
Battery Park City-Lower Manhattan,40.705044,-74.007322,Manhattan
Washington Heights South,40.835729,-73.940075,Manhattan
Astoria,40.762278,-73.911717,Queens
Hudson Yards-Chelsea-Flatiron-Union Square,40.7451,-73.978821,Manhattan
Gramercy,40.738384,-73.980396,Manhattan
Upper West Side,40.792696,-73.973438,Manhattan
West New Brighton-New Brighton-St. George,40.646298,-74.089516,Staten Island
Upper East Side-Carnegie Hill,40.769102,-73.961324,Manhattan
North Side-South Side,40.71308,-73.951285,Brooklyn
Bedford Park-Fordham North,40.87301,-73.888541,Bronx
Crown Heights South,40.663619,-73.95701,Brooklyn
Turtle Bay-East Midtown,40.748733,-73.975363,Manhattan
Mott Haven-Port Morris,40.812253,-73.928665,Bronx
South Jamaica,40.69067,-73.79727,Queens
Hunters Point-Sunnyside-West Maspeth,40.742919,-73.952127,Queens
Murray Hill-Kips Bay,40.750014,-73.976519,Manhattan
Crown Heights South,40.664166,-73.95092,Brooklyn
Forest Hills,40.721177,-73.845607,Queens
Turtle Bay-East Midtown,40.748914,-73.975648,Manhattan
Midtown-Midtown South,40.760283,-73.987313,Manhattan
Sunset Park West,40.655746,-74.006549,Brooklyn
Upper West Side,40.78254,-73.975184,Manhattan
Hudson Yards-Chelsea-Flatiron-Union Square,40.74151,-74.001088,Manhattan
Morningside Heights,40.80528,-73.96567,Manhattan
Murray Hill-Kips Bay,40.740775,-73.981576,Manhattan
Washington Heights North,40.85162,-73.932187,Manhattan
Upper West Side,40.786223,-73.977993,Manhattan
South Jamaica,40.691834,-73.798502,Queens
Upper East Side-Carnegie Hill,40.778795,-73.960116,Manhattan
Melrose South-Mott Haven North,40.822112,-73.914849,Bronx
Washington Heights South,40.848444,-73.934241,Manhattan
SoHo-TriBeCa-Civic Center-Little Italy,40.723013,-74.006771,Manhattan
Clinton Hill,40.6822,-73.961648,Brooklyn
Prospect Heights,40.679639,-73.974371,Brooklyn
Hudson Yards-Chelsea-Flatiron-Union Square,40.745448,-73.994537,Manhattan
Midtown-Midtown South,40.760963,-73.973101,Manhattan
Turtle Bay-East Midtown,40.761484,-73.966779,Manhattan
East Village,40.730537,-73.986389,Manhattan
Upper West Side,40.78535,-73.973137,Manhattan
University Heights-Morris Heights,40.850245,-73.915169,Bronx
Park Slope-Gowanus,40.66355,-73.991246,Brooklyn
Lincoln Square,40.77539,-73.981829,Manhattan
Jackson Heights,40.755964,-73.879821,Queens
Hudson Yards-Chelsea-Flatiron-Union Square,40.743706,-73.992084,Manhattan
Mount Hope,40.853028,-73.905076,Bronx
Park Slope-Gowanus,40.675254,-73.981469,Brooklyn
Midtown-Midtown South,40.757958,-73.977926,Manhattan
Crown Heights North,40.679485,-73.949522,Brooklyn
Hudson Yards-Chelsea-Flatiron-Union Square,40.738302,-73.996296,Manhattan
Elmhurst,40.74749,-73.88469,Queens
Hamilton Heights,40.822319,-73.953676,Manhattan
Lincoln Square,40.780019,-73.981396,Manhattan
Crown Heights North,40.676714,-73.955858,Brooklyn
St. Albans,40.692091,-73.762522,Queens
Rosedale,40.6529215,-73.734555,Queens
Fordham South,40.8561301,-73.8957863,Bronx
Ocean Hill,40.675985,-73.916601,Brooklyn
Hunters Point-Sunnyside-West Maspeth,40.7424646,-73.9568252,Queens
Forest Hills,40.720671,-73.842845,Queens
Midtown-Midtown South,40.746624,-73.988399,Manhattan
Upper West Side,40.796761,-73.970652,Manhattan
East Harlem South,40.790862,-73.945348,Manhattan
Jackson Heights,40.747539,-73.885498,Queens
Gramercy,40.73196,-73.983802,Manhattan
Mount Hope,40.851878,-73.908976,Bronx
DUMBO-Vinegar Hill-Downtown Brooklyn-Boerum Hill,40.691234,-73.986384,Brooklyn
Central Harlem South,40.806249,-73.950095,Manhattan
Murray Hill-Kips Bay,40.742736,-73.980459,Manhattan
Midtown-Midtown South,40.754171,-73.991871,Manhattan
Upper East Side-Carnegie Hill,40.772373,-73.964839,Manhattan
Lower East Side,40.716166,-73.986634,Manhattan
Longwood,40.826449,-73.898554,Bronx
East Harlem North,40.80154,-73.937249,Manhattan
Turtle Bay-East Midtown,40.753661,-73.969649,Manhattan
Turtle Bay-East Midtown,40.755877,-73.97103,Manhattan
Woodhaven,40.694676,-73.848587,Queens
Turtle Bay-East Midtown,40.759807,-73.970369,Manhattan
Central Harlem South,40.807326,-73.952789,Manhattan
Washington Heights South,40.835546,-73.944011,Manhattan
Crown Heights South,40.669652,-73.958261,Brooklyn
Central Harlem South,40.805615,-73.950557,Manhattan
Hunts Point,40.816456,-73.887672,Bronx
Norwood,40.869906,-73.879279,Bronx
Brooklyn Heights-Cobble Hill,40.694726,-73.994227,Brooklyn
East Village,40.726263,-73.989248,Manhattan
Greenpoint,40.728133,-73.953439,Brooklyn
Astoria,40.760473,-73.922019,Queens
Morningside Heights,40.802957,-73.967371,Manhattan
Prospect Lefferts Gardens-Wingate,40.660103,-73.939963,Brooklyn
Hunters Point-Sunnyside-West Maspeth,40.74098,-73.95937,Queens
Woodside,40.75391,-73.900094,Queens
Midtown-Midtown South,40.7527,-73.992756,Manhattan
Melrose South-Mott Haven North,40.819568,-73.913388,Bronx
West Village,40.738351,-74.005466,Manhattan
Murray Hill-Kips Bay,40.744984,-73.982723,Manhattan
North Side-South Side,40.712268,-73.95561,Brooklyn
Clinton,40.764933,-73.984333,Manhattan
Murray Hill-Kips Bay,40.743035,-73.980242,Manhattan
Hunters Point-Sunnyside-West Maspeth,40.74432,-73.953484,Queens
University Heights-Morris Heights,40.853881,-73.908662,Bronx
Crown Heights North,40.679143,-73.925474,Brooklyn
Hudson Yards-Chelsea-Flatiron-Union Square,40.74426,-73.999398,Manhattan
Melrose South-Mott Haven North,40.816751,-73.922955,Bronx
Lincoln Square,40.776573,-73.979051,Manhattan
Ocean Hill,40.678286,-73.912185,Brooklyn
Astoria,40.75949,-73.919926,Queens
Crown Heights North,40.676752,-73.949935,Brooklyn
East Harlem South,40.793009,-73.943784,Manhattan
Chinatown,40.720486,-73.989083,Manhattan
Lenox Hill-Roosevelt Island,40.772144,-73.958697,Manhattan
Manhattanville,40.818813,-73.955796,Manhattan
,40.6489613,-73.9641039,Brooklyn
Jamaica,40.705993,-73.793755,Queens
Yorkville,40.780782,-73.9524,Manhattan
Midtown-Midtown South,40.760266,-73.984857,Manhattan
Brownsville,40.668901,-73.917267,Brooklyn
Upper West Side,40.78241,-73.979,Manhattan
Midtown-Midtown South,40.74988,-73.994993,Manhattan
Washington Heights North,40.861094,-73.925852,Manhattan
West New Brighton-New Brighton-St. George,40.641769,-74.077691,Staten Island
Bedford Park-Fordham North,40.866588,-73.895654,Bronx
Midtown-Midtown South,40.765522,-73.983593,Manhattan
Westerleigh,40.612541,-74.127724,Staten Island
West Concourse,40.827825,-73.924833,Bronx
Forest Hills,40.718602,-73.838184,Queens
Hamilton Heights,40.827925,-73.945775,Manhattan
SoHo-TriBeCa-Civic Center-Little Italy,40.715712,-74.005126,Manhattan
Old Town-Dongan Hills-South Beach,40.589032,-74.101684,Staten Island
Turtle Bay-East Midtown,40.751188,-73.971061,Manhattan
Hudson Yards-Chelsea-Flatiron-Union Square,40.739846,-74.002305,Manhattan
Midtown-Midtown South,40.746465,-73.983714,Manhattan
Upper East Side-Carnegie Hill,40.773727,-73.957965,Manhattan
Mott Haven-Port Morris,40.806385,-73.916245,Bronx
Hudson Yards-Chelsea-Flatiron-Union Square,40.744175,-73.987549,Manhattan
Hunts Point,40.809714,-73.880704,Bronx
East Harlem North,40.80007,-73.946762,Manhattan
East Village,40.728126,-73.985083,Manhattan
College Point,40.77112,-73.84377,Queens
West Village,40.731593,-74.006408,Manhattan
Midtown-Midtown South,40.764718,-73.980478,Manhattan
Bedford,40.680197,-73.944903,Brooklyn
East Village,40.730767,-73.982847,Manhattan
Washington Heights North,40.860368,-73.928337,Manhattan
Mott Haven-Port Morris,40.813367,-73.919625,Bronx
Washington Heights South,40.833447,-73.94174,Manhattan
West New Brighton-New Brighton-St. George,40.644698,-74.099459,Staten Island
Jackson Heights,40.749112,-73.870624,Queens
Queensbridge-Ravenswood-Long Island City,40.751498,-73.934157,Queens
East Village,40.730578,-73.989008,Manhattan
Cypress Hills-City Line,40.684702,-73.868309,Brooklyn
Midtown-Midtown South,40.766175,-73.981988,Manhattan
Richmond Hill,40.700159,-73.830914,Queens
Crown Heights North,40.672114,-73.950214,Brooklyn
Morningside Heights,40.800592,-73.961745,Manhattan
Hudson Yards-Chelsea-Flatiron-Union Square,40.751234,-74.005146,Manhattan
Clinton,40.761073,-73.987251,Manhattan
DUMBO-Vinegar Hill-Downtown Brooklyn-Boerum Hill,40.686571,-73.993785,Brooklyn
Elmhurst,40.733579,-73.871648,Queens
Van Cortlandt Village,40.868698,-73.902101,Bronx
Midtown-Midtown South,40.760632,-73.984283,Manhattan
Clinton,40.769567,-73.988099,Manhattan
West Village,40.738798,-74.005285,Manhattan
Brooklyn Heights-Cobble Hill,40.69607,-73.991264,Brooklyn
Prospect Lefferts Gardens-Wingate,40.660616,-73.953308,Brooklyn
Erasmus,40.642875,-73.957574,Brooklyn
Elmhurst-Maspeth,40.746672,-73.892532,Queens
Lenox Hill-Roosevelt Island,40.768423,-73.961381,Manhattan
Murray Hill-Kips Bay,40.747055,-73.981061,Manhattan
Hudson Yards-Chelsea-Flatiron-Union Square,40.73797,-73.988584,Manhattan
Upper West Side,40.795399,-73.969254,Manhattan
Turtle Bay-East Midtown,40.752476,-73.970116,Manhattan
Hudson Yards-Chelsea-Flatiron-Union Square,40.742674,-73.996549,Manhattan
Murray Hill-Kips Bay,40.748289,-73.976105,Manhattan
Upper East Side-Carnegie Hill,40.778272,-73.954541,Manhattan
Central Harlem North-Polo Grounds,40.819549,-73.944183,Manhattan
Midtown-Midtown South,40.753978,-73.988322,Manhattan
Morningside Heights,40.804399,-73.966328,Manhattan
Gramercy,40.738827,-73.982886,Manhattan
Turtle Bay-East Midtown,40.754092,-73.97218,Manhattan
Forest Hills,40.72785,-73.856848,Queens
Morningside Heights,40.801247,-73.961279,Manhattan
Hudson Yards-Chelsea-Flatiron-Union Square,40.739719,-74.002217,Manhattan
Park Slope-Gowanus,40.67762,-73.979738,Brooklyn
Prospect Heights,40.679568,-73.97406,Brooklyn
Upper West Side,40.782528,-73.980586,Manhattan
Yorkville,40.778141,-73.952594,Manhattan
Clinton Hill,40.680951,-73.955704,Brooklyn
West Concourse,40.816752,-73.929243,Bronx
Bedford Park-Fordham North,40.867856,-73.884254,Bronx
Murray Hill-Kips Bay,40.744154,-73.97619,Manhattan
Murray Hill-Kips Bay,40.742433,-73.980371,Manhattan
Jamaica,40.700933,-73.808783,Queens
Jackson Heights,40.748551,-73.875775,Queens
Upper West Side,40.794462,-73.971573,Manhattan
Queensbridge-Ravenswood-Long Island City,40.754188,-73.929399,Queens
Turtle Bay-East Midtown,40.755193,-73.968444,Manhattan
Clinton,40.765875,-73.991057,Manhattan
West Village,40.738997,-74.000946,Manhattan
Upper West Side,40.780148,-73.976932,Manhattan
Turtle Bay-East Midtown,40.759234,-73.965504,Manhattan
Longwood,40.814577,-73.89693,Bronx
Upper West Side,40.792255,-73.973761,Manhattan
Bushwick South,40.695701,-73.920858,Brooklyn
Elmhurst,40.734545,-73.874705,Queens
Lenox Hill-Roosevelt Island,40.767282,-73.956537,Manhattan
Woodhaven,40.694697,-73.847844,Queens
West Concourse,40.835133,-73.919797,Bronx
Manhattanville,40.813669,-73.95619,Manhattan
East Harlem North,40.803731,-73.936139,Manhattan
Astoria,40.764273,-73.915958,Queens
Queensbridge-Ravenswood-Long Island City,40.7513,-73.94088,Queens
Turtle Bay-East Midtown,40.752623,-73.973254,Manhattan
Far Rockaway-Bayswater,40.5972167,-73.7544593,Queens
Lincoln Square,40.769566,-73.981841,Manhattan
Midtown-Midtown South,40.754311,-73.98833,Manhattan
Midtown-Midtown South,40.762987,-73.974254,Manhattan
Crown Heights South,40.669791,-73.955285,Brooklyn
Clinton,40.763385,-73.99287,Manhattan
Gramercy,40.736756,-73.981862,Manhattan
Clinton,40.762336,-73.993368,Manhattan
Upper West Side,40.798027,-73.967603,Manhattan
Murray Hill-Kips Bay,40.739341,-73.979985,Manhattan
Brownsville,40.670182,-73.907833,Brooklyn
Morningside Heights,40.811205,-73.953849,Manhattan
Central Harlem North-Polo Grounds,40.820406,-73.940304,Manhattan
Hudson Yards-Chelsea-Flatiron-Union Square,40.736111,-73.993424,Manhattan
University Heights-Morris Heights,40.84615,-73.9204,Bronx
Midtown-Midtown South,40.754144,-73.986581,Manhattan
Washington Heights North,40.852257,-73.931452,Manhattan
Hollis,40.713333,-73.761335,Queens
Kingsbridge Heights,40.861762,-73.901965,Bronx
Midtown-Midtown South,40.749122,-73.995553,Manhattan
Brownsville,40.668481,-73.909666,Brooklyn
Turtle Bay-East Midtown,40.761095,-73.967076,Manhattan
Upper West Side,40.781861,-73.979137,Manhattan
Prospect Heights,40.675659,-73.963553,Brooklyn
East Village,40.72922,-73.983979,Manhattan
West Concourse,40.827356,-73.925223,Bronx
Turtle Bay-East Midtown,40.755335,-73.968041,Manhattan
Melrose South-Mott Haven North,40.817235,-73.915829,Bronx
East New York,40.677222,-73.897464,Brooklyn
Morningside Heights,40.80158,-73.964747,Manhattan
East Village,40.730878,-73.981659,Manhattan
Hunters Point-Sunnyside-West Maspeth,40.743221,-73.921257,Queens
Fordham South,40.861349,-73.898023,Bronx
Turtle Bay-East Midtown,40.758377,-73.968759,Manhattan
Morningside Heights,40.80676,-73.965108,Manhattan
New Dorp-Midland Beach,40.575553,-74.104816,Staten Island
Mott Haven-Port Morris,40.80891,-73.922209,Bronx
Hamilton Heights,40.829424,-73.948046,Manhattan
Lower East Side,40.714,-73.989983,Manhattan
Prospect Lefferts Gardens-Wingate,40.663827,-73.950775,Brooklyn
East Williamsburg,40.701542,-73.942169,Brooklyn
Astoria,40.758818,-73.918494,Queens
Lenox Hill-Roosevelt Island,40.761604,-73.966388,Manhattan
Morningside Heights,40.802736,-73.967461,Manhattan
Central Harlem North-Polo Grounds,40.816689,-73.946548,Manhattan
Brownsville,40.670741,-73.90406,Brooklyn
Murray Hill-Kips Bay,40.750833,-73.976817,Manhattan
Turtle Bay-East Midtown,40.760457,-73.967538,Manhattan
SoHo-TriBeCa-Civic Center-Little Italy,40.716682,-74.002253,Manhattan
St. Albans,40.692301,-73.766565,Queens
Bedford Park-Fordham North,40.86115,-73.8974,Bronx
Bronxdale,40.8696,-73.87031,Bronx
Mount Hope,40.85397,-73.898365,Bronx
Crown Heights North,40.667706,-73.931143,Brooklyn
DUMBO-Vinegar Hill-Downtown Brooklyn-Boerum Hill,40.690588,-73.984481,Brooklyn
Clinton,40.765601,-73.983845,Manhattan
Astoria,40.761341,-73.92387,Queens
Turtle Bay-East Midtown,40.753196,-73.972445,Manhattan
Carroll Gardens-Columbia Street-Red Hook,40.68241,-73.993467,Brooklyn
Jamaica,40.699614,-73.803356,Queens
North Side-South Side,40.717658,-73.960301,Brooklyn
Hunts Point,40.82668,-73.887763,Bronx
Hudson Yards-Chelsea-Flatiron-Union Square,40.744114,-73.995892,Manhattan
East Harlem South,40.794911,-73.942397,Manhattan
Old Town-Dongan Hills-South Beach,40.598397,-74.082621,Staten Island
Hamilton Heights,40.830586,-73.947195,Manhattan
Kingsbridge Heights,40.867829,-73.899576,Bronx
Gramercy,40.733694,-73.987044,Manhattan
Washington Heights South,40.833911,-73.944772,Manhattan
Crown Heights South,40.665114,-73.931592,Brooklyn
Hudson Yards-Chelsea-Flatiron-Union Square,40.75196913,-74.00491217,Manhattan
,40.698051,-73.802253,Queens
Gramercy,40.735839,-73.985171,Manhattan
Far Rockaway-Bayswater,40.5941935,-73.7511499,Queens
SoHo-TriBeCa-Civic Center-Little Italy,40.718033,-74.001016,Manhattan
Hudson Yards-Chelsea-Flatiron-Union Square,40.742828,-73.993003,Manhattan
East Harlem North,40.798488,-73.941542,Manhattan
Jackson Heights,40.749829,-73.884155,Queens
Washington Heights North,40.859244,-73.930858,Manhattan
Chinatown,40.716484,-73.989156,Manhattan
Lenox Hill-Roosevelt Island,40.762921,-73.959715,Manhattan
Elmhurst,40.740737,-73.87936,Queens
Fordham South,40.85915372,-73.89855259,Bronx
Hunters Point-Sunnyside-West Maspeth,40.742912,-73.91854,Queens
Lincoln Square,40.774266,-73.98095,Manhattan
Clinton,40.76282,-73.9967,Manhattan
Upper West Side,40.78326,-73.980848,Manhattan
Lincoln Square,40.776311,-73.981937,Manhattan
East Village,40.725641,-73.989698,Manhattan
Carroll Gardens-Columbia Street-Red Hook,40.68318,-73.995418,Brooklyn
SoHo-TriBeCa-Civic Center-Little Italy,40.725335,-74.007554,Manhattan
Murray Hill-Kips Bay,40.742625,-73.980628,Manhattan
Hamilton Heights,40.826928,-73.949868,Manhattan
Midtown-Midtown South,40.749153,-73.991801,Manhattan
Hudson Yards-Chelsea-Flatiron-Union Square,40.745268,-73.994563,Manhattan
Hudson Yards-Chelsea-Flatiron-Union Square,40.743414,-74.003725,Manhattan
Chinatown,40.720188,-73.993068,Manhattan
Richmond Hill,40.695225,-73.845226,Queens
Hamilton Heights,40.822212,-73.950118,Manhattan
Murray Hill-Kips Bay,40.746651,-73.974686,Manhattan
Clinton Hill,40.693311,-73.967671,Brooklyn
Longwood,40.818048,-73.899498,Bronx
Flatbush,40.643941,-73.95799,Brooklyn
Washington Heights South,40.8455391,-73.9388995,Manhattan
Upper West Side,40.795544,-73.969419,Manhattan
Flushing,40.75423,-73.82805,Queens
Glen Oaks-Floral Park-New Hyde Park,40.7349687,-73.7085903,Queens
Morningside Heights,40.802455,-73.968149,Manhattan
Clinton,40.763051,-73.98583,Manhattan
Prospect Heights,40.68213254,-73.97393282,Brooklyn
SoHo-TriBeCa-Civic Center-Little Italy,40.715027,-74.006772,Manhattan
Stuyvesant Heights,40.679015,-73.921802,Brooklyn
Midtown-Midtown South,40.767271,-73.982247,Manhattan
Central Harlem North-Polo Grounds,40.814156,-73.944756,Manhattan
Turtle Bay-East Midtown,40.755088,-73.973276,Manhattan
Midtown-Midtown South,40.747737,-73.984833,Manhattan
New Brighton-Silver Lake,40.6299,-74.10914,Staten Island
Hudson Yards-Chelsea-Flatiron-Union Square,40.744584,-73.99916,Manhattan
SoHo-TriBeCa-Civic Center-Little Italy,40.71904,-73.996631,Manhattan
Marine Park-Mill Basin-Bergen Beach,40.6212696,-73.9130132,Brooklyn
Murray Hill-Kips Bay,40.739852,-73.979327,Manhattan
Yorkville,40.77435,-73.95709,Manhattan
Mott Haven-Port Morris,40.812557,-73.926244,Bronx
Bushwick North,40.698482,-73.920194,Brooklyn
Hamilton Heights,40.825319,-73.951488,Manhattan
Morningside Heights,40.802126,-73.967493,Manhattan
Gramercy,40.736426,-73.98475,Manhattan
Jamaica,40.701853,-73.806477,Queens
Mott Haven-Port Morris,40.810255,-73.921923,Bronx
Midtown-Midtown South,40.745986,-73.984492,Manhattan
East Village,40.726471,-73.989351,Manhattan
Turtle Bay-East Midtown,40.755081,-73.965434,Manhattan
Norwood,40.874914,-73.879639,Bronx
Upper West Side,40.78392,-73.979708,Manhattan
Midtown-Midtown South,40.748772,-73.988673,Manhattan
Gramercy,40.735187,-73.989871,Manhattan
Central Harlem South,40.808996,-73.952149,Manhattan
Sunset Park West,40.658808,-73.999532,Brooklyn
Ocean Hill,40.677895,-73.90299,Brooklyn
Murray Hill-Kips Bay,40.747395,-73.973828,Manhattan
Elmhurst,40.747543,-73.884098,Queens
Central Harlem North-Polo Grounds,40.824081,-73.937508,Manhattan
Midtown-Midtown South,40.759221,-73.988187,Manhattan
Astoria,40.763207,-73.921267,Queens
Hunters Point-Sunnyside-West Maspeth,40.73968,-73.92207,Queens
North Side-South Side,40.722504,-73.959202,Brooklyn
West Village,40.737805,-73.998106,Manhattan
Hudson Yards-Chelsea-Flatiron-Union Square,40.740772,-73.998204,Manhattan
Chinatown,40.719907,-73.994066,Manhattan
Turtle Bay-East Midtown,40.759632,-73.967828,Manhattan
Hunters Point-Sunnyside-West Maspeth,40.746058,-73.913056,Queens
East Village,40.728622,-73.984419,Manhattan
Hudson Yards-Chelsea-Flatiron-Union Square,40.745494,-73.990775,Manhattan
Hudson Yards-Chelsea-Flatiron-Union Square,40.742419,-74.004444,Manhattan
Central Harlem South,40.803024,-73.956488,Manhattan
DUMBO-Vinegar Hill-Downtown Brooklyn-Boerum Hill,40.685218,-73.980867,Brooklyn
East Harlem South,40.791898,-73.944596,Manhattan
Clinton,40.766638,-73.983092,Manhattan
Jamaica,40.704355,-73.797865,Queens
Gramercy,40.735348,-73.985846,Manhattan
Erasmus,40.650962,-73.947834,Brooklyn
Greenpoint,40.725456,-73.951496,Brooklyn
Turtle Bay-East Midtown,40.758548,-73.968951,Manhattan
Murray Hill-Kips Bay,40.743395,-73.983878,Manhattan
Clinton,40.766861,-73.983442,Manhattan
Ocean Hill,40.6811,-73.91147,Brooklyn
Washington Heights North,40.855416,-73.929403,Manhattan
Upper West Side,40.794042,-73.972567,Manhattan
Lincoln Square,40.776473,-73.98243,Manhattan
Park Slope-Gowanus,40.668533,-73.986956,Brooklyn
Homecrest,40.59632,-73.96091,Brooklyn
Astoria,40.75522,-73.922448,Queens
Upper East Side-Carnegie Hill,40.764254,-73.971198,Manhattan
Hudson Yards-Chelsea-Flatiron-Union Square,40.743027,-74.004005,Manhattan
Carroll Gardens-Columbia Street-Red Hook,40.67966,-74.01518,Brooklyn
Midtown-Midtown South,40.74672,-73.985936,Manhattan
Fordham South,40.862086,-73.899521,Bronx
Turtle Bay-East Midtown,40.756879,-73.963818,Manhattan
Crown Heights North,40.679232,-73.927098,Brooklyn
East Harlem North,40.800781,-73.946241,Manhattan
St. Albans,40.702371,-73.766301,Queens
Grasmere-Arrochar-Ft. Wadsworth,40.597715,-74.083828,Staten Island
Washington Heights North,40.849854,-73.933473,Manhattan
Mott Haven-Port Morris,40.813575,-73.919491,Bronx
Marble Hill-Inwood,40.866583,-73.92062,Manhattan
Kew Gardens,40.706151,-73.831579,Queens
Murray Hill-Kips Bay,40.748819,-73.976026,Manhattan
Upper West Side,40.79865,-73.969093,Manhattan
Midtown-Midtown South,40.765341,-73.982129,Manhattan
Lenox Hill-Roosevelt Island,40.76308,-73.962685,Manhattan
Port Richmond,40.624712,-74.141731,Staten Island
Hunters Point-Sunnyside-West Maspeth,40.742546,-73.915342,Queens
Old Astoria,40.771055,-73.921496,Queens
Lincoln Square,40.773806,-73.98193,Manhattan
Central Harlem South,40.807779,-73.945253,Manhattan
University Heights-Morris Heights,40.84644,-73.917276,Bronx
Upper West Side,40.783649,-73.979752,Manhattan
Morningside Heights,40.810378,-73.958321,Manhattan
Jamaica,40.7109,-73.79199,Queens
Brownsville,40.665662,-73.909888,Brooklyn
Turtle Bay-East Midtown,40.750458,-73.971893,Manhattan
Mott Haven-Port Morris,40.80682,-73.917657,Bronx
Turtle Bay-East Midtown,40.755015,-73.968276,Manhattan
Astoria,40.761646,-73.924856,Queens
North Side-South Side,40.721943,-73.959775,Brooklyn
Murray Hill-Kips Bay,40.739647,-73.979466,Manhattan
Central Harlem North-Polo Grounds,40.814447,-73.94792,Manhattan
Fort Greene,40.689026,-73.980862,Brooklyn
Crown Heights North,40.670115,-73.950627,Brooklyn
Clinton,40.76694,-73.983155,Manhattan
Bedford Park-Fordham North,40.866972,-73.884335,Bronx
Hunters Point-Sunnyside-West Maspeth,40.742287,-73.953336,Queens
Jamaica,40.694038,-73.806908,Queens
Hunters Point-Sunnyside-West Maspeth,40.751953,-73.927493,Queens
St. Albans,40.6866032,-73.7744795,Queens
Hamilton Heights,40.822704,-73.953498,Manhattan
South Jamaica,40.699727,-73.788088,Queens
Jackson Heights,40.755525,-73.883403,Queens
Upper West Side,40.789182,-73.970075,Manhattan
Hamilton Heights,40.823361,-73.948844,Manhattan
Washington Heights North,40.849423,-73.933529,Manhattan
Park Slope-Gowanus,40.666904,-73.991789,Brooklyn
Hudson Yards-Chelsea-Flatiron-Union Square,40.738109,-73.996153,Manhattan
Sunset Park West,40.65039,-74.008285,Brooklyn
West Concourse,40.813595,-73.9304,Bronx
Upper West Side,40.791943,-73.973425,Manhattan
Upper West Side,40.789457,-73.975041,Manhattan
Mount Hope,40.850173,-73.910282,Bronx
East Williamsburg,40.713913,-73.944206,Brooklyn
Murray Hill-Kips Bay,40.740369,-73.979252,Manhattan
East Village,40.732747,-73.986107,Manhattan
Longwood,40.8101,-73.902862,Bronx
Clinton,40.764744,-73.98447,Manhattan
SoHo-TriBeCa-Civic Center-Little Italy,40.717241,-74.001739,Manhattan
Elmhurst,40.743024,-73.882923,Queens
Hudson Yards-Chelsea-Flatiron-Union Square,40.743203,-73.989206,Manhattan
Woodside,40.740962,-73.901886,Queens
Morningside Heights,40.802298,-73.967585,Manhattan
Upper West Side,40.789424,-73.975391,Manhattan
Bedford Park-Fordham North,40.869184,-73.889213,Bronx
Bushwick South,40.695642,-73.917121,Brooklyn
South Ozone Park,40.66826,-73.80791,Queens
Springfield Gardens North,40.67464,-73.763428,Queens
College Point,40.76969,-73.84646,Queens
Upper East Side-Carnegie Hill,40.768093,-73.968364,Manhattan
Jackson Heights,40.74909,-73.871817,Queens
Hunters Point-Sunnyside-West Maspeth,40.741846,-73.91969,Queens
Mott Haven-Port Morris,40.812127,-73.920552,Bronx
Flushing,40.764482,-73.824018,Queens
Turtle Bay-East Midtown,40.750717,-73.974088,Manhattan
Bedford Park-Fordham North,40.861993,-73.89183,Bronx
East Village,40.724614,-73.987336,Manhattan
Washington Heights South,40.843994,-73.938895,Manhattan
Central Harlem South,40.81069,-73.950658,Manhattan
Murray Hill-Kips Bay,40.743093,-73.979813,Manhattan
Midtown-Midtown South,40.764646,-73.984229,Manhattan
Marble Hill-Inwood,40.861279,-73.919089,Manhattan
Bushwick North,40.698938,-73.918465,Brooklyn
Hunts Point,40.821058,-73.89213,Bronx
Lincoln Square,40.77601,-73.981963,Manhattan
East Harlem North,40.801899,-73.937289,Manhattan
Upper West Side,40.781984,-73.981184,Manhattan
Hunters Point-Sunnyside-West Maspeth,40.753641,-73.918402,Queens
Lincoln Square,40.779096,-73.982054,Manhattan
Lenox Hill-Roosevelt Island,40.772358,-73.95854,Manhattan
Clinton,40.759746,-73.988114,Manhattan
Upper West Side,40.780826,-73.981173,Manhattan
SoHo-TriBeCa-Civic Center-Little Italy,40.726889,-74.007487,Manhattan
Hudson Yards-Chelsea-Flatiron-Union Square,40.745127,-73.988671,Manhattan
North Side-South Side,40.715732,-73.964243,Brooklyn
Prospect Lefferts Gardens-Wingate,40.66336,-73.93175,Brooklyn
Lenox Hill-Roosevelt Island,40.760946,-73.961397,Manhattan
Upper East Side-Carnegie Hill,40.767364,-73.968865,Manhattan
Murray Hill-Kips Bay,40.746449,-73.977444,Manhattan
Woodhaven,40.69414,-73.850569,Queens
Murray Hill-Kips Bay,40.745142,-73.982506,Manhattan
Central Harlem North-Polo Grounds,40.815376,-73.947503,Manhattan
Hunters Point-Sunnyside-West Maspeth,40.745496,-73.952966,Queens
Mott Haven-Port Morris,40.810159,-73.927886,Bronx
Forest Hills,40.720735,-73.845887,Queens
Elmhurst-Maspeth,40.746609,-73.892368,Queens
Lincoln Square,40.774759,-73.982512,Manhattan
Steinway,40.7856076,-73.9144848,Queens
Clinton,40.764786,-73.99159,Manhattan
Upper West Side,40.79963,-73.96797,Manhattan
Central Harlem North-Polo Grounds,40.822902,-73.938365,Manhattan
South Jamaica,40.695872,-73.800395,Queens
Hudson Yards-Chelsea-Flatiron-Union Square,40.739432,-73.995475,Manhattan
Hunters Point-Sunnyside-West Maspeth,40.748497,-73.949855,Queens
Turtle Bay-East Midtown,40.756911,-73.969816,Manhattan
Astoria,40.762663,-73.912541,Queens
Clinton,40.763803,-73.985157,Manhattan
Upper West Side,40.780321,-73.981311,Manhattan
Park Slope-Gowanus,40.680732,-73.977446,Brooklyn
Upper West Side,40.789263,-73.970284,Manhattan
Upper East Side-Carnegie Hill,40.776918,-73.96154,Manhattan
East Village,40.726049,-73.989403,Manhattan
Jamaica,40.704687,-73.79662,Queens
Queens Village,40.695545,-73.748533,Queens
Hamilton Heights,40.829389,-73.944704,Manhattan
Jamaica,40.703769,-73.799343,Queens
Murray Hill-Kips Bay,40.745071,-73.980374,Manhattan
Central Harlem North-Polo Grounds,40.825967,-73.939767,Manhattan
Midtown-Midtown South,40.760235,-73.984012,Manhattan
Astoria,40.763931,-73.922478,Queens
East Williamsburg,40.70099,-73.94209,Brooklyn
Hamilton Heights,40.830209,-73.947911,Manhattan
Central Harlem North-Polo Grounds,40.822215,-73.942235,Manhattan
Clinton,40.767358,-73.982564,Manhattan
Fort Greene,40.686961,-73.976371,Brooklyn
East Harlem North,40.801405,-73.934704,Manhattan
DUMBO-Vinegar Hill-Downtown Brooklyn-Boerum Hill,40.684304,-73.992184,Brooklyn
Gramercy,40.737627,-73.980968,Manhattan
Turtle Bay-East Midtown,40.760135,-73.967774,Manhattan
Upper West Side,40.800581,-73.967782,Manhattan
West Concourse,40.827655,-73.923906,Bronx
Washington Heights North,40.854007,-73.93365,Manhattan
Hunters Point-Sunnyside-West Maspeth,40.748104,-73.939952,Queens
Gramercy,40.731521,-73.982765,Manhattan
Queensbridge-Ravenswood-Long Island City,40.752279,-73.929055,Queens
Todt Hill-Emerson Hill-Heartland Village-Lighthouse Hill,40.590453,-74.100922,Staten Island
Melrose South-Mott Haven North,40.816692,-73.916719,Bronx
Mount Hope,40.849093,-73.900031,Bronx
East Village,40.730881,-73.985882,Manhattan
Upper East Side-Carnegie Hill,40.766194,-73.969976,Manhattan
East Village,40.731777,-73.988135,Manhattan
Forest Hills,40.726241,-73.852519,Queens
Upper West Side,40.792887,-73.973447,Manhattan
East Village,40.729963,-73.983281,Manhattan
Cypress Hills-City Line,40.683821,-73.87138,Brooklyn
SoHo-TriBeCa-Civic Center-Little Italy,40.720983,-74.006488,Manhattan
North Side-South Side,40.718187,-73.959688,Brooklyn
Midtown-Midtown South,40.751522,-73.990112,Manhattan
Hudson Yards-Chelsea-Flatiron-Union Square,40.739464,-73.987052,Manhattan
Upper West Side,40.794896,-73.971856,Manhattan
Turtle Bay-East Midtown,40.754138,-73.968836,Manhattan
Washington Heights North,40.857032,-73.928367,Manhattan
Richmond Hill,40.700635,-73.827097,Queens
Midtown-Midtown South,40.760413,-73.984541,Manhattan
Morningside Heights,40.807296,-73.964646,Manhattan
New Dorp-Midland Beach,40.581304,-74.11201,Staten Island
Flatbush,40.632135,-73.946781,Brooklyn
Bedford Park-Fordham North,40.867329,-73.897193,Bronx
Crown Heights South,40.6688,-73.958717,Brooklyn
Elmhurst,40.748971,-73.870489,Queens
Hudson Yards-Chelsea-Flatiron-Union Square,40.753425,-73.992718,Manhattan
Woodhaven,40.692106,-73.861994,Queens
Lenox Hill-Roosevelt Island,40.771526,-73.953138,Manhattan
Washington Heights North,40.863113,-73.926996,Manhattan
Claremont-Bathgate,40.846477,-73.896393,Bronx
Turtle Bay-East Midtown,40.754695,-73.965406,Manhattan
Norwood,40.8827861,-73.8810142,Bronx
Morningside Heights,40.804645,-73.966574,Manhattan
Bushwick North,40.70726,-73.92407,Brooklyn
Bedford,40.680556,-73.951381,Brooklyn
Upper West Side,40.784564,-73.979224,Manhattan
Jamaica,40.70402,-73.79869,Queens
Longwood,40.819709,-73.901295,Bronx
East Village,40.727794,-73.985325,Manhattan
Murray Hill-Kips Bay,40.743039,-73.977307,Manhattan
Astoria,40.761507,-73.924218,Queens
SoHo-TriBeCa-Civic Center-Little Italy,40.724338,-74.002022,Manhattan
Central Harlem South,40.801938,-73.957067,Manhattan
Brooklyn Heights-Cobble Hill,40.69828,-73.992555,Brooklyn
,40.694055,-73.780952,Queens
Bedford Park-Fordham North,40.866765,-73.897803,Bronx
Crown Heights North,40.670147,-73.950397,Brooklyn
Hudson Yards-Chelsea-Flatiron-Union Square,40.747889,-74.004177,Manhattan
Jackson Heights,40.754507,-73.893639,Queens
Upper West Side,40.790786,-73.968915,Manhattan
University Heights-Morris Heights,40.853906,-73.914042,Bronx
Lenox Hill-Roosevelt Island,40.765995,-73.957578,Manhattan
Jackson Heights,40.749532,-73.885832,Queens
Richmond Hill,40.695205,-73.845595,Queens
Turtle Bay-East Midtown,40.757174,-73.963906,Manhattan
Elmhurst,40.747981,-73.880027,Queens
Hudson Yards-Chelsea-Flatiron-Union Square,40.740531,-74.001807,Manhattan
Turtle Bay-East Midtown,40.757793,-73.971703,Manhattan
West Village,40.736387,-73.994742,Manhattan
Carroll Gardens-Columbia Street-Red Hook,40.6759451,-74.0168289,Brooklyn
East Village,40.72765,-73.985119,Manhattan
Battery Park City-Lower Manhattan,40.706242,-74.006244,Manhattan
Washington Heights North,40.848673,-73.93407,Manhattan
Hamilton Heights,40.822268,-73.949906,Manhattan
Jackson Heights,40.76278,-73.89052,Queens
Central Harlem South,40.802368,-73.956762,Manhattan
Midtown-Midtown South,40.747144,-73.983698,Manhattan
Woodside,40.740727,-73.899864,Queens
Upper West Side,40.784712,-73.979564,Manhattan
Hudson Yards-Chelsea-Flatiron-Union Square,40.736806,-73.993513,Manhattan
Lower East Side,40.7248591,-73.9783893,Manhattan
Prospect Heights,40.680888,-73.964668,Brooklyn
Morningside Heights,40.800405,-73.961891,Manhattan
Manhattanville,40.81515,-73.954837,Manhattan
Bedford,40.680059,-73.94226,Brooklyn
East New York (Pennsylvania Ave),40.658116,-73.8960033,Brooklyn
Upper West Side,40.791401,-73.973822,Manhattan
Morningside Heights,40.808182,-73.95993,Manhattan
Gramercy,40.735626,-73.985322,Manhattan
Lenox Hill-Roosevelt Island,40.762583,-73.95946,Manhattan
East Harlem South,40.790401,-73.945683,Manhattan
Upper West Side,40.798717,-73.963115,Manhattan
Longwood,40.821838,-73.897648,Bronx
Midtown-Midtown South,40.759971,-73.984342,Manhattan
Springfield Gardens North,40.67479,-73.77787,Queens
Hamilton Heights,40.822663,-73.949259,Manhattan
Elmhurst,40.736982,-73.880315,Queens
Hunts Point,40.823219,-73.891694,Bronx
Astoria,40.754136,-73.919819,Queens
Jackson Heights,40.748253,-73.878716,Queens
Midtown-Midtown South,40.748139,-73.988101,Manhattan
Turtle Bay-East Midtown,40.757851,-73.969436,Manhattan
New Dorp-Midland Beach,40.570312,-74.109657,Staten Island
Upper West Side,40.793867,-73.970376,Manhattan
East Harlem North,40.802661,-73.936734,Manhattan
Washington Heights South,40.840361,-73.938239,Manhattan
Lenox Hill-Roosevelt Island,40.767655,-73.961971,Manhattan
East Village,40.732039,-73.987938,Manhattan
Upper West Side,40.8003,-73.967833,Manhattan
Clinton,40.764624,-73.991967,Manhattan
Turtle Bay-East Midtown,40.751406,-73.974142,Manhattan
Midtown-Midtown South,40.764513,-73.977195,Manhattan
Lenox Hill-Roosevelt Island,40.764117,-73.958948,Manhattan
Astoria,40.764538,-73.930599,Queens
Murray Hill-Kips Bay,40.740573,-73.981729,Manhattan
West Village,40.732391,-73.991387,Manhattan
Rosedale,40.6669,-73.73661,Queens
Hammels-Arverne-Edgemere,40.5863425,-73.813029,Queens
Melrose South-Mott Haven North,40.819488,-73.913668,Bronx
Morningside Heights,40.814505,-73.95937,Manhattan
Upper East Side-Carnegie Hill,40.776366,-73.955931,Manhattan
Gramercy,40.738097,-73.987738,Manhattan
East Village,40.729012,-73.98149,Manhattan
Midtown-Midtown South,40.747114,-73.985245,Manhattan
Washington Heights South,40.846623,-73.935833,Manhattan
Washington Heights North,40.851165,-73.932249,Manhattan
North Side-South Side,40.719404,-73.960474,Brooklyn
Forest Hills,40.728299,-73.858076,Queens
Richmond Hill,40.695256,-73.84284,Queens
Briarwood-Jamaica Hills,40.704222,-73.814252,Queens
Mott Haven-Port Morris,40.807378,-73.917,Bronx
Gramercy,40.736165,-73.982291,Manhattan
Greenpoint,40.732735,-73.954581,Brooklyn
Central Harlem North-Polo Grounds,40.819916,-73.940552,Manhattan
Hamilton Heights,40.823821,-73.952581,Manhattan
Murray Hill-Kips Bay,40.741169,-73.981297,Manhattan
Murray Hill-Kips Bay,40.74559596,-73.97544551,Manhattan
Flatbush,40.646179,-73.958203,Brooklyn
Carroll Gardens-Columbia Street-Red Hook,40.682483,-73.995753,Brooklyn
Clinton,40.766011,-73.983548,Manhattan
Melrose South-Mott Haven North,40.822338,-73.909427,Bronx
Highbridge,40.840248,-73.918194,Bronx
Washington Heights South,40.834078,-73.940919,Manhattan
Park Slope-Gowanus,40.664176,-73.990353,Brooklyn
Old Town-Dongan Hills-South Beach,40.595456,-74.08621,Staten Island
Astoria,40.760686,-73.91557,Queens
North Side-South Side,40.714707,-73.966525,Brooklyn
Old Town-Dongan Hills-South Beach,40.591436,-74.100862,Staten Island
Crown Heights North,40.679987,-73.949473,Brooklyn
Murray Hill-Kips Bay,40.76066,-73.998203,Manhattan
Elmhurst,40.747153,-73.887926,Queens
West Concourse,40.842203,-73.916032,Bronx
Park Slope-Gowanus,40.672242,-73.983627,Brooklyn
Cypress Hills-City Line,40.685131,-73.866777,Brooklyn
Lincoln Square,40.778148,-73.982255,Manhattan
Jackson Heights,40.74802,-73.880924,Queens
Central Harlem South,40.808939,-73.948011,Manhattan
Briarwood-Jamaica Hills,40.7063056,-73.8164285,Queens
Midtown-Midtown South,40.757544,-73.989409,Manhattan
Mount Hope,40.853157,-73.905403,Bronx
Midtown-Midtown South,40.754953,-73.980193,Manhattan
Midtown-Midtown South,40.754493,-73.986935,Manhattan
Greenpoint,40.719511,-73.946853,Brooklyn
Turtle Bay-East Midtown,40.753899,-73.972326,Manhattan
East Harlem North,40.800446,-73.946484,Manhattan
Jamaica Estates-Holliswood,40.720206,-73.760972,Queens
New Dorp-Midland Beach,40.5721,-74.112674,Staten Island
East Williamsburg,40.703654,-73.942682,Brooklyn
Elmhurst,40.736273,-73.877364,Queens
DUMBO-Vinegar Hill-Downtown Brooklyn-Boerum Hill,40.690594,-73.987998,Brooklyn
Murray Hill-Kips Bay,40.745591,-73.979997,Manhattan
Manhattanville,40.817157,-73.95337,Manhattan
Astoria,40.755764,-73.912336,Queens
Mount Hope,40.854469,-73.901538,Bronx
East Village,40.733107,-73.987162,Manhattan
East Flatbush-Farragut,40.651341,-73.940166,Brooklyn
Bushwick South,40.68927,-73.921188,Brooklyn
North Side-South Side,40.710988,-73.968534,Brooklyn
Turtle Bay-East Midtown,40.756945,-73.971614,Manhattan
Hunts Point,40.808605,-73.886927,Bronx
Crown Heights South,40.667346,-73.950809,Brooklyn
Prospect Lefferts Gardens-Wingate,40.65864,-73.95324,Brooklyn
Bushwick North,40.69852,-73.91338,Brooklyn
Bedford Park-Fordham North,40.860027,-73.893343,Bronx
West Village,40.734393,-73.999152,Manhattan
Hunters Point-Sunnyside-West Maspeth,40.743823,-73.926455,Queens
Crown Heights North,40.678268,-73.949798,Brooklyn
Hudson Yards-Chelsea-Flatiron-Union Square,40.738667,-73.999476,Manhattan
Lincoln Square,40.775999,-73.983247,Manhattan
Hamilton Heights,40.822495,-73.953007,Manhattan
Turtle Bay-East Midtown,40.74796623,-73.9734053,Manhattan
Upper East Side-Carnegie Hill,40.779535,-73.953715,Manhattan
Brownsville,40.66062,-73.91151,Brooklyn
Brownsville,40.6621417,-73.9108021,Brooklyn
Astoria,40.759169,-73.91895,Queens
Upper West Side,40.787224,-73.971936,Manhattan
Turtle Bay-East Midtown,40.751296,-73.971534,Manhattan
Bedford Park-Fordham North,40.867038,-73.896537,Bronx
Hollis,40.70687,-73.753916,Queens
North Side-South Side,40.7207489,-73.9625389,Brooklyn
Lincoln Square,40.77178,-73.982773,Manhattan
Washington Heights North,40.850038,-73.933342,Manhattan
Midtown-Midtown South,40.758633,-73.975341,Manhattan
Ocean Hill,40.677862,-73.904301,Brooklyn
Morrisania-Melrose,40.823646,-73.91403,Bronx
Central Harlem South,40.809186,-73.948591,Manhattan
Hudson Yards-Chelsea-Flatiron-Union Square,40.736639,-73.993282,Manhattan
Washington Heights North,40.849588,-73.93618,Manhattan
Jackson Heights,40.75543,-73.88559,Queens
Lower East Side,40.713961,-73.980202,Manhattan
Hudson Yards-Chelsea-Flatiron-Union Square,40.73804,-73.992377,Manhattan
Hudson Yards-Chelsea-Flatiron-Union Square,40.740686,-73.997999,Manhattan
Glen Oaks-Floral Park-New Hyde Park,40.73807,-73.70535,Queens
Mott Haven-Port Morris,40.812841,-73.916074,Bronx
Forest Hills,40.717212,-73.835496,Queens
DUMBO-Vinegar Hill-Downtown Brooklyn-Boerum Hill,40.689497,-73.985594,Brooklyn
Upper East Side-Carnegie Hill,40.779038,-73.95398,Manhattan
East Village,40.7303,-73.983193,Manhattan
Hamilton Heights,40.829341,-73.947647,Manhattan
Hamilton Heights,40.82758,-73.949288,Manhattan
Stapleton-Rosebank,40.617014,-74.074046,Staten Island
West Village,40.732909,-74.003877,Manhattan
Old Town-Dongan Hills-South Beach,40.579839,-74.100012,Staten Island
DUMBO-Vinegar Hill-Downtown Brooklyn-Boerum Hill,40.688672,-73.98371,Brooklyn
Gramercy,40.732519,-73.984694,Manhattan
Clinton,40.760563,-73.987515,Manhattan
Prospect Heights,40.680426,-73.967999,Brooklyn
Upper West Side,40.792703,-73.971487,Manhattan
Washington Heights North,40.856421,-73.928415,Manhattan
Midtown-Midtown South,40.764127,-73.982309,Manhattan
Brownsville,40.6661916,-73.9177138,Brooklyn
Morningside Heights,40.799472,-73.963183,Manhattan
Kew Gardens,40.713983,-73.830838,Queens
Old Town-Dongan Hills-South Beach,40.590983,-74.100732,Staten Island
St. Albans,40.695975,-73.761234,Queens
Rego Park,40.729209,-73.860566,Queens
Forest Hills,40.7151371,-73.852146,Queens
Lincoln Square,40.777377,-73.978444,Manhattan
Park Slope-Gowanus,40.667305,-73.987979,Brooklyn
Melrose South-Mott Haven North,40.817926,-73.915262,Bronx
Upper East Side-Carnegie Hill,40.776833,-73.955586,Manhattan
Turtle Bay-East Midtown,40.756326,-73.970143,Manhattan
Hudson Yards-Chelsea-Flatiron-Union Square,40.749827,-73.995525,Manhattan
Washington Heights North,40.853122,-73.930818,Manhattan
Chinatown,40.710955,-74.000384,Manhattan
Hudson Yards-Chelsea-Flatiron-Union Square,40.74276,-73.98642,Manhattan
Central Harlem South,40.809022,-73.948689,Manhattan
Hunters Point-Sunnyside-West Maspeth,40.743559,-73.953739,Queens
Mount Hope,40.847406,-73.899948,Bronx
Melrose South-Mott Haven North,40.815998,-73.908242,Bronx
Astoria,40.758591,-73.918016,Queens
Upper West Side,40.788832,-73.970335,Manhattan
East Harlem North,40.79357,-73.943064,Manhattan
Jamaica,40.705847,-73.793654,Queens
Washington Heights North,40.862393,-73.925395,Manhattan
Baisley Park,40.684109,-73.783025,Queens
Bedford Park-Fordham North,40.861174,-73.896444,Bronx
Gramercy,40.739409,-73.986712,Manhattan
Bedford Park-Fordham North,40.860215,-73.893059,Bronx
North Side-South Side,40.71685,-73.960841,Brooklyn
Turtle Bay-East Midtown,40.752549,-73.966729,Manhattan
Murray Hill-Kips Bay,40.74395,-73.979655,Manhattan
Murray Hill-Kips Bay,40.747672,-73.976965,Manhattan
Carroll Gardens-Columbia Street-Red Hook,40.683436,-73.992773,Brooklyn
Gramercy,40.736141,-73.989183,Manhattan
Erasmus,40.648607,-73.95782,Brooklyn
Ocean Hill,40.67754,-73.901951,Brooklyn
Upper West Side,40.798018,-73.969557,Manhattan
Glen Oaks-Floral Park-New Hyde Park,40.7359742,-73.7063977,Queens
North Side-South Side,40.713914,-73.96693,Brooklyn
Central Harlem South,40.805827,-73.950407,Manhattan
Lenox Hill-Roosevelt Island,40.764833,-73.96405,Manhattan
North Side-South Side,40.709572,-73.950706,Brooklyn
Washington Heights South,40.836501,-73.942787,Manhattan
Midtown-Midtown South,40.76164,-73.982996,Manhattan
East Harlem North,40.803516,-73.936107,Manhattan
Upper East Side-Carnegie Hill,40.772477,-73.958767,Manhattan
Mount Hope,40.850548,-73.900954,Bronx
Forest Hills,40.719293,-73.839741,Queens
Midtown-Midtown South,40.747419,-73.993363,Manhattan
Sunset Park West,40.655438,-74.00305,Brooklyn
Oakwood-Oakwood Beach,40.563843,-74.116075,Staten Island
Lenox Hill-Roosevelt Island,40.769506,-73.954609,Manhattan
St. Albans,40.679747,-73.757037,Queens
Central Harlem North-Polo Grounds,40.817264,-73.942056,Manhattan
Sunset Park West,40.656011,-74.002446,Brooklyn
East Williamsburg,40.70193,-73.942239,Brooklyn
Upper West Side,40.796737,-73.968647,Manhattan
Washington Heights South,40.846875,-73.935653,Manhattan
Fordham South,40.86063,-73.902369,Bronx
Upper West Side,40.789622,-73.970024,Manhattan
Hudson Yards-Chelsea-Flatiron-Union Square,40.742081,-73.993261,Manhattan
Prospect Lefferts Gardens-Wingate,40.657164,-73.960338,Brooklyn
Midtown-Midtown South,40.746619,-73.990241,Manhattan
Woodside,40.741288,-73.904656,Queens
Brownsville,40.665226,-73.902027,Brooklyn
Midtown-Midtown South,40.761511,-73.972745,Manhattan
Manhattanville,40.815594,-73.954507,Manhattan
Hunts Point,40.806612,-73.885215,Bronx
East Village,40.730232,-73.989262,Manhattan
Gramercy,40.742139,-73.983048,Manhattan
Chinatown,40.714508,-73.99249,Manhattan
Melrose South-Mott Haven North,40.817446,-73.915574,Bronx
Morningside Heights,40.804835,-73.965995,Manhattan
Elmhurst-Maspeth,40.737206,-73.88094,Queens
Prospect Heights,40.673692,-73.962869,Brooklyn
Melrose South-Mott Haven North,40.821437,-73.912327,Bronx
Clinton Hill,40.681315,-73.956201,Brooklyn
Prospect Lefferts Gardens-Wingate,40.662438,-73.950605,Brooklyn
Crown Heights South,40.667942,-73.936844,Brooklyn
North Side-South Side,40.707208,-73.954195,Brooklyn
Prospect Lefferts Gardens-Wingate,40.652771,-73.94987,Brooklyn
Canarsie,40.64387,-73.89197,Brooklyn
Bushwick North,40.695004,-73.915407,Brooklyn
Turtle Bay-East Midtown,40.75096,-73.974467,Manhattan
Midtown-Midtown South,40.764672,-73.982363,Manhattan
St. Albans,40.679058,-73.759677,Queens
East New York,40.676475,-73.897167,Brooklyn
Lenox Hill-Roosevelt Island,40.76036,-73.961663,Manhattan
Lenox Hill-Roosevelt Island,40.768374,-73.955362,Manhattan
Melrose South-Mott Haven North,40.814471,-73.912954,Bronx
Jackson Heights,40.747627,-73.884644,Queens
Central Harlem North-Polo Grounds,40.817057,-73.946012,Manhattan
Washington Heights South,40.844493,-73.938788,Manhattan
East New York,40.65604,-73.89679,Brooklyn
SoHo-TriBeCa-Civic Center-Little Italy,40.723404,-74.008084,Manhattan
Ocean Hill,40.678312,-73.910253,Brooklyn
Longwood,40.820902,-73.896055,Bronx
Clinton Hill,40.682932,-73.963959,Brooklyn
Midtown-Midtown South,40.763616,-73.984987,Manhattan
Park Slope-Gowanus,40.664406,-73.993715,Brooklyn
Mount Hope,40.84833,-73.9099,Bronx
Upper East Side-Carnegie Hill,40.773003,-73.958474,Manhattan
Astoria,40.761897,-73.92505,Queens
Hunts Point,40.81474,-73.886191,Bronx
East Harlem South,40.787309,-73.947944,Manhattan
Lincoln Square,40.77653,-73.983015,Manhattan
Midtown-Midtown South,40.747905,-73.996434,Manhattan
Bedford Park-Fordham North,40.864326,-73.896184,Bronx
Hamilton Heights,40.824559,-73.951597,Manhattan
Midtown-Midtown South,40.762324,-73.972203,Manhattan
Gramercy,40.731602,-73.982548,Manhattan
Hunters Point-Sunnyside-West Maspeth,40.742631,-73.952678,Queens
Hudson Yards-Chelsea-Flatiron-Union Square,40.742125,-74.004363,Manhattan
Murray Hill-Kips Bay,40.749982,-73.981236,Manhattan
Morningside Heights,40.801001,-73.961448,Manhattan
Astoria,40.76516,-73.931428,Queens
West Concourse,40.844258,-73.914961,Bronx
Upper West Side,40.790818,-73.97481,Manhattan
Norwood,40.87273,-73.875333,Bronx
Forest Hills,40.727489,-73.856071,Queens
Midtown-Midtown South,40.761118,-73.975684,Manhattan
Baisley Park,40.6840697,-73.8015083,Queens
Turtle Bay-East Midtown,40.751497,-73.973765,Manhattan
Clinton,40.762328,-73.993642,Manhattan
Hamilton Heights,40.822854,-73.953291,Manhattan
West Village,40.730258,-74.006629,Manhattan
Gramercy,40.734222,-73.986658,Manhattan
Clinton Hill,40.683606,-73.954164,Brooklyn
Hudson Yards-Chelsea-Flatiron-Union Square,40.742301,-73.99683,Manhattan
Hudson Yards-Chelsea-Flatiron-Union Square,40.752198,-74.004756,Manhattan
Lincoln Square,40.773657,-73.981404,Manhattan
Murray Hill-Kips Bay,40.748383,-73.976344,Manhattan
New Dorp-Midland Beach,40.571437,-74.108959,Staten Island
Upper East Side-Carnegie Hill,40.777528,-73.955153,Manhattan
Brownsville,40.66281,-73.90906,Brooklyn
Washington Heights South,40.834245,-73.941159,Manhattan
Bushwick South,40.698956,-73.938932,Brooklyn
Midtown-Midtown South,40.750488,-73.99113,Manhattan
Brownsville,40.666322,-73.914688,Brooklyn
Midtown-Midtown South,40.744933,-73.991472,Manhattan
Queensbridge-Ravenswood-Long Island City,40.75195,-73.93338,Queens
Murray Hill-Kips Bay,40.747251,-73.974241,Manhattan
Fordham South,40.862313,-73.900314,Bronx
Turtle Bay-East Midtown,40.752636,-73.974717,Manhattan
Richmond Hill,40.69542,-73.840551,Queens
West Concourse,40.827552,-73.925903,Bronx
Hudson Yards-Chelsea-Flatiron-Union Square,40.742297,-74.00094,Manhattan
Hudson Yards-Chelsea-Flatiron-Union Square,40.744668,-73.991375,Manhattan
Midtown-Midtown South,40.745578,-73.991002,Manhattan
Midtown-Midtown South,40.757753,-73.989252,Manhattan
Upper West Side,40.79069,-73.974462,Manhattan
Upper West Side,40.798583,-73.970917,Manhattan
Turtle Bay-East Midtown,40.756018,-73.967467,Manhattan
College Point,40.77139,-73.84672,Queens
Springfield Gardens North,40.670155,-73.782911,Queens
Upper East Side-Carnegie Hill,40.777606,-73.960947,Manhattan
Bedford Park-Fordham North,40.864094,-73.891441,Bronx
Jackson Heights,40.747603,-73.885751,Queens
St. Albans,40.707987,-73.770526,Queens
West Concourse,40.815039,-73.929885,Bronx
Lincoln Square,40.778607,-73.982178,Manhattan
Jackson Heights,40.747991,-73.882034,Queens
Morningside Heights,40.803861,-73.966708,Manhattan
Lincoln Square,40.775795,-73.98235,Manhattan
East Village,40.725004,-73.987039,Manhattan
Upper West Side,40.799088,-73.96683,Manhattan
Mount Hope,40.849486,-73.910931,Bronx
Central Harlem South,40.802607,-73.956796,Manhattan
Midtown-Midtown South,40.758649,-73.975143,Manhattan
Lenox Hill-Roosevelt Island,40.763891,-73.962087,Manhattan
Central Harlem South,40.80235,-73.95698,Manhattan
East Village,40.730672,-73.989247,Manhattan
Lenox Hill-Roosevelt Island,40.772815,-73.95822,Manhattan
East Harlem North,40.802637,-73.936468,Manhattan
Murray Hill-Kips Bay,40.743876,-73.979316,Manhattan
SoHo-TriBeCa-Civic Center-Little Italy,40.724925,-74.005795,Manhattan
Springfield Gardens North,40.672573,-73.759162,Queens
Clinton,40.759937,-73.987972,Manhattan
Central Harlem South,40.809268,-73.951708,Manhattan
Upper East Side-Carnegie Hill,40.780716,-73.958721,Manhattan
Norwood,40.871796,-73.877356,Bronx
Midtown-Midtown South,40.760895,-73.986836,Manhattan
Turtle Bay-East Midtown,40.754392,-73.969184,Manhattan
Central Harlem North-Polo Grounds,40.820796,-73.943285,Manhattan
Woodhaven,40.692672,-73.857547,Queens
Hudson Yards-Chelsea-Flatiron-Union Square,40.750746,-74.005816,Manhattan
Midtown-Midtown South,40.748482,-73.996012,Manhattan
Bushwick South,40.696842,-73.922861,Brooklyn
North Side-South Side,40.721383,-73.960352,Brooklyn
East Williamsburg,40.701668,-73.942489,Brooklyn
Richmond Hill,40.70104,-73.824719,Queens
Park Slope-Gowanus,40.681039,-73.97573,Brooklyn
Prospect Heights,40.678453,-73.973253,Brooklyn
Murray Hill-Kips Bay,40.752335,-73.979738,Manhattan
Old Astoria,40.767307,-73.922111,Queens
Park Slope-Gowanus,40.683625,-73.977006,Brooklyn
East Harlem North,40.800096,-73.938605,Manhattan
Turtle Bay-East Midtown,40.759149,-73.965162,Manhattan
Brooklyn Heights-Cobble Hill,40.697588,-73.993029,Brooklyn
Forest Hills,40.721526,-73.844884,Queens
Manhattanville,40.820764,-73.954808,Manhattan
Turtle Bay-East Midtown,40.75961,-73.968242,Manhattan
DUMBO-Vinegar Hill-Downtown Brooklyn-Boerum Hill,40.684553,-73.994765,Brooklyn
Lincoln Square,40.777241,-73.978629,Manhattan
Brownsville,40.666393,-73.924173,Brooklyn
Murray Hill,40.764906,-73.820477,Queens
Hudson Yards-Chelsea-Flatiron-Union Square,40.742046,-74.000711,Manhattan
Forest Hills,40.718236,-73.840748,Queens
East Tremont,40.841834,-73.885974,Bronx
Hudson Yards-Chelsea-Flatiron-Union Square,40.740513,-73.994393,Manhattan
Central Harlem North-Polo Grounds,40.821596,-73.942699,Manhattan
Upper East Side-Carnegie Hill,40.763037,-73.965653,Manhattan
Washington Heights South,40.837241,-73.942876,Manhattan
Upper West Side,40.789445,-73.973867,Manhattan
SoHo-TriBeCa-Civic Center-Little Italy,40.717828,-74.000962,Manhattan
Hunts Point,40.820115,-73.89109,Bronx
East Village,40.731923,-73.985131,Manhattan
,40.680679,-73.763358,Queens
Clinton Hill,40.682268,-73.967753,Brooklyn
Crown Heights North,40.679381,-73.929834,Brooklyn
Lenox Hill-Roosevelt Island,40.770456,-73.959928,Manhattan
Prospect Lefferts Gardens-Wingate,40.652457,-73.959115,Brooklyn
Prospect Lefferts Gardens-Wingate,40.658911,-73.960426,Brooklyn
Washington Heights North,40.852857,-73.931007,Manhattan
Mott Haven-Port Morris,40.812163,-73.916467,Bronx
SoHo-TriBeCa-Civic Center-Little Italy,40.717726,-74.00561,Manhattan
Midtown-Midtown South,40.761094,-73.986828,Manhattan
Lenox Hill-Roosevelt Island,40.763948,-73.95853,Manhattan
Mott Haven-Port Morris,40.812441,-73.92925,Bronx
Bushwick North,40.7081743,-73.9201161,Brooklyn
Washington Heights South,40.848083,-73.93451,Manhattan
Kingsbridge Heights,40.862855,-73.904547,Bronx
Woodhaven,40.69374,-73.852557,Queens
Lenox Hill-Roosevelt Island,40.762417,-73.963159,Manhattan
Gramercy,40.738052,-73.981055,Manhattan
Jamaica,40.704216,-73.797743,Queens
Mott Haven-Port Morris,40.807756,-73.919006,Bronx
Clinton Hill,40.683591,-73.967093,Brooklyn
Murray Hill-Kips Bay,40.742234,-73.977895,Manhattan
St. Albans,40.699982,-73.763267,Queens
Gramercy,40.73296,-73.986173,Manhattan
Murray Hill-Kips Bay,40.750133,-73.976794,Manhattan
Westchester-Unionport,40.8366,-73.84436,Bronx
Astoria,40.756724,-73.914383,Queens
Marble Hill-Inwood,40.867058,-73.917291,Manhattan
Upper West Side,40.785753,-73.978785,Manhattan
Longwood,40.813436,-73.898846,Bronx
Melrose South-Mott Haven North,40.816679,-73.916483,Bronx
Hamilton Heights,40.829733,-73.9442,Manhattan
Hudson Yards-Chelsea-Flatiron-Union Square,40.743564,-73.996168,Manhattan
East Harlem North,40.797709,-73.940035,Manhattan
West Village,40.734036,-73.991208,Manhattan
Oakwood-Oakwood Beach,40.564789,-74.115318,Staten Island
Elmhurst-Maspeth,40.746711,-73.892145,Queens
Flatbush,40.63433,-73.94942,Brooklyn
Prospect Heights,40.680238,-73.964511,Brooklyn
Far Rockaway-Bayswater,40.60755,-73.76475,Queens
Manhattanville,40.814103,-73.955865,Manhattan
Turtle Bay-East Midtown,40.760207,-73.967177,Manhattan
Midtown-Midtown South,40.760641,-73.984466,Manhattan
East Village,40.731157,-73.985928,Manhattan
Hamilton Heights,40.825508,-73.950907,Manhattan
Clinton,40.768406,-73.989215,Manhattan
Hunters Point-Sunnyside-West Maspeth,40.743063,-73.920682,Queens
Woodhaven,40.692466,-73.858948,Queens
Midtown-Midtown South,40.744742,-73.985367,Manhattan
Hudson Yards-Chelsea-Flatiron-Union Square,40.739156,-73.999381,Manhattan
Glen Oaks-Floral Park-New Hyde Park,40.73681,-73.71123,Queens
SoHo-TriBeCa-Civic Center-Little Italy,40.716939,-74.006222,Manhattan
Murray Hill-Kips Bay,40.746868,-73.97452,Manhattan
Carroll Gardens-Columbia Street-Red Hook,40.67806,-74.01705,Brooklyn
Upper West Side,40.784608,-73.979776,Manhattan
Manhattanville,40.8196,-73.951942,Manhattan
North Corona,40.757446,-73.866434,Queens
,40.72111,-73.991366,Manhattan
Crown Heights North,40.671355,-73.957793,Brooklyn
Van Cortlandt Village,40.870613,-73.891648,Bronx
Chinatown,40.716652,-73.997646,Manhattan
Hamilton Heights,40.827044,-73.950226,Manhattan
SoHo-TriBeCa-Civic Center-Little Italy,40.716033,-74.00257,Manhattan
Norwood,40.873733,-73.879019,Bronx
Gramercy,40.733919,-73.986881,Manhattan
Hunts Point,40.820914,-73.890458,Bronx
Clinton,40.7555,-73.991425,Manhattan
Crown Heights South,40.666203,-73.950913,Brooklyn
Woodhaven,40.693963,-73.851185,Queens
Murray Hill-Kips Bay,40.744259,-73.983248,Manhattan
West New Brighton-New Brighton-St. George,40.6396,-74.075397,Staten Island
Clinton Hill,40.681853,-73.958535,Brooklyn
Turtle Bay-East Midtown,40.760631,-73.968671,Manhattan
Hamilton Heights,40.827932,-73.949581,Manhattan
Elmhurst-Maspeth,40.739332,-73.87813,Queens
Turtle Bay-East Midtown,40.756264,-73.964182,Manhattan
