latitude,longitude,pos_score,neg_score,pos_norm,neg_norm,survival_score
40.49,-74.26,805.9235610459485,0,0.7622855171920575,0.0,76.44734426620934
40.49,-74.24836734693878,820.3030463999321,0,0.7800378965092425,0.0,78.22767751746177
40.49,-74.23673469387755,782.9248955104729,0,0.7338922176876543,0.0,73.59986482036828
40.49,-74.22510204081632,764.5958311474992,0,0.711263834606443,0.0,71.33053167342725
40.49,-74.21346938775511,729.8405538338029,0,0.6683562582253616,0.0,67.02745862631494
40.49,-74.20183673469388,722.9836192857039,0,0.6598909411396398,0.0,66.17849718735354
40.49,-74.19020408163266,688.7247955573658,0,0.6175962679427612,0.0,61.93689037522523
40.49,-74.17857142857143,674.3942881382807,0,0.5999043549675269,0.0,60.162621113325045
40.49,-74.1669387755102,646.050587689528,0,0.5649122735937988,0.0,56.65336948642496
40.49,-74.15530612244898,608.2335071619227,0,0.5182247085198097,0.0,51.97121263093395
40.49,-74.14367346938776,568.2561631935883,0,0.46887016232091927,0.0,47.02159218127965
40.49,-74.13204081632654,530.3933794324274,0,0.42212617372980643,0.0,42.333776779297885
40.49,-74.12040816326531,518.4695984087369,0,0.40740551590258,0.0,40.857485847143764
40.49,-74.10877551020408,502.53850510544595,0,0.3877375789566211,0.0,38.885047026251144
40.49,-74.09714285714286,483.0964232392725,0,0.3637351057451261,0.0,36.47791047248488
40.49,-74.08551020408163,461.8717427894202,0,0.3375319024345544,0.0,33.85006925133775
40.49,-74.07387755102042,440.16089654715887,0,0.31072849686740517,0.0,31.16203553341204
40.49,-74.06224489795919,420.9197623038271,0,0.286974106138402,0.0,28.779778432970993
40.49,-74.05061224489796,410.5741595163629,0,0.27420180863075083,0.0,27.49888275462394
40.49,-74.03897959183674,398.5738668313161,0,0.25938669234404904,0.0,26.01311886488698
40.49,-74.02734693877551,404.0194071065896,0,0.26610955440579054,0.0,26.68733467890553
40.49,-74.01571428571428,409.06970703467556,0,0.27234446739341683,0.0,27.312615533500118
40.49,-74.00408163265307,412.0489372508314,0,0.2760225145257341,0.0,27.68147592637147
40.49,-73.99244897959184,412.9521840785269,0,0.27713762955993476,0.0,27.793307492095003
40.49,-73.98081632653061,411.48760102130024,0,0.27532950963537794,0.0,27.611976529837772
40.49,-73.96918367346939,407.49025953458164,0,0.2703945400877446,0.0,27.117063131324215
40.49,-73.95755102040816,403.8258876801459,0,0.2658706424990775,0.0,26.66337491531318
40.49,-73.94591836734693,400.78456353874674,0,0.26211593650957055,0.0,26.286826633961123
40.49,-73.93428571428572,398.9106062594748,0,0.2598024183531909,0.0,26.054810788220845
40.49,-73.9226530612245,396.07180414919793,0,0.256297738552248,0.0,25.703336888687208
40.49,-73.91102040816327,399.9131507329636,0,0.2610401225781749,0.0,26.178936458790623
40.49,-73.89938775510204,409.04789279971556,0,0.27231753634797323,0.0,27.309914699159123
40.49,-73.88775510204081,416.0284266333883,0,0.28093544452766145,0.0,28.174179044484752
40.49,-73.87612244897959,420.37868096940207,0,0.2863061071903381,0.0,28.712786807916622
40.49,-73.86448979591837,421.7705094106067,0,0.2880244069642494,0.0,28.88510997476967
40.49,-73.85285714285715,420.0937443857576,0,0.28595433505178947,0.0,28.677508627795945
40.49,-73.84122448979592,415.4808135782767,0,0.28025938175948384,0.0,28.106378722927
40.49,-73.82959183673469,408.2771478556671,0,0.2713660032251442,0.0,27.214488276144337
40.49,-73.81795918367347,398.9682365080944,0,0.2598735665207681,0.0,26.061946026052357
40.49,-73.80632653061224,389.57548411189316,0,0.24827762276721996,0.0,24.89902336226555
40.49,-73.79469387755103,381.9915754017711,0,0.23891481034280362,0.0,23.960054788723884
40.49,-73.7830612244898,373.6215466649263,0,0.22858148328871372,0.0,22.923756193377073
40.49,-73.77142857142857,366.999711181455,0,0.22040641078891718,0.0,22.103902519526272
40.49,-73.75979591836735,362.1135714150055,0,0.21437416384853808,0.0,21.498946439226295
40.49,-73.74816326530612,358.74697906278357,0,0.21021789378937208,0.0,21.08212649327375
40.49,-73.73653061224489,356.53108094821556,0,0.20748222815950665,0.0,20.80777473466508
40.49,-73.72489795918368,353.29468813791374,0,0.2034866976260045,0.0,20.407074877023902
40.49,-73.71326530612245,348.59975540727817,0,0.197690507800628,0.0,19.82579226175782
40.49,-73.70163265306122,342.6503266758608,0,0.1903455637389533,0.0,19.089189696662224
40.49,-73.69,335.77062559967965,0,0.1818521399420175,0.0,18.237409519341107
40.498775510204084,-74.26,894.7603569594191,0,0.8719601306817806,0.0,87.44628461810883
40.498775510204084,-74.24836734693878,929.4533432992349,8,0.9147908049367329,0.001007302946361118,91.69835134608498
40.498775510204084,-74.23673469387755,888.9566353479603,24,0.8647950712264769,0.0030219088390833542,86.59784004263639
40.498775510204084,-74.22510204081632,845.2527403600936,0,0.8108398633477683,0.0,81.31671503670388
40.498775510204084,-74.21346938775511,820.3639013629667,0,0.7801130257896394,0.0,78.23521200924134
40.498775510204084,-74.20183673469388,806.2668881737256,0,0.7627093761308261,0.0,76.4898518168338
40.498775510204084,-74.19020408163266,764.3845440006735,0,0.7110029873311088,0.0,71.3043720770442
40.498775510204084,-74.17857142857143,746.7454951955069,0,0.6892264718665335,0.0,69.12047019632753
40.498775510204084,-74.1669387755102,700.9255093937378,0,0.6326588167497462,0.0,63.44746853551322
40.498775510204084,-74.15530612244898,647.351319563424,0,0.5665181089242655,0.0,56.814413929188646
40.498775510204084,-74.14367346938776,598.1607203024539,0,0.505789219438769,0.0,50.7240944666025
40.498775510204084,-74.13204081632654,574.751948224488,0,0.47688961760688175,0.0,47.82583946821713
40.498775510204084,-74.12040816326531,560.0530080331548,0,0.45874285119532343,0.0,46.00595430984102
40.498775510204084,-74.10877551020408,538.5146770759482,0,0.4321524266009219,0.0,43.339279819368265
40.498775510204084,-74.09714285714286,513.2615638543002,0,0.40097586959526244,0.0,40.21267576787575
40.498775510204084,-74.08551020408163,486.7444044719657,0,0.36823876808007894,0.0,36.92956935516592
40.498775510204084,-74.07387755102042,460.53758489453867,0,0.33588480057827047,0.0,33.684886311600586
40.498775510204084,-74.06224489795919,447.8645162460272,0,0.3202391000387324,0.0,32.11582560080824
40.498775510204084,-74.05061224489796,434.9195537547638,0,0.3042577294448274,0.0,30.513101539962257
40.498775510204084,-74.03897959183674,420.9962999478875,0,0.2870685966751602,0.0,28.78925460748899
40.498775510204084,-74.02734693877551,429.7791585646475,0,0.297911588188117,0.0,29.876665933523338
40.498775510204084,-74.01571428571428,436.0344872609326,0,0.3056341850013167,0.0,30.651142168336897
40.498775510204084,-74.00408163265307,439.67533246453894,0,0.3101290374594172,0.0,31.101917534706153
40.498775510204084,-73.99244897959184,440.8277037773762,0,0.3115517123435404,0.0,31.244593361797918
40.498775510204084,-73.98081632653061,438.99378751448114,0,0.30928762734095383,0.0,31.017535019828806
40.498775510204084,-73.96918367346939,434.21533202269023,0,0.30338832341231514,0.0,30.42591139824291
40.498775510204084,-73.95755102040816,430.1971358246022,0,0.2984276074114766,0.0,29.928415964615972
40.498775510204084,-73.94591836734693,426.77480849940923,0,0.2942025290217579,0.0,29.504695436118556
40.498775510204084,-73.93428571428572,424.80230687506906,0,0.29176735167173196,0.0,29.260478752175175
40.498775510204084,-73.9226530612245,421.2299100050294,0,0.2873570029876673,0.0,28.818178017633254
40.498775510204084,-73.91102040816327,423.3670866388255,0,0.2899954819969639,0.0,29.082783219508084
40.498775510204084,-73.89938775510204,434.73582788433606,0,0.30403090829915197,0.0,30.490354322785446
40.498775510204084,-73.88775510204081,443.55348515028317,0,0.3149168609337962,0.0,31.582074091766216
40.498775510204084,-73.87612244897959,449.10962880111185,0,0.3217762698209825,0.0,32.269983780242306
40.498775510204084,-73.86448979591837,450.897601757237,0,0.3239836349209587,0.0,32.491353852102904
40.498775510204084,-73.85285714285715,448.74421937434624,0,0.3213251488948625,0.0,32.22474220609852
40.498775510204084,-73.84122448979592,442.85746605048297,0,0.3140575815668726,0.0,31.49589952317932
40.498775510204084,-73.82959183673469,433.7693341798086,0,0.3028377110164906,0.0,30.370692120909798
40.498775510204084,-73.81795918367347,422.2014793445176,0,0.2885564664610081,0.0,28.938468637110056
40.498775510204084,-73.80632653061224,413.0833885851176,0,0.2772996097777091,0.0,27.809552005723077
40.498775510204084,-73.79469387755103,403.74299930701403,0,0.2657683115877411,0.0,26.653112452979094
40.498775510204084,-73.7830612244898,394.7808090283095,0,0.25470392385593155,0.0,25.54349795952236
40.498775510204084,-73.77142857142857,388.1927456932787,0,0.2465705451980712,0.0,24.72782563690596
40.498775510204084,-73.75979591836735,382.46384281114194,0,0.2394978541711401,0.0,24.018526517835717
40.498775510204084,-73.74816326530612,379.4686530139576,0,0.23580010393198786,0.0,23.647690159060048
40.498775510204084,-73.73653061224489,376.938515520948,0,0.2326764900198881,0.0,23.334432222620926
40.498775510204084,-73.72489795918368,372.9999787345448,0,0.22781411857433795,0.0,22.846799471552266
40.498775510204084,-73.71326530612245,367.3237931478525,0,0.22080651036520374,0.0,22.14402731444801
40.498775510204084,-73.70163265306122,360.19168840264695,0,0.212001478359541,0.0,21.26099687791107
40.498775510204084,-73.69,352.54344502013674,0,0.20255924073461393,0.0,20.314062987555797
40.507551020408165,-74.26,923.2504159875465,2,0.9071329009295138,0.0002518257365902795,90.9628334855674
40.507551020408165,-74.24836734693878,921.6186002050432,149,0.9051183216845937,0.018761017375975825,89.96526945934053
40.507551020408165,-74.23673469387755,965.8793012395317,32,0.9597609416578525,0.004029211785444472,96.07839032512982
40.507551020408165,-74.22510204081632,928.8544018432866,17,0.9140513740285304,0.002140518761017376,91.57549023430802
40.507551020408165,-74.21346938775511,929.2680606685313,1,0.9145620618725575,0.00012591286829513975,91.71329366512147
40.507551020408165,-74.20183673469388,889.0300575570167,0,0.8648857155627231,0.0,86.73681259497397
40.507551020408165,-74.19020408163266,865.6181827471429,0,0.8359822832130953,0.0,83.8381734453725
40.507551020408165,-74.17857142857143,826.8582344090628,0,0.7881306885090141,0.0,79.0392795250144
40.507551020408165,-74.1669387755102,751.5755260151112,0,0.6951894487820847,0.0,69.7184793921388
40.507551020408165,-74.15530612244898,684.0647606605069,0,0.6118431616886878,0.0,61.35992848301284
40.507551020408165,-74.14367346938776,637.9872378771032,0,0.5549575609658074,0.0,55.655041004275
40.507551020408165,-74.13204081632654,628.6801644567026,0,0.5434673932981537,0.0,54.50272630911823
40.507551020408165,-74.12040816326531,607.1965137497513,0,0.5169444749127572,0.0,51.84282181529832
40.507551020408165,-74.10877551020408,577.3772647726481,0,0.480130736050506,0.0,48.15088158416865
40.507551020408165,-74.09714285714286,544.3430604076372,0,0.4393479325013774,0.0,44.06089567633471
40.507551020408165,-74.08551020408163,511.34126287521843,0,0.398605137225875,0.0,39.97492207910936
40.507551020408165,-74.07387755102042,491.1617781556149,0,0.37369229380004965,0.0,37.4764872078295
40.507551020408165,-74.06224489795919,477.8602166955575,0,0.3572706793446775,0.0,35.82961240125949
40.507551020408165,-74.05061224489796,461.44222317919167,0,0.337001633453625,0.0,33.79689015449734
40.507551020408165,-74.03897959183674,447.63142723373727,0,0.3199513369888752,0.0,32.08696670155935
40.507551020408165,-74.02734693877551,458.78840575862137,0,0.33372532888995254,0.0,33.468319327358145
40.507551020408165,-74.01571428571428,466.6897170119906,0,0.3434799947225579,0.0,34.44658571218194
40.507551020408165,-74.00408163265307,471.23186522179236,0,0.3490875624449268,0.0,35.00895197849526
40.507551020408165,-73.99244897959184,472.73695018801783,0,0.3509456845242142,0.0,35.19529750793308
40.507551020408165,-73.98081632653061,470.38755446580154,0,0.34804520769905434,0.0,34.90441732539211
40.507551020408165,-73.96918367346939,464.7649804630485,0,0.34110378636312566,0.0,34.20828285268265
40.507551020408165,-73.95755102040816,460.1782593597717,0,0.3354411905995749,0.0,33.640397988004736
40.507551020408165,-73.94591836734693,456.305043167919,0,0.3306594615374716,0.0,33.16085262140132
40.507551020408165,-73.93428571428572,454.2688878519967,0,0.3281456997005821,0.0,32.908754933312174
40.507551020408165,-73.9226530612245,449.68187794638726,0,0.32248274739238253,0.0,32.340834311833305
40.507551020408165,-73.91102040816327,449.03982079902414,0,0.32169008745061745,0.0,32.26134080698834
40.507551020408165,-73.89938775510204,463.3848370476246,0,0.3393999124886735,0.0,34.03740641632289
40.507551020408165,-73.88775510204081,474.7322686090495,0,0.3534090306452149,0.0,35.44233915402475
40.507551020408165,-73.87612244897959,481.99111489731666,0,0.3623705330593997,0.0,36.34106154182927
40.507551020408165,-73.86448979591837,484.3459481797547,0,0.3652777228947432,0.0,36.63261495216874
40.507551020408165,-73.85285714285715,481.5110116410468,0,0.36177781538509457,0.0,36.28161965151608
40.507551020408165,-73.84122448979592,473.82904391251424,0,0.3522939429333239,0.0,35.33051032837428
40.507551020408165,-73.82959183673469,462.15323988007816,0,0.3378794283026245,0.0,33.884921585638466
40.507551020408165,-73.81795918367347,448.29542223777224,0,0.3207710805948645,0.0,32.16917634642828
40.507551020408165,-73.80632653061224,439.2896116840796,0,0.30965284088932665,0.0,31.0541611989093
40.507551020408165,-73.79469387755103,428.1857239958116,0,0.29594439296612296,0.0,29.679381783447152
40.507551020408165,-73.7830612244898,418.55225213594287,0,0.2840512658904421,0.0,28.48665548936058
40.507551020408165,-73.77142857142857,412.1256951195338,0,0.2761172769436677,0.0,27.69097936704282
40.507551020408165,-73.75979591836735,405.352060100915,0,0.2677547983676611,0.0,26.85233129594519
40.507551020408165,-73.74816326530612,402.6993229852218,0,0.26447982750832394,0.0,26.523894222041726
40.507551020408165,-73.73653061224489,399.7814579665734,0,0.2608775395729604,0.0,26.162631493405407
40.507551020408165,-73.72489795918368,394.92140882799754,0,0.2548775031541149,0.0,25.560905710380055
40.507551020408165,-73.71326530612245,387.97508836328217,0,0.2463018335308491,0.0,24.700877344082368
40.507551020408165,-73.70163265306122,379.3390053240772,0,0.23564004570238542,0.0,23.631638395901632
40.507551020408165,-73.69,370.8057263099769,0,0.22510517591055954,0.0,22.575127679625634
40.51632653061225,-74.26,830.8084149047756,0,0.7930074348462405,0.0,79.52835389115769
40.51632653061225,-74.24836734693878,830.7228745688687,26,0.7929018299200171,0.0032737345756736337,79.3770574773227
40.51632653061225,-74.23673469387755,872.6051163971617,57,0.8446080923686905,0.007177033492822967,84.39476016423252
40.51632653061225,-74.22510204081632,880.4730503056663,3,0.8543215517692122,0.0003777386048854193,85.66112880778616
40.51632653061225,-74.21346938775511,906.831175006416,9,0.8868623149647282,0.001133215814656258,88.89207450970146
40.51632653061225,-74.20183673469388,875.1795831030548,60,0.8477864334829514,0.007554772097708386,84.69727126606004
40.51632653061225,-74.19020408163266,992.2820939078267,4,0.9923568502694716,0.000503651473180559,99.49886604082766
40.51632653061225,-74.17857142857143,895.0689104052306,0,0.8723410593224674,0.0,87.48448681699452
40.51632653061225,-74.1669387755102,790.889664670083,0,0.7437252262978022,0.0,74.5859879690299
40.51632653061225,-74.15530612244898,730.5204855670144,0,0.6691956767261369,0.0,67.11164140778581
40.51632653061225,-74.14367346938776,704.948156787409,0,0.6376250280315674,0.0,63.94551507450377
40.51632653061225,-74.13204081632654,692.4916765782413,0,0.622246719546494,0.0,62.40327031650166
40.51632653061225,-74.12040816326531,659.3891861617476,0,0.5813796125707719,0.0,58.30482986908871
40.51632653061225,-74.10877551020408,617.3771516502011,0,0.5295131128890549,0.0,53.103293085788565
40.51632653061225,-74.09714285714286,574.402143184507,0,0.4764577612779565,0.0,47.78252988315182
40.51632653061225,-74.08551020408163,541.5467287514192,0,0.43589568514788773,0.0,43.71468007080087
40.51632653061225,-74.07387755102042,528.7587319068747,0,0.4201080985199401,0.0,42.131390026769715
40.51632653061225,-74.06224489795919,511.11604711329284,0,0.3983270941989175,0.0,39.94703797200874
40.51632653061225,-74.05061224489796,490.01936571702595,0,0.3722819137727225,0.0,37.33504439530903
40.51632653061225,-74.03897959183674,477.1388100665967,0,0.35638005747581514,0.0,35.74029458649799
40.51632653061225,-74.02734693877551,491.5741970466179,0,0.37420145086724815,0.0,37.52754905371774
40.51632653061225,-74.01571428571428,501.7872964802506,0,0.38681016464849255,0.0,38.79203940733157
40.51632653061225,-74.00408163265307,507.5991445511978,0,0.39398525672928963,0.0,39.511608023121305
40.51632653061225,-73.99244897959184,509.62261719121506,0,0.396483361004877,0.0,39.76213546101909
40.51632653061225,-73.98081632653061,506.52629965934324,0,0.3926607622150663,0.0,39.378778412924184
40.51632653061225,-73.96918367346939,499.96895779273285,0,0.3845653111427317,0.0,38.566909734903504
40.51632653061225,-73.95755102040816,494.5261147953,0,0.37784577904017663,0.0,37.89302787257443
40.51632653061225,-73.94591836734693,490.2414361111799,0,0.3725560736452833,0.0,37.3625390724201
40.51632653061225,-73.93428571428572,488.0957917140423,0,0.3699071406494145,0.0,37.0968854713662
40.51632653061225,-73.9226530612245,482.061771658296,0,0.36245776327601387,0.0,36.34980960046285
40.51632653061225,-73.91102040816327,476.93915574782966,0,0.35613357165856824,0.0,35.71557525797496
40.51632653061225,-73.89938775510204,495.2952397868771,0,0.3787953122297648,0.0,37.98825372824072
40.51632653061225,-73.88775510204081,510.2091216931286,0,0.39720743771088524,0.0,39.83475095740587
40.51632653061225,-73.87612244897959,519.9551161355234,0,0.40923948099375834,0.0,41.04140874418891
40.51632653061225,-73.86448979591837,523.1541463633185,0,0.41318888506858686,0.0,41.43748271666439
40.51632653061225,-73.85285714285715,519.3052030550442,0,0.40843712240832597,0.0,40.96094259125524
40.51632653061225,-73.84122448979592,509.0080929457003,0,0.39572469216260425,0.0,39.68605082230929
40.51632653061225,-73.82959183673469,493.6984581805333,0,0.3768239848793971,0.0,37.79055517931633
40.51632653061225,-73.81795918367347,480.17539139914203,0,0.3601289081694107,0.0,36.11625565766145
40.51632653061225,-73.80632653061224,468.54140784901335,0,0.34576602355514596,0.0,34.675844735508385
40.51632653061225,-73.79469387755103,456.0913203311372,0,0.3303956072496515,0.0,33.13439146069161
40.51632653061225,-73.7830612244898,445.8699561178443,0,0.31777669007795956,0.0,31.86887783943772
40.51632653061225,-73.77142857142857,439.0405924402725,0,0.30934541096645274,0.0,31.023329967537816
40.51632653061225,-73.75979591836735,431.33804208505586,0,0.2998361279671385,0.0,30.06967229626104
40.51632653061225,-73.74816326530612,428.9117056118496,0,0.2968406629443554,0.0,29.769266030276075
40.51632653061225,-73.73653061224489,425.5072178487227,0,0.29263760861633664,0.0,29.347754229334065
40.51632653061225,-73.72489795918368,419.4135162460455,0,0.2851145506185415,0.0,28.59328914804721
40.51632653061225,-73.71326530612245,410.7969755028121,0,0.2744768889839071,0.0,27.526469743992525
40.51632653061225,-73.70163265306122,400.9119010632811,0,0.26227314269471536,0.0,26.302592374074894
40.51632653061225,-73.69,390.67689992779407,0,0.24963738988464346,0.0,25.035390356788096
40.52510204081633,-74.26,740.600914456707,0,0.6816406003742672,0.0,68.35970573675247
40.52510204081633,-74.24836734693878,740.5613883996689,0,0.6815918029701752,0.0,68.35481199042543
40.52510204081633,-74.23673469387755,778.6701764241315,60,0.7286394993010484,0.007554772097708386,72.74838008258443
40.52510204081633,-74.22510204081632,805.4380084858034,17,0.7616860720092896,0.002140518761017376,76.29522787199008
40.52510204081633,-74.21346938775511,871.7825113457326,41,0.843592534680657,0.00516242760010073,84.37950097612861
40.52510204081633,-74.20183673469388,883.6905397728153,69,0.8582937449363378,0.008687987912364643,85.70231245046843
40.52510204081633,-74.19020408163266,930.6202793717721,62,0.9162314609330094,0.007806597834298665,91.55059571628118
40.52510204081633,-74.17857142857143,907.8474362145058,14,0.8881169533615297,0.0017627801561319568,88.99083968671788
40.52510204081633,-74.1669387755102,850.2983230434223,18,0.8170689525999685,0.002266431629312516,81.84400026985635
40.52510204081633,-74.15530612244898,816.6799682844089,5,0.7755649786391505,0.0006295643414756988,77.75204313438662
40.52510204081633,-74.14367346938776,790.2601906625745,0,0.742948101033823,0.0,74.50805239075441
40.52510204081633,-74.13204081632654,766.8399737610533,0,0.7140343698472356,0.0,71.60838040146646
40.52510204081633,-74.12040816326531,712.9669401682107,0,0.6475247205959398,0.0,64.93832575833515
40.52510204081633,-74.10877551020408,654.2287072680906,0,0.5750086767185268,0.0,57.66590768650733
40.52510204081633,-74.09714285714286,605.9501291596442,0,0.5154057347232451,0.0,51.68850614439696
40.52510204081633,-74.08551020408163,588.4342861662536,0,0.49378132458447854,0.0,49.519858453802726
40.52510204081633,-74.07387755102042,571.494779421652,0,0.4728684378035289,0.0,47.42256732169176
40.52510204081633,-74.06224489795919,547.5497270638991,0,0.44330676422757415,0.0,44.45791511988831
40.52510204081633,-74.05061224489796,520.9808247955986,0,0.4105057828643973,0.0,41.16840238747138
40.52510204081633,-74.03897959183674,509.62536757518643,0,0.3964867565269229,0.0,39.762475987812465
40.52510204081633,-74.02734693877551,528.6769835258889,0,0.4200071750006277,0.0,42.12126870759019
40.52510204081633,-74.01571428571428,542.4828010361225,0,0.4370513252738922,0.0,43.830575777288814
40.52510204081633,-74.00408163265307,550.1333312751294,0,0.446496386167036,0.0,44.77779280480524
40.52510204081633,-73.99244897959184,552.7449415296128,0,0.44972058332882076,0.0,45.101137935796345
40.52510204081633,-73.98081632653061,548.5143732836228,0,0.4444976806740156,0.0,44.5773485834923
40.52510204081633,-73.96918367346939,540.9695271374333,0,0.43518309344229295,0.0,43.6432163709007
40.52510204081633,-73.95755102040816,534.6067606510996,0,0.42732785791811095,0.0,42.855438194789826
40.52510204081633,-73.94591836734693,529.8894571267161,0,0.42150404994045265,0.0,42.271385837284306
40.52510204081633,-73.93428571428572,527.3088816690621,0,0.4183181671878268,0.0,41.95188314427904
40.52510204081633,-73.9226530612245,519.1325491589703,0,0.40822397031155466,0.0,40.93956620228361
40.52510204081633,-73.91102040816327,506.8107059682446,0,0.39301187969608364,0.0,39.41399093939076
40.52510204081633,-73.89938775510204,530.6052438043943,0,0.42238773362589205,0.0,42.36000784229374
40.52510204081633,-73.88775510204081,550.6693447783457,0,0.4471581285586434,0.0,44.84415697844597
40.52510204081633,-73.87612244897959,564.2001412695821,0,0.46386274808172817,0.0,46.5194135204059
40.52510204081633,-73.86448979591837,568.7225219432438,0,0.4694459115371093,0.0,47.079332355464274
40.52510204081633,-73.85285714285715,563.2864641407098,0,0.46273475618452964,0.0,46.40629057244243
40.52510204081633,-73.84122448979592,549.026124838687,0,0.4451294701642523,0.0,44.64070886986086
40.52510204081633,-73.82959183673469,528.4983942224235,0,0.41978669527002094,0.0,42.0991574520445
40.52510204081633,-73.81795918367347,516.5013582682454,0,0.4049755996224653,0.0,40.613796780233166
40.52510204081633,-73.80632653061224,501.14149158264746,0,0.38601287787327637,0.0,38.712081891139526
40.52510204081633,-73.79469387755103,488.1512153297416,0,0.369975564589827,0.0,37.10374750456871
40.52510204081633,-73.7830612244898,477.7636122544525,0,0.35715141508451775,0.0,35.81765174380311
40.52510204081633,-73.77142857142857,469.4566179603055,0,0.34689590801558534,0.0,34.78915748300281
40.52510204081633,-73.75979591836735,461.83647993151243,0,0.3374883682179968,0.0,33.845703334413614
40.52510204081633,-73.74816326530612,458.6978762661228,0,0.33361356453603697,0.0,33.45711081316264
40.52510204081633,-73.73653061224489,454.6701990278102,0,0.32864114359456637,0.0,32.95844152589959
40.52510204081633,-73.72489795918368,446.8869503403274,0,0.31903223342714515,0.0,31.994792542644863
40.52510204081633,-73.71326530612245,436.0364682056752,0,0.3056366306022274,0.0,30.651387430368693
40.52510204081633,-73.70163265306122,424.81502116004145,0,0.2917830482564164,0.0,29.26205291590531
40.52510204081633,-73.69,412.2436386302505,0,0.27626288562775475,0.0,27.705582028315405
40.53387755102041,-74.26,666.3107822001157,0,0.5899247583342393,0.0,59.16179708839394
40.53387755102041,-74.24836734693878,672.243662359237,0,0.5972492721423044,0.0,59.89635076420079
40.53387755102041,-74.23673469387755,741.5723422712374,4,0.6828398891261439,0.000503651473180559,68.45833181696499
40.53387755102041,-74.22510204081632,837.3537576965526,27,0.8010880723058029,0.0033996474439687736,80.19261959153074
40.53387755102041,-74.21346938775511,961.132016303319,41,0.953900119741089,0.00516242760010073,95.44192016172676
40.53387755102041,-74.20183673469388,943.5319737541513,69,0.9321717599535209,0.008687987912364643,93.11131855165586
40.53387755102041,-74.19020408163266,902.2755117071277,54,0.8812380620141219,0.006799294887937547,88.084505990639
40.53387755102041,-74.17857142857143,949.5490096795672,13,0.9396001693495165,0.0016368672878368168,94.15934984411874
40.53387755102041,-74.1669387755102,930.8710127419054,21,0.9165410070526728,0.002644170234197935,91.8035210986586
40.53387755102041,-74.15530612244898,902.7206939448326,30,0.8817876674940441,0.003777386048854193,88.2695063891892
40.53387755102041,-74.14367346938776,899.0120145309954,9,0.8772090694358018,0.001133215814656258,87.92397926508178
40.53387755102041,-74.13204081632654,843.1177086312407,0,0.8082040323585651,0.0,81.05237539687784
40.53387755102041,-74.12040816326531,755.9326218073973,0,0.7005685576529418,0.0,70.25793420063444
40.53387755102041,-74.10877551020408,679.9861324997471,0,0.6068078386280122,0.0,60.85495092955098
40.53387755102041,-74.09714285714286,664.5750084288275,0,0.5877818364119194,0.0,58.94688983089461
40.53387755102041,-74.08551020408163,644.579175410069,0,0.5630957225647535,0.0,56.47119299380824
40.53387755102041,-74.07387755102042,619.5672380484494,0,0.5322169123312471,0.0,53.37444907933996
40.53387755102041,-74.06224489795919,586.3645570961678,0,0.4912261138358693,0.0,49.26360397780113
40.53387755102041,-74.05061224489796,555.3119884485661,0,0.452889764249308,0.0,45.418965651798125
40.53387755102041,-74.03897959183674,544.8500583246913,0,0.43997385332642797,0.0,44.123667411749935
40.53387755102041,-74.02734693877551,570.5012434183685,0,0.4716418551017577,0.0,47.29955699556267
40.53387755102041,-74.01571428571428,589.903280302319,0,0.4955948902633732,0.0,49.701735554543845
40.53387755102041,-74.00408163265307,600.5346294810264,0,0.5087199596680007,0.0,51.018009675806795
40.53387755102041,-73.99244897959184,603.8262787155898,0,0.512783707733567,0.0,51.42555086657195
40.53387755102041,-73.98081632653061,597.7632790899596,0,0.505298553257971,0.0,50.67488701664147
40.53387755102041,-73.96918367346939,589.3329098781134,0,0.49489073209132867,0.0,49.63111762860654
40.53387755102041,-73.95755102040816,581.8312883720339,0,0.48562950839718705,0.0,48.70233708627067
40.53387755102041,-73.94591836734693,576.6918336061196,0,0.4792845281533184,0.0,48.06601791435189
40.53387755102041,-73.93428571428572,573.2644235053001,0,0.4750531747573191,0.0,47.64166808416293
40.53387755102041,-73.9226530612245,561.7654391135635,0,0.46085695509720825,0.0,46.217971493897274
40.53387755102041,-73.91102040816327,542.611335399384,0,0.43721000903174156,0.0,43.8464896987686
40.53387755102041,-73.89938775510204,569.004810931132,0,0.46979441505213027,0.0,47.11428273506604
40.53387755102041,-73.88775510204081,596.6592270980252,0,0.503935531615386,0.0,50.53819363548316
40.53387755102041,-73.87612244897959,616.2411375070101,0,0.5281106319599286,0.0,52.96264245030142
40.53387755102041,-73.86448979591837,622.9854919039353,0,0.5364369617663408,0.0,53.79766526895536
40.53387755102041,-73.85285714285715,614.8914417875296,0,0.5264443476816557,0.0,52.79553576259243
40.53387755102041,-73.84122448979592,594.3365533622164,0,0.5010680447635899,0.0,50.250621919119496
40.53387755102041,-73.82959183673469,571.8606656350735,0,0.4733201473527714,0.0,47.46786792709546
40.53387755102041,-73.81795918367347,557.9828639201138,0,0.45618712805007466,0.0,45.74964844710649
40.53387755102041,-73.80632653061224,540.2702614568657,0,0.43431980596716185,0.0,43.556639841078706
40.53387755102041,-73.79469387755103,525.0771037209506,0,0.4155628969044137,0.0,41.67556529335303
40.53387755102041,-73.7830612244898,514.2794391455318,0,0.40223250067924815,0.0,40.338699556766485
40.53387755102041,-73.77142857142857,504.2338646706013,0,0.389830606998916,0.0,39.09495057511765
40.53387755102041,-73.75979591836735,496.9712556833668,0,0.38086445929613555,0.0,38.19576232515456
40.53387755102041,-73.74816326530612,493.2618936230411,0,0.3762850184678563,0.0,37.736503843062735
40.53387755102041,-73.73653061224489,487.9577063790049,0,0.3697366656160333,0.0,37.07978903798033
40.53387755102041,-73.72489795918368,477.79913258855544,0,0.35719526717163674,0.0,35.822049539019176
40.53387755102041,-73.71326530612245,464.5576277113486,0,0.34084779634609635,0.0,34.18261037626904
40.53387755102041,-73.70163265306122,451.1184164031041,0,0.3242562444932573,0.0,32.5186930542178
40.53387755102041,-73.69,435.51900167918194,0,0.3049977856202191,0.0,30.587319569743155
40.54265306122449,-74.26,605.119645648598,0,0.5143804505811617,0.0,51.585683451307816
40.54265306122449,-74.24836734693878,654.8315163262213,0,0.5757528824249436,0.0,57.74054186039652
40.54265306122449,-74.23673469387755,724.7576884760954,4,0.6620811411660987,0.000503651473180559,66.37649880814341
40.54265306122449,-74.22510204081632,805.6134520363291,7,0.7619026681099855,0.0008813900780659784,76.37106719228083
40.54265306122449,-74.21346938775511,876.5661885963117,79,0.849498285199033,0.009947116595316042,84.76612444579422
40.54265306122449,-74.20183673469388,864.8625796670408,27,0.8350494436739188,0.0033996474439687736,83.59850438164779
40.54265306122449,-74.19020408163266,856.6119403651702,34,0.8248635103883784,0.004281037522034752,82.53910518868214
40.54265306122449,-74.17857142857143,979.0902036824945,71,0.9760706318530464,0.008939813648954922,97.50298216553355
40.54265306122449,-74.1669387755102,938.0651226758988,67,0.9254225883647884,0.008436162175774364,92.44528774201541
40.54265306122449,-74.15530612244898,917.2113489709549,26,0.8996772927654334,0.0032737345756736337,90.08525064540933
40.54265306122449,-74.14367346938776,960.2497723423083,34,0.9528109340671512,0.004281037522034752,95.37057125401645
40.54265306122449,-74.13204081632654,866.5517617983274,0,0.8371348452854656,0.0,83.9537604630286
40.54265306122449,-74.12040816326531,790.4024412171101,0,0.7431237182927186,0.0,74.52566452262245
40.54265306122449,-74.10877551020408,757.552536055979,0,0.7025684437054818,0.0,70.45849681674564
40.54265306122449,-74.09714285714286,732.3895974114602,0,0.6715032128883858,0.0,67.3430573371504
40.54265306122449,-74.08551020408163,710.6353418334768,0,0.6446462157653029,0.0,64.64964908168749
40.54265306122449,-74.07387755102042,671.746150346011,0,0.5966350622623104,0.0,59.83475348458755
40.54265306122449,-74.06224489795919,631.432257760782,0,0.5468650256227882,0.0,54.84346473606369
40.54265306122449,-74.05061224489796,590.1156178908085,0,0.4958570343750272,0.0,49.72802520677914
40.54265306122449,-74.03897959183674,581.7912914322505,0,0.4855801296587217,0.0,48.697385039650655
40.54265306122449,-74.02734693877551,616.8944814884524,0,0.528917226208446,0.0,53.04353338527115
40.54265306122449,-74.01571428571428,645.2711045211281,0,0.5639499525832653,0.0,56.55686117828098
40.54265306122449,-74.00408163265307,660.9466726441382,0,0.5833024276184694,0.0,58.49766326365855
40.54265306122449,-73.99244897959184,665.2794191651824,0,0.5886514757821077,0.0,59.034103373354576
40.54265306122449,-73.98081632653061,655.989820328032,0,0.577182881586844,0.0,57.883952217493274
40.54265306122449,-73.96918367346939,647.1438846491395,0,0.5662620174723564,0.0,56.78873128017303
40.54265306122449,-73.95755102040816,638.5738294415478,0,0.5556817451559874,0.0,55.727667279929264
40.54265306122449,-73.94591836734693,632.562000525265,0,0.5482597641403522,0.0,54.98333890815385
40.54265306122449,-73.93428571428572,627.7643290548862,0,0.5423367368772235,0.0,54.38933614400523
40.54265306122449,-73.9226530612245,610.8009599576304,0,0.5213943905206849,0.0,52.28909059879552
40.54265306122449,-73.91102040816327,583.8652095645026,0,0.48814051206811904,0.0,48.954158166110346
40.54265306122449,-73.89938775510204,609.1177664090711,0,0.519316382191271,0.0,52.080693332201854
40.54265306122449,-73.88775510204081,648.0084823540003,0,0.5673294177329091,0.0,56.895777673352455
40.54265306122449,-73.87612244897959,677.8346215151165,0,0.6041516629608024,0.0,60.58857098255855
40.54265306122449,-73.86448979591837,688.6925270625735,0,0.6175564304558522,0.0,61.93289519230787
40.54265306122449,-73.85285714285715,675.7016797266962,0,0.6015184121345464,0.0,60.324490099590186
40.54265306122449,-73.84122448979592,644.6129501526889,0,0.5631374196093674,0.0,56.47537466622965
40.54265306122449,-73.82959183673469,625.4279445821959,0,0.5394523232581723,0.0,54.10006689256516
40.54265306122449,-73.81795918367347,605.161403575678,0,0.5144320033692327,0.0,51.59085352688798
40.54265306122449,-73.80632653061224,585.3296858369698,0,0.4899485001601722,0.0,49.13547590727841
40.54265306122449,-73.79469387755103,568.4831216881502,0,0.4691503568609556,0.0,47.049692057219275
40.54265306122449,-73.7830612244898,557.1434329581299,0,0.4551507977169032,0.0,45.645717964411105
40.54265306122449,-73.77142857142857,544.7808809848708,0,0.43988844954830825,0.0,44.115102521193435
40.54265306122449,-73.75979591836735,537.883614136965,0,0.4313733397010738,0.0,43.26114751447367
40.54265306122449,-73.74816326530612,533.4494562825441,0,0.4258990928663533,0.0,42.71215160292384
40.54265306122449,-73.73653061224489,526.2128206097115,0,0.41696501085424503,0.0,41.81617912557962
40.54265306122449,-73.72489795918368,512.6130087919204,0,0.4001751875686099,0.0,40.132377752028965
40.54265306122449,-73.71326530612245,497.21172103405087,0,0.38116132889980336,0.0,38.2255344935638
40.54265306122449,-73.70163265306122,479.90826064049634,0,0.35979911844202994,0.0,36.08318202808836
40.54265306122449,-73.69,460.37100587481336,0,0.33567914829853646,0.0,33.66426205694353
40.55142857142857,-74.26,580.2941070200108,0,0.48373176131037227,0.0,48.51201768283987
40.55142857142857,-74.24836734693878,631.0246702011913,0,0.5463618331381687,0.0,54.793001060398474
40.55142857142857,-74.23673469387755,686.6246262540657,0,0.6150034768111813,0.0,61.67686707453811
40.55142857142857,-74.22510204081632,740.8924217606101,21,0.6820004844803548,0.002644170234197935,68.28215060285108
40.55142857142857,-74.21346938775511,783.9281197544601,78,0.7351307611320846,0.009821203727020902,73.30195782286108
40.55142857142857,-74.20183673469388,847.5632991852127,42,0.8136923935801398,0.00528834046839587,81.37549312007484
40.55142857142857,-74.19020408163266,848.3458763944175,69,0.8146585343787004,0.008687987912364643,81.32626713884302
40.55142857142857,-74.17857142857143,853.8709253372986,51,0.8214795548926831,0.006421556283052128,82.1077385480601
40.55142857142857,-74.1669387755102,833.9936034544173,56,0.7969397504985757,0.007051120624527827,79.61965587906812
40.55142857142857,-74.15530612244898,920.1713267818726,119,0.9033315715922695,0.014983631327121633,89.94843424118152
40.55142857142857,-74.14367346938776,916.114700970899,40,0.8983234118166252,0.005036514731805591,89.87370939781536
40.55142857142857,-74.13204081632654,947.5104309498729,20,0.9370834156558626,0.0025182573659027953,93.86906983192931
40.55142857142857,-74.12040816326531,851.5469906601521,5,0.818610511329477,0.0006295643414756988,82.06895140888905
40.55142857142857,-74.10877551020408,856.4003489066687,10,0.8246022874211354,0.0012591286829513977,82.64279001709059
40.55142857142857,-74.09714285714286,818.6087725060236,0,0.777946208796404,0.0,78.01790838624466
40.55142857142857,-74.08551020408163,785.5957024469999,0,0.7371894968776262,0.0,73.93053913031203
40.55142857142857,-74.07387755102042,731.5290406387973,0,0.670440801412856,0.0,67.23651125436325
40.55142857142857,-74.06224489795919,676.8215608658697,0,0.6029009758552475,0.0,60.46314329756217
40.55142857142857,-74.05061224489796,637.581249410132,0,0.5544563426616295,0.0,55.60477531328672
40.55142857142857,-74.03897959183674,617.8660362069259,0,0.5301166716312242,0.0,53.16382219451079
40.55142857142857,-74.02734693877551,666.0102649937303,0,0.5895537509367029,0.0,59.124589861436185
40.55142857142857,-74.01571428571428,709.2615084719042,0,0.6429501320493107,0.0,64.47955389711888
40.55142857142857,-74.00408163265307,734.4364143963114,0,0.6740301372263191,0.0,67.59647505326842
40.55142857142857,-73.99244897959184,740.5701835783384,0,0.6816026611715684,0.0,68.35590092710507
40.55142857142857,-73.98081632653061,728.8931253714953,0,0.6671865981836604,0.0,66.91015690423615
40.55142857142857,-73.96918367346939,717.5215590197749,0,0.6531476841101221,0.0,65.50223602275742
40.55142857142857,-73.95755102040816,707.7065926639873,0,0.6410304906609782,0.0,64.28703877939488
40.55142857142857,-73.94591836734693,700.4168359628635,0,0.6320308273974741,0.0,63.38448935366349
40.55142857142857,-73.93428571428572,693.1455100959668,0,0.623053918158351,0.0,62.4842218612708
40.55142857142857,-73.9226530612245,666.4999508668566,0,0.5901582989543827,0.0,59.18521818165308
40.55142857142857,-73.91102040816327,635.6895939115153,0,0.5521209749400315,0.0,55.37056823972348
40.55142857142857,-73.89938775510204,647.3412977105191,0,0.5665057363163557,0.0,56.813173117189706
40.55142857142857,-73.88775510204081,702.0862452520843,0,0.6340918181915339,0.0,63.59117998231842
40.55142857142857,-73.87612244897959,750.1750017344855,0,0.693460413447332,0.0,69.54507958786182
40.55142857142857,-73.86448979591837,769.8853815572841,0,0.7177941173655447,0.0,71.98543428272731
40.55142857142857,-73.85285714285715,746.4721742014433,0,0.6888890399040869,0.0,69.08663014975994
40.55142857142857,-73.84122448979592,699.6111843344536,0,0.6310361997767381,0.0,63.284741111798446
40.55142857142857,-73.82959183673469,688.9838689648664,0,0.6179161103632461,0.0,61.96896641901498
40.55142857142857,-73.81795918367347,661.7396729630701,0,0.5842814364017308,0.0,58.595845138829574
40.55142857142857,-73.80632653061224,639.2092742176528,0,0.5564662417094344,0.0,55.806342102872144
40.55142857142857,-73.79469387755103,620.1597730689763,0,0.5329484340918778,0.0,53.44781121808182
40.55142857142857,-73.7830612244898,607.5511326832266,0,0.5173822742960547,0.0,51.88672741158692
40.55142857142857,-73.77142857142857,591.5695466613959,0,0.4976520009124413,0.0,49.90803705501348
40.55142857142857,-73.75979591836735,586.1198104252653,0,0.49092395867304384,0.0,49.23330173640552
40.55142857142857,-73.74816326530612,580.7044270164865,0,0.48423832716023046,0.0,48.56281966325826
40.55142857142857,-73.73653061224489,570.4302267176633,0,0.4715541805169073,0.0,47.29076437256211
40.55142857142857,-73.72489795918368,551.8949417850171,0,0.4486712051686077,0.0,44.99589892538624
40.55142857142857,-73.71326530612245,533.6665035855812,0,0.4261670514169156,0.0,42.73902436792057
40.55142857142857,-73.70163265306122,511.0372353371658,0,0.398229796103052,0.0,39.93728023574939
40.55142857142857,-73.69,486.40368283538777,0,0.3678181257841133,0.0,36.88738439206828
40.560204081632655,-74.26,556.7062355630466,0,0.4546110500275428,0.0,45.59158827613181
40.560204081632655,-74.24836734693878,597.7426715090464,0,0.5052731119028616,0.0,50.672335578907465
40.560204081632655,-74.23673469387755,656.1938018322955,0,0.57743470958682,0.0,57.909207297612
40.560204081632655,-74.22510204081632,730.010999744978,0,0.6685666844258658,0.0,67.04856164326826
40.560204081632655,-74.21346938775511,822.3998072513741,9,0.7826264796925697,0.001133215814656258,78.43857302737052
40.560204081632655,-74.20183673469388,940.0233184359488,45,0.9278401042253321,0.005666079073281289,92.806791801108
40.560204081632655,-74.19020408163266,937.7669287090246,16,0.925054449152589,0.002014605892722236,92.68436762317802
40.560204081632655,-74.17857142857143,822.191449501834,48,0.7823692489424798,0.0060438176781667085,78.20171770608549
40.560204081632655,-74.1669387755102,921.9370100714228,69,0.9055114186965629,0.008687987912364643,90.43763232732243
40.560204081632655,-74.15530612244898,925.6052222968954,57,0.9100400574648818,0.007177033492822967,90.95673707302751
40.560204081632655,-74.14367346938776,853.3343239552612,16,0.8208170867276863,0.002014605892722236,82.23071298724653
40.560204081632655,-74.13204081632654,901.4394609224328,33,0.8802059047224686,0.004155124653739612,88.0946408489366
40.560204081632655,-74.12040816326531,953.8966171545317,59,0.9449675642957074,0.007428859229413246,94.4486892028525
40.560204081632655,-74.10877551020408,973.8160330805356,89,0.9695593364342864,0.011206245278267439,96.7525721636873
40.560204081632655,-74.09714285714286,935.841019771131,24,0.9226767934052383,0.0030219088390833542,92.40262557551698
40.560204081632655,-74.08551020408163,867.8416715230256,0,0.8387273199919004,0.0,84.11346500859901
40.560204081632655,-74.07387755102042,793.4227438886388,0,0.7468524719551598,0.0,74.8996101223848
40.560204081632655,-74.06224489795919,736.0510208203925,0,0.6760234704355852,0.0,67.79638050424349
40.560204081632655,-74.05061224489796,690.4792103794243,0,0.61976220341501,0.0,62.15410559310753
40.560204081632655,-74.03897959183674,647.9443951136486,0,0.567250298002814,0.0,56.88784299125707
40.560204081632655,-74.02734693877551,711.6289181690015,0,0.6458728482597633,0.0,64.77266440137709
40.560204081632655,-74.01571428571428,778.6932088709461,0,0.7286679343056672,0.0,73.07593699904726
40.560204081632655,-74.00408163265307,825.1596686399757,0,0.7860337022062556,0.0,78.82897901399456
40.560204081632655,-73.99244897959184,834.9691341967093,0,0.798144104572899,0.0,80.04349519991842
40.560204081632655,-73.98081632653061,819.7837481206461,0,0.7793967901131716,0.0,78.16338286635487
40.560204081632655,-73.96918367346939,805.5764739200813,0,0.7618570162990961,0.0,76.4043711878236
40.560204081632655,-73.95755102040816,793.4874479066884,0,0.7469323531361259,0.0,74.90762116812026
40.560204081632655,-73.94591836734693,784.5715243618247,0,0.7359250845979933,0.0,73.80373498848394
40.560204081632655,-73.93428571428572,771.9374174032888,0,0.7203274847159029,0.0,72.23949814937274
40.560204081632655,-73.9226530612245,726.551385455326,1,0.6642955729327106,0.00012591286829513975,66.6148128376816
40.560204081632655,-73.91102040816327,701.5367540672394,2,0.6334134367540429,0.0002518257365902795,63.51232361983623
40.560204081632655,-73.89938775510204,676.4937971808206,2,0.6024963309656598,0.0002518257365902795,60.4117391582219
40.560204081632655,-73.88775510204081,749.2792978754788,0,0.6923546106825239,0.0,69.4341819219017
40.560204081632655,-73.87612244897959,828.5356885229128,0,0.7902016111451978,0.0,79.24696618853673
40.560204081632655,-73.86448979591837,872.7341761927171,0,0.8447674248057628,0.0,84.71920913162816
40.560204081632655,-73.85285714285715,821.4037062093358,0,0.7813967302890831,0.0,78.3639509103378
40.560204081632655,-73.84122448979592,783.494351925054,0,0.734595247457315,0.0,73.67036958219114
40.560204081632655,-73.82959183673469,763.6632204259446,0,0.7101124679979208,0.0,71.21506454528011
40.560204081632655,-73.81795918367347,731.5395128900306,0,0.6704537300658377,0.0,67.23780783046644
40.560204081632655,-73.80632653061224,704.3186196465344,0,0.636847824825476,0.0,63.86757167964598
40.560204081632655,-73.79469387755103,684.1772552590014,0,0.6119820433478327,0.0,61.373856510988524
40.560204081632655,-73.7830612244898,666.841598549595,0,0.5905800845125931,0.0,59.22751779911637
40.560204081632655,-73.77142857142857,646.2416263986696,0,0.5651481228989346,0.0,56.6770221108262
40.560204081632655,-73.75979591836735,643.8231998424824,0,0.5621624231663432,0.0,56.377595176711395
40.560204081632655,-73.74816326530612,637.0109521656311,0,0.5537522748345344,0.0,55.53416644777531
40.560204081632655,-73.73653061224489,621.6393132520453,0,0.5347750195292754,0.0,53.63099403162752
40.560204081632655,-73.72489795918368,599.2590389558077,0,0.5071451629141782,0.0,50.86007799945508
40.560204081632655,-73.71326530612245,573.8416813413766,0,0.4757658358726217,0.0,47.71313874495598
40.560204081632655,-73.70163265306122,543.8669082703157,0,0.4387600927319883,0.0,44.00194297657808
40.560204081632655,-73.69,512.7751202096257,0,0.40037532431258277,0.0,40.152448870031
40.56897959183674,-74.26,542.6689574645168,0,0.43728114709628946,0.0,43.853623923397386
40.56897959183674,-74.24836734693878,591.3982884710406,0,0.49744057190218677,0.0,49.886833469256885
40.56897959183674,-74.23673469387755,649.1689067606102,0,0.568762034667934,0.0,57.03945055911955
40.56897959183674,-74.22510204081632,717.937323823839,0,0.653660971917494,0.0,65.55371212827538
40.56897959183674,-74.21346938775511,797.8211920918026,0,0.7522826329788241,0.0,75.44418479924097
40.56897959183674,-74.20183673469388,880.6269182064382,0,0.8545115113729114,0.0,85.69641455342666
40.56897959183674,-74.19020408163266,886.6199108041773,1,0.8619102377682669,0.00012591286829513975,86.43299903434931
40.56897959183674,-74.17857142857143,801.063242549858,6,0.7562851482344143,0.0007554772097708386,75.8131146084048
40.56897959183674,-74.1669387755102,871.7723936525751,9,0.843580043751926,0.001133215814656258,84.55142443383903
40.56897959183674,-74.15530612244898,873.6242274990748,8,0.8458662491387102,0.001007302946361118,84.78611291750224
40.56897959183674,-74.14367346938776,793.4185350237647,10,0.7468472758466829,0.0012591286829513977,74.84497147771823
40.56897959183674,-74.13204081632654,850.6733928048955,39,0.8175319998170396,0.004910601863510451,81.7767910571132
40.56897959183674,-74.12040816326531,910.332223274572,48,0.8911845793110571,0.0060438176781667085,89.11448311289836
40.56897959183674,-74.10877551020408,974.6338953140063,133,0.9705690388151682,0.01674641148325359,96.61571502169222
40.56897959183674,-74.09714285714286,931.7349918412997,84,0.9176076436058592,0.01057668093679174,91.5695503846387
40.56897959183674,-74.08551020408163,957.4020984691475,43,0.9492953015167843,0.00541425333669101,94.96929314768245
40.56897959183674,-74.07387755102042,871.1743695760816,0,0.8428417454063749,0.0,84.52608847975796
40.56897959183674,-74.06224489795919,812.3532508072341,0,0.7702233737094704,0.0,77.24340825566794
40.56897959183674,-74.05061224489796,738.2583448239078,0,0.6787485507859383,0.0,68.06967069669514
40.56897959183674,-74.03897959183674,668.6353524095146,0,0.5927945865019939,0.0,59.44960360836213
40.56897959183674,-74.02734693877551,739.6839646306273,0,0.6805085681264731,0.0,68.24617759406082
40.56897959183674,-74.01571428571428,832.5941689058988,0,0.7952120605066669,0.0,79.74944923278449
40.56897959183674,-74.00408163265307,936.6845482494938,11,0.9237181823801641,0.0013850415512465374,92.57741617947748
40.56897959183674,-73.99244897959184,956.8313886853175,134,0.9485907243839335,0.01687232435154873,94.40616356936849
40.56897959183674,-73.98081632653061,935.6736904880465,1,0.9224702148781867,0.00012591286829513975,92.50637877784686
40.56897959183674,-73.96918367346939,915.929811069172,0,0.8980951536010789,0.0,90.06728823087128
40.56897959183674,-73.95755102040816,902.0140309103768,0,0.8809152475201528,0.0,88.34436661553278
40.56897959183674,-73.94591836734693,891.6671673497731,0,0.8681413935087426,0.0,87.06331484005932
40.56897959183674,-73.93428571428572,862.3249262249612,0,0.8319165508498458,0.0,83.43043325530238
40.56897959183674,-73.9226530612245,798.328750126259,0,0.7529092453040461,0.0,75.50702588314896
40.56897959183674,-73.91102040816327,779.0030514106545,0,0.7290504544138698,0.0,73.11429880147037
40.56897959183674,-73.89938775510204,724.4254098316197,0,0.6616709222750521,0.0,66.35700619425094
40.56897959183674,-73.88775510204081,768.4448761074764,1,0.7160157227621262,0.00012591286829513975,71.8016726301563
40.56897959183674,-73.87612244897959,871.6858105460972,0,0.8434731514598294,0.0,84.58941031239358
40.56897959183674,-73.86448979591837,989.6983558447448,2,0.989167063081478,0.0002518257365902795,99.18979529211212
40.56897959183674,-73.85285714285715,860.8800286896651,1,0.8301327339405754,0.00012591286829513975,83.24612781582627
40.56897959183674,-73.84122448979592,889.9784383638751,0,0.8660565513336865,0.0,86.8542322274389
40.56897959183674,-73.82959183673469,852.4791649996317,0,0.8197613391968738,0.0,82.21142327950446
40.56897959183674,-73.81795918367347,817.0399054894998,0,0.7760093437633425,0.0,77.82366596048658
40.56897959183674,-73.80632653061224,784.684219546704,0,0.7360642138936495,0.0,73.81768785118783
40.56897959183674,-73.79469387755103,761.6392048285032,0,0.7076136934072347,0.0,70.9644698834774
40.56897959183674,-73.7830612244898,739.9513928858181,0,0.6808387251320549,0.0,68.27928805687084
40.56897959183674,-73.77142857142857,716.7759364732713,0,0.652227166167572,0.0,65.40992001980281
40.56897959183674,-73.75979591836735,714.0327323391384,0,0.6488405080824754,0.0,65.07028216665691
40.56897959183674,-73.74816326530612,705.0650948490639,0,0.6377693954255326,0.0,63.95999325048686
40.56897959183674,-73.73653061224489,680.3594280735255,0,0.6072686954987558,0.0,60.90116889258531
40.56897959183674,-73.72489795918368,653.1262298966012,0,0.5736475990439444,0.0,57.52940926011044
40.56897959183674,-73.71326530612245,616.6799120643594,0,0.5286523267553295,0.0,53.0169674080466
40.56897959183674,-73.70163265306122,576.8210731439607,0,0.47944408249355047,0.0,48.08201914394605
40.56897959183674,-73.69,537.9647968312653,0,0.43147356484458427,0.0,43.271198795623945
40.57775510204082,-74.26,531.877554217721,0,0.42395848087522414,0.0,42.51753340590042
40.57775510204082,-74.24836734693878,576.0136678289573,0,0.47844728983638624,0.0,47.98205377702558
40.57775510204082,-74.23673469387755,626.1325747679962,0,0.540322233552507,0.0,54.187307605200886
40.57775510204082,-74.22510204081632,681.289296446896,0,0.6084166765059171,0.0,61.01629648885501
40.57775510204082,-74.21346938775511,739.4986034570135,0,0.6802797280961336,0.0,68.22322790895372
40.57775510204082,-74.20183673469388,792.2790078113784,0,0.7454404578126195,0.0,74.75800342931635
40.57775510204082,-74.19020408163266,827.0540773823761,0,0.7883724689805176,0.0,79.06352696842634
40.57775510204082,-74.17857142857143,813.6015953771996,0,0.7717645336174247,0.0,77.39796659292544
40.57775510204082,-74.1669387755102,792.4335395342144,29,0.7456312369464195,0.003651473180559053,74.6201952274378
40.57775510204082,-74.15530612244898,780.0914784241086,24,0.7303941860375162,0.0030219088390833542,73.1191755422651
40.57775510204082,-74.14367346938776,836.8713213203108,4,0.8004924742481102,0.000503651473180559,80.25735918371787
40.57775510204082,-74.13204081632654,881.8520426884752,16,0.8560240046214869,0.002014605892722236,85.76150992891456
40.57775510204082,-74.12040816326531,944.8645516277317,38,0.9338169111741056,0.004784688995215311,93.44407024945805
40.57775510204082,-74.10877551020408,938.9179823208444,104,0.9264754972519066,0.013094938302694535,92.35064593154814
40.57775510204082,-74.09714285714286,974.5860436668128,104,0.9705099629462466,0.013094938302694535,96.76673135176432
40.57775510204082,-74.08551020408163,938.5551290657938,29,0.9260275320805835,0.003651473180559053,92.7116024068235
40.57775510204082,-74.07387755102042,984.0696836980013,17,0.9822181132031443,0.002140518761017376,98.41172949067271
40.57775510204082,-74.06224489795919,863.3878420868699,0,0.8332287873519421,0.0,83.56203354597032
40.57775510204082,-74.05061224489796,777.4144233006263,0,0.7270891930676596,0.0,72.91760974212416
40.57775510204082,-74.03897959183674,710.1426193680827,0,0.6440379188834293,0.0,64.58864479904554
40.57775510204082,-74.02734693877551,734.6829583566628,0,0.6743345112560409,0.0,67.6269998182168
40.57775510204082,-74.01571428571428,821.8308769495461,5,0.781924099442202,0.0006295643414756988,78.38978042087216
40.57775510204082,-74.00408163265307,910.9733384261096,596,0.8919760762997123,0.0750440695039033,86.22821866388396
40.57775510204082,-73.99244897959184,965.3044767351573,2034,0.9590512846436228,0.2561067741123143,85.1728889436929
40.57775510204082,-73.98081632653061,987.9305891810105,1448,0.9869846439206843,0.18232183329136237,91.14553033989759
40.57775510204082,-73.96918367346939,978.2584443355422,377,0.9750437726112711,0.04746915134726769,95.74400471225741
40.57775510204082,-73.95755102040816,956.9820009342036,433,0.948776664680559,0.054520271971795514,92.80669644951207
40.57775510204082,-73.94591836734693,987.6157061504233,84,0.9865959010093825,0.01057668093679174,98.48817725751977
40.57775510204082,-73.93428571428572,929.4940688962856,26,0.9148410832484364,0.0032737345756736337,91.60598203186532
40.57775510204082,-73.9226530612245,908.2098599204317,0,0.8885643882274342,0.0,89.11147615625211
40.57775510204082,-73.91102040816327,859.1463874273986,0,0.827992444734804,0.0,83.03689633987106
40.57775510204082,-73.89938775510204,768.154495326809,0,0.7156572294198453,0.0,71.77113215477277
40.57775510204082,-73.88775510204081,749.3990440432832,0,0.6925024448601952,0.0,69.44900777129783
40.57775510204082,-73.87612244897959,846.0015464985692,0,0.8117643116348949,0.0,81.40942520221064
40.57775510204082,-73.86448979591837,957.1400773583724,0,0.94897181997116,0.0,95.16955757928753
40.57775510204082,-73.85285714285715,880.4562127420802,7,0.8543007647376738,0.0008813900780659784,85.63739712133247
40.57775510204082,-73.84122448979592,967.5902725874191,82,0.9618732434281044,0.01032485520020146,96.01963906665902
40.57775510204082,-73.82959183673469,969.394598674465,49,0.9641007974970167,0.006169730546461848,96.42162172008145
40.57775510204082,-73.81795918367347,919.8127072588799,0,0.9028888332295261,0.0,90.54803208418193
40.57775510204082,-73.80632653061224,884.6122023155226,0,0.859431595329297,0.0,86.18983512032653
40.57775510204082,-73.79469387755103,858.4368021579054,0,0.8271164170779143,0.0,82.94904213516354
40.57775510204082,-73.7830612244898,828.7194701047636,0,0.79042850107013,0.0,79.26972030338035
40.57775510204082,-73.77142857142857,803.872294474542,0,0.7597530995595876,0.0,76.19337564394247
40.57775510204082,-73.75979591836735,801.0840705763078,0,0.7563108617434072,0.0,75.84816386509478
40.57775510204082,-73.74816326530612,788.2390726686975,0,0.7404529037170322,0.0,74.25781648309678
40.57775510204082,-73.73653061224489,753.4279720023194,0,0.6974764098950849,0.0,69.94783191109124
40.57775510204082,-73.72489795918368,711.8533617836614,0,0.6461499380223436,0.0,64.80045290843235
40.57775510204082,-73.71326530612245,658.8379353895746,0,0.5806990588120244,0.0,58.23657915946184
40.57775510204082,-73.70163265306122,606.774803874551,0,0.5164238475410492,0.0,51.7906096467319
40.57775510204082,-73.69,559.5984891816667,0,0.4581817190782972,0.0,45.94968004099863
40.5865306122449,-74.26,526.8845248509803,0,0.41779427199860597,0.0,41.89934325602653
40.5865306122449,-74.24836734693878,573.2388771332603,0,0.47502163615385284,0.0,47.63850517155016
40.5865306122449,-74.23673469387755,628.3917431038893,0,0.543111318992831,0.0,54.467016677504574
40.5865306122449,-74.22510204081632,694.9250692088674,0,0.6252508958395316,0.0,62.704550209836384
40.5865306122449,-74.21346938775511,776.0461166800968,0,0.7253999324611856,0.0,72.74819882688841
40.5865306122449,-74.20183673469388,872.4375393228758,1,0.8444012079278114,0.00012591286829513975,84.67707057737012
40.5865306122449,-74.19020408163266,935.4114438964631,40,0.9221464549623188,0.005036514731805591,92.26285144466438
40.5865306122449,-74.17857142857143,895.3888153444823,0,0.8727360020959558,0.0,87.52409445152173
40.5865306122449,-74.1669387755102,898.271297122548,89,0.876294607194776,0.011206245278267439,87.39933023101749
40.5865306122449,-74.15530612244898,866.6341775639667,58,0.8372365927331195,0.007302946361118106,83.6500826654769
40.5865306122449,-74.14367346938776,935.7852770565895,12,0.92260797551723,0.0015109544195416771,92.46066508539039
40.5865306122449,-74.13204081632654,940.8697818306525,0,0.9288851165391233,0.0,93.15512191468436
40.5865306122449,-74.12040816326531,936.4543427563182,0,0.9234339792160626,0.0,92.60844358723371
40.5865306122449,-74.10877551020408,935.6269404270043,18,0.9224124989866723,0.002266431629312516,92.40859080085909
40.5865306122449,-74.09714285714286,963.436455821652,123,0.956745095304253,0.01548728280030219,95.28347044013218
40.5865306122449,-74.08551020408163,921.208614803902,56,0.9046121689137263,0.007051120624527827,90.41780204991355
40.5865306122449,-74.07387755102042,940.9730598692703,11,0.9290126197752644,0.0013850415512465374,93.10837953783962
40.5865306122449,-74.06224489795919,934.0885690965457,0,0.9205132827966146,0.0,92.31553564179997
40.5865306122449,-74.05061224489796,837.5146240476432,0,0.8012866719367098,0.0,80.35865392158212
40.5865306122449,-74.03897959183674,751.1024226216605,0,0.6946053728788077,0.0,69.65990415930494
40.5865306122449,-74.02734693877551,751.219200686169,0,0.6947495427462298,0.0,69.6743625259393
40.5865306122449,-74.01571428571428,809.9095919757534,0,0.7672065231456068,0.0,76.94085729745885
40.5865306122449,-74.00408163265307,899.4504464001923,0,0.877750341161119,0.0,88.02696758256857
40.5865306122449,-73.99244897959184,990.6277151662172,106,0.9903144156320454,0.013346764039284816,98.74203742114724
40.5865306122449,-73.98081632653061,923.6116830342057,214,0.9075789078267855,0.02694535381515991,89.86027028963075
40.5865306122449,-73.96918367346939,990.2225717592781,189,0.9898142406076419,0.023797532107781415,98.2427007554733
40.5865306122449,-73.95755102040816,996.0024233760277,274,0.9969498310527587,0.034500125912868294,98.49830875927353
40.5865306122449,-73.94591836734693,927.474208194159,145,0.9123474381374107,0.018257365902795267,90.71190303547277
40.5865306122449,-73.93428571428572,919.267249084093,267,0.9022154307966781,0.033618735834802314,89.03556017704936
40.5865306122449,-73.9226530612245,947.2695383373755,28,0.9367860185706063,0.0035255603122639136,93.79595073002449
40.5865306122449,-73.91102040816327,883.9107505326175,0,0.8585656089732973,0.0,86.10298792778008
40.5865306122449,-73.89938775510204,780.7388687173814,0,0.7311934300834276,0.0,73.3292114491201
40.5865306122449,-73.88775510204081,722.9342327342428,1,0.6598299703348354,0.00012591286829513975,66.16697085268186
40.5865306122449,-73.87612244897959,792.923417997682,0,0.7462360227289918,0.0,74.83778826541302
40.5865306122449,-73.86448979591837,838.5376848338542,0,0.8025497048404794,0.0,80.48531972991296
40.5865306122449,-73.85285714285715,812.1438395298103,0,0.7699648423129282,0.0,77.21748091187177
40.5865306122449,-73.84122448979592,856.5256723300768,0,0.8247570070717278,0.0,82.71242393248208
40.5865306122449,-73.82959183673469,937.9267296026441,14,0.9252517334092174,0.0017627801561319568,92.71497618220411
40.5865306122449,-73.81795918367347,942.374455840591,320,0.9307427312670202,0.040292117854444726,91.60965520584078
40.5865306122449,-73.80632653061224,988.7613474307942,380,0.9880102672450236,0.04784688995215311,97.0281405792929
40.5865306122449,-73.79469387755103,982.9248800931537,9,0.9808047811306368,0.001133215814656258,98.31328466027097
40.5865306122449,-73.7830612244898,922.0701518128677,0,0.9056757905526409,0.0,90.82752773394871
40.5865306122449,-73.77142857142857,909.7737345125915,0,0.8904950897985332,0.0,89.3051004667661
40.5865306122449,-73.75979591836735,909.780205738018,0,0.8905030789334424,0.0,89.30590167331276
40.5865306122449,-73.74816326530612,886.8415616232728,0,0.8621838796490215,0.0,86.46585351784707
40.5865306122449,-73.73653061224489,840.8705661918608,0,0.8054297936440644,0.0,80.77415525849018
40.5865306122449,-73.72489795918368,766.7397372970962,0,0.7139106216263658,0.0,71.5959700609447
40.5865306122449,-73.71326530612245,692.6861033699194,0,0.6224867516526735,0.0,62.427342421562294
40.5865306122449,-73.70163265306122,628.7829314129312,0,0.543594265570932,0.0,54.51544995150179
40.5865306122449,-73.69,574.7091378848272,0,0.47683676554926996,0.0,47.820539092764236
40.59530612244898,-74.26,526.9690750671604,0,0.4178986545597359,0.0,41.90981147220816
40.59530612244898,-74.24836734693878,573.3522998582243,0,0.4751616636435149,0.0,47.65254811145588
40.59530612244898,-74.23673469387755,628.554394172862,0,0.5433121219702441,0.0,54.48715461007415
40.59530612244898,-74.22510204081632,695.1817788068835,0,0.6255678199884951,0.0,62.7363335888665
40.59530612244898,-74.21346938775511,776.5185961457807,0,0.7259832380863815,0.0,72.80669681082757
40.59530612244898,-74.20183673469388,873.600264366877,0,0.8458366651444343,0.0,84.82644006076195
40.59530612244898,-74.19020408163266,924.983185535036,12,0.9092721139485513,0.0015109544195416771,91.12325124577993
40.59530612244898,-74.17857142857143,871.5302834483329,15,0.8432811434730589,0.0018886930244270965,84.48897808960834
40.59530612244898,-74.1669387755102,942.1347980451968,28,0.9304468586411629,0.0035255603122639136,93.16021526010528
40.59530612244898,-74.15530612244898,892.9689046065859,58,0.8697484700476711,0.007302946361118106,86.91060201387228
40.59530612244898,-74.14367346938776,921.6075380809572,7,0.9051046647964649,0.0008813900780659784,90.73236895310343
40.59530612244898,-74.13204081632654,897.8521083339194,7,0.8757770922630483,0.0008813900780659784,87.79119404765203
40.59530612244898,-74.12040816326531,820.5021121376603,18,0.780283655686168,0.002266431629312516,78.15491239703046
40.59530612244898,-74.10877551020408,889.0881856345776,6,0.864957478331448,0.0007554772097708386,86.71153894387064
40.59530612244898,-74.09714285714286,922.8341054613732,32,0.9066189393938655,0.004029211785444472,90.74893718657945
40.59530612244898,-74.08551020408163,990.455929530267,167,0.9901023354570211,0.02102744900528834,98.39065152323766
40.59530612244898,-74.07387755102042,947.1541331690629,245,0.9366435436299102,0.030848652732309242,92.60731167197437
40.59530612244898,-74.06224489795919,962.6961714045946,55,0.9558311676183388,0.006925207756232687,95.55981464286167
40.59530612244898,-74.05061224489796,860.9738355506584,0,0.8302485444120847,0.0,83.26315385734728
40.59530612244898,-74.03897959183674,779.0186279900305,0,0.7290696846810693,0.0,73.11622734769585
40.59530612244898,-74.02734693877551,840.4700320352047,0,0.804935309029114,0.0,80.72456486914014
40.59530612244898,-74.01571428571428,884.5324127393325,0,0.8593330900777378,0.0,86.17995632201783
40.59530612244898,-74.00408163265307,972.9011703215309,110,0.9684298808020987,0.013850415512465374,96.52565558301374
40.59530612244898,-73.99244897959184,996.6256650368684,215,0.9977192620926848,0.02707126668345505,98.89476620702683
40.59530612244898,-73.98081632653061,956.9822003538858,889,0.9487769108767026,0.11193653991437925,90.33896120532201
40.59530612244898,-73.96918367346939,912.3106800754925,171,0.8936271087012257,0.0215311004784689,88.69379133925435
40.59530612244898,-73.95755102040816,970.9102154459854,467,0.9659719217525218,0.05880130949383027,94.34715792578639
40.59530612244898,-73.94591836734693,958.765351218592,389,0.9509783228014528,0.04898010576680937,93.26561137209633
40.59530612244898,-73.93428571428572,948.4227624488381,799,0.938209746288284,0.10060438176781666,89.76626962187962
40.59530612244898,-73.9226530612245,957.7144717696931,18,0.9496809460084565,0.002266431629312516,95.143262141275
40.59530612244898,-73.91102040816327,910.9279663989663,15,0.8919200616777415,0.0018886930244270965,89.36683033902021
40.59530612244898,-73.89938775510204,822.8161188252037,0,0.7831404425216156,0.0,78.53882261698212
40.59530612244898,-73.88775510204081,734.4636150417391,0,0.674063718134357,0.0,67.59984278252425
40.59530612244898,-73.87612244897959,720.7005124759614,0,0.6570723021473223,0.0,65.89582427733738
40.59530612244898,-73.86448979591837,743.4627976802911,0,0.6851737752616758,0.0,68.71403732364317
40.59530612244898,-73.85285714285715,730.9463879293359,0,0.6697214799869554,0.0,67.16437265085621
40.59530612244898,-73.84122448979592,803.8030359999939,0,0.7596675956155423,0.0,76.18480070804361
40.59530612244898,-73.82959183673469,917.0502803517539,0,0.8994784434218192,0.0,90.20601424725372
40.59530612244898,-73.81795918367347,938.3388748394361,3,0.9257605526330762,0.0003777386048854193,92.8255334434548
40.59530612244898,-73.80632653061224,934.2647592401418,26,0.9207308006134257,0.0032737345756736337,92.1966442455337
40.59530612244898,-73.79469387755103,973.9829390691257,165,0.9697653923776544,0.02077562326869806,96.36194357815666
40.59530612244898,-73.7830612244898,972.2836807803044,226,0.9676675511157159,0.028456308234701588,95.82144031704942
40.59530612244898,-73.77142857142857,930.3431626695559,117,0.9158893429300514,0.014731805590531352,91.21863923734274
40.59530612244898,-73.75979591836735,952.0796237025983,168,0.9427243715679073,0.02115336187358348,93.63384487249424
40.59530612244898,-73.74816326530612,988.1372853195908,100,0.9872398233075083,0.012591286829513977,98.46616623918129
40.59530612244898,-73.73653061224489,904.0227026870441,11,0.883395079198777,0.0013850415512465374,88.5335322524361
40.59530612244898,-73.72489795918368,793.504728200141,0,0.7469536867455376,0.0,74.90976065227201
40.59530612244898,-73.71326530612245,708.0619906954297,0,0.6414692518897309,0.0,64.33104083629961
40.59530612244898,-73.70163265306122,639.0596396723494,0,0.5562815084493914,0.0,55.78781575439849
40.59530612244898,-73.69,582.0706307006013,0,0.48592499155939983,0.0,48.731970212595506
40.60408163265306,-74.26,519.9904991912289,0,0.4092831636020591,0.0,41.04578954287903
40.60408163265306,-74.24836734693878,563.4816431383928,0,0.4629757169363452,0.0,46.430455808608194
40.60408163265306,-74.23673469387755,613.8694836169727,0,0.5251826760262792,0.0,52.669006469808835
40.60408163265306,-74.22510204081632,671.7818437191261,0,0.5966791279769762,0.0,59.839172703874056
40.60408163265306,-74.21346938775511,735.5245826829222,0,0.6753735494354003,0.0,67.73120186274181
40.60408163265306,-74.20183673469388,793.8838019027303,0,0.7474216770798141,0.0,74.95669400911903
40.60408163265306,-74.19020408163266,812.7894425514144,7,0.770761879859523,0.0008813900780659784,77.25953115397186
40.60408163265306,-74.17857142857143,811.7429552854713,38,0.7694699254927085,0.004784688995215311,76.9622005167368
40.60408163265306,-74.1669387755102,927.6946837002708,62,0.9126196290203452,0.007806597834298665,91.18837585058542
40.60408163265306,-74.15530612244898,990.6391969652562,19,0.9903285906353064,0.0023923444976076554,99.21428160908418
40.60408163265306,-74.14367346938776,869.0768663560668,18,0.8402522457223404,0.002266431629312516,84.16898369218192
40.60408163265306,-74.13204081632654,873.7604271883203,39,0.8460343962237309,0.004910601863510451,84.63521150637028
40.60408163265306,-74.12040816326531,924.0481525190171,70,0.9081177568651206,0.008813900780659783,90.69360246575975
40.60408163265306,-74.10877551020408,859.9678492587842,2,0.829006591045771,0.0002518257365902795,83.12777854456391
40.60408163265306,-74.09714285714286,903.8392255267066,9,0.883168565101355,0.001133215814656258,88.52163933669868
40.60408163265306,-74.08551020408163,942.8540149542591,63,0.9313347771630501,0.007932510702593805,93.05985056577087
40.60408163265306,-74.07387755102042,896.591018441786,44,0.8742201974530391,0.00554016620498615,87.43482279696605
40.60408163265306,-74.06224489795919,945.5755809142522,54,0.9346947215608621,0.006799294887937547,93.44551517095849
40.60408163265306,-74.05061224489796,877.0887714943518,0,0.8501434466635991,0.0,85.25835435278172
40.60408163265306,-74.03897959183674,874.4677374386235,0,0.8469076152263038,0.0,84.93384245494909
40.60408163265306,-74.02734693877551,912.0466039539372,0,0.8933010901155075,0.0,89.58650588167285
40.60408163265306,-74.01571428571428,962.5046238629428,162,0.9555946901274572,0.020397884663812642,94.9570413156616
40.60408163265306,-74.00408163265307,965.5911402006491,476,0.9594051887264542,0.05993452530848653,93.6398940395889
40.60408163265306,-73.99244897959184,910.554150402581,251,0.8914585623125486,0.03160412994208008,88.04337394095897
40.60408163265306,-73.98081632653061,911.2585497198961,283,0.8923281875852139,0.03563334172752455,87.95740993386818
40.60408163265306,-73.96918367346939,941.3453336325683,213,0.9294722151566855,0.02681944094686477,92.06129663293139
40.60408163265306,-73.95755102040816,995.2163689080171,209,0.9959793973594397,0.02631578947368421,98.75275088008088
40.60408163265306,-73.94591836734693,901.9764304755141,120,0.8808688274177818,0.015109544195416772,87.69030077264466
40.60408163265306,-73.93428571428572,996.1822508923373,139,0.9971718394350205,0.017501888693024426,99.25116014144541
40.60408163265306,-73.9226530612245,943.1492922015829,21,0.9316993155014667,0.002644170234197935,93.32370270823046
40.60408163265306,-73.91102040816327,928.0215768091372,8,0.9130231991288653,0.001007302946361118,91.52108342393059
40.60408163265306,-73.89938775510204,833.6720592152176,5,0.7965427839061692,0.0006295643414756988,79.85584474812399
40.60408163265306,-73.88775510204081,781.6649299121267,0,0.7323367108890575,0.0,73.44386767617644
40.60408163265306,-73.87612244897959,723.4253296300755,0,0.6604362603488169,0.0,66.23318562676205
40.60408163265306,-73.86448979591837,667.5721729792087,0,0.5914820246081297,0.0,59.317970685122866
40.60408163265306,-73.85285714285715,703.1809861837529,0,0.6354433447444399,0.0,63.7267205551677
40.60408163265306,-73.84122448979592,780.3162922048508,0,0.7306717327934132,0.0,73.27689198163317
40.60408163265306,-73.82959183673469,877.5206031531288,0,0.850676570013918,0.0,85.31181970582729
40.60408163265306,-73.81795918367347,960.8966558560825,46,0.9536095524618888,0.0057919919415764295,95.38572126345738
40.60408163265306,-73.80632653061224,851.1435100502526,0,0.8181123891326294,0.0,82.04605498849531
40.60408163265306,-73.79469387755103,847.7125919972684,0,0.8138767049489892,0.0,81.62127083651188
40.60408163265306,-73.7830612244898,875.7389271809609,0,0.8484769789367953,0.0,85.09122926756592
40.60408163265306,-73.77142857142857,932.6579679702558,4,0.9187471157036834,0.000503651473180559,92.11676498711276
40.60408163265306,-73.75979591836735,927.2196063912555,300,0.9120331161941202,0.03777386048854193,89.84155871635018
40.60408163265306,-73.74816326530612,956.4535872119175,323,0.9481243046966301,0.04066985645933014,93.33656617624256
40.60408163265306,-73.73653061224489,886.5619170133132,1,0.8618386407849176,0.00012591286829513975,86.42581878612067
40.60408163265306,-73.72489795918368,790.418048486408,0,0.7431429864485574,0.0,74.52759686858673
40.60408163265306,-73.71326530612245,706.9910433607275,0,0.6401471000291921,0.0,64.19844616386355
40.60408163265306,-73.70163265306122,638.4287347324554,0,0.555502616609359,0.0,55.709703011471866
40.60408163265306,-73.69,581.6646513479114,0,0.48542378450737556,0.0,48.68170565005221
40.612857142857145,-74.26,507.01490759259866,0,0.3932639794481596,0.0,39.43927327271826
40.612857142857145,-74.24836734693878,545.6321336014404,0,0.4409393744577942,0.0,44.220496650481564
40.612857142857145,-74.23673469387755,588.482310516565,0,0.4938406136662643,0.0,49.52580437923916
40.612857142857145,-74.22510204081632,634.412787689401,0,0.5505446773319091,0.0,55.2124860471639
40.612857142857145,-74.21346938775511,679.4009854169451,0,0.6060854377412958,0.0,60.782503496090015
40.612857142857145,-74.20183673469388,713.7778561357729,0,0.6485258473745513,0.0,65.03872578138761
40.612857142857145,-74.19020408163266,731.1949239625555,8,0.6700283133559592,0.001007302946361118,67.15185002167868
40.612857142857145,-74.17857142857143,821.0267938385316,6,0.7809314082548697,0.0007554772097708386,78.2848146239038
40.612857142857145,-74.1669387755102,920.8175447212535,19,0.9041293682935458,0.0023923444976076554,90.56961832056491
40.612857142857145,-74.15530612244898,906.046548325824,74,0.8858936439648032,0.009317552253840343,88.44316535428653
40.612857142857145,-74.14367346938776,854.2367434838155,40,0.8219311804090498,0.005036514731805591,82.21256002272175
40.612857142857145,-74.13204081632654,973.1189705825175,40,0.9686987689266201,0.005036514731805591,96.93144436917218
40.612857142857145,-74.12040816326531,983.6199484675319,43,0.9816628867672147,0.00541425333669101,98.21534187470046
40.612857142857145,-74.10877551020408,937.3981740524832,21,0.9245991983298545,0.002644170234197935,92.6116531027912
40.612857142857145,-74.09714285714286,980.748967316686,22,0.9781184799162292,0.002770083102493075,97.97353070672123
40.612857142857145,-74.08551020408163,978.8618995295328,1071,0.9757887760130569,0.1348526819440947,92.06296144051478
40.612857142857145,-74.07387755102042,975.527082782291,94,0.971671734937318,0.011835809619743138,96.93735954716036
40.612857142857145,-74.06224489795919,960.7925272696582,63,0.9534809991709705,0.007932510702593805,95.28082921465268
40.612857142857145,-74.05061224489796,860.3329201779077,0,0.8294572940629106,0.0,83.18380171634519
40.612857142857145,-74.03897959183674,954.3840406467334,120,0.945569319261804,0.015109544195416772,94.17892040746692
40.612857142857145,-74.02734693877551,966.6706715261499,166,0.9607379380636734,0.0209015361369932,95.45119531649851
40.612857142857145,-74.01571428571428,984.8451029473721,122,0.9831754170499655,0.015361369932007051,97.93950044697345
40.612857142857145,-74.00408163265307,922.7215975593739,208,0.9064800413107071,0.02618987660538907,89.78253876485157
40.612857142857145,-73.99244897959184,902.308849903133,218,0.8812792201144758,0.027449005288340468,87.20110591821593
40.612857142857145,-73.98081632653061,913.319624273061,235,0.894872713788208,0.029589524049357843,88.47235709223915
40.612857142857145,-73.96918367346939,955.6360871401081,93,0.9471150494271037,0.011709896751447998,94.4800544467632
40.612857142857145,-73.95755102040816,890.6217355556336,372,0.8668507421882718,0.046839587005791994,84.9207066848525
40.612857142857145,-73.94591836734693,967.5358078051604,127,0.9618060032278969,0.01599093427348275,95.76936680633477
40.612857142857145,-73.93428571428572,955.9946210134752,61,0.9475576820499959,0.0076806849660035256,94.69762089000847
40.612857142857145,-73.9226530612245,923.396363019612,128,0.9073130817224743,0.016116847141777888,90.29902224615154
40.612857142857145,-73.91102040816327,992.1036601716863,29,0.9921365625965147,0.003651473180559053,99.34148019011533
40.612857142857145,-73.89938775510204,920.1533163330993,17,0.9033093365601785,0.002140518761017376,90.49820328874387
40.612857142857145,-73.88775510204081,856.3056673320913,0,0.824485397060676,0.0,82.68518497338772
40.612857142857145,-73.87612244897959,763.1771873522316,0,0.7095124295909232,0.0,71.15488848048793
40.612857142857145,-73.86448979591837,684.7622326782409,0,0.6127042347742073,0.0,61.446282938295624
40.612857142857145,-73.85285714285715,684.6997721625215,0,0.6126271233380118,0.0,61.438549662014296
40.612857142857145,-73.84122448979592,761.17662720489,0,0.7070426122290234,0.0,70.90719785291925
40.612857142857145,-73.82959183673469,847.5709960227457,0,0.8137018958103007,0.0,81.60373974861265
40.612857142857145,-73.81795918367347,895.0230240014713,5,0.8722844096702036,0.0006295643414756988,87.45174682087277
40.612857142857145,-73.80632653061224,828.775116323069,0,0.7904971998274642,0.0,79.27660989715349
40.612857142857145,-73.79469387755103,750.3066618384681,0,0.6936229561287495,0.0,69.56138050929353
40.612857142857145,-73.7830612244898,795.8318618605172,0,0.7498266796547965,0.0,75.19788455474037
40.612857142857145,-73.77142857142857,892.751545020983,5,0.8694801259646349,0.0006295643414756988,87.17051355981145
40.612857142857145,-73.75979591836735,906.8186059709559,5,0.8868467976997049,0.0006295643414756988,88.91216534637512
40.612857142857145,-73.74816326530612,966.72251797202,104,0.9608019457628834,0.013094938302694535,95.79314322104312
40.612857142857145,-73.73653061224489,854.7094088192869,0,0.8225147155021918,0.0,82.487551189008
40.612857142857145,-73.72489795918368,756.0818253918434,0,0.7007527588646936,0.0,70.27640719156952
40.612857142857145,-73.71326530612245,680.4936599347204,0,0.6074344131762472,0.0,60.91778822491744
40.612857142857145,-73.70163265306122,621.970294114061,0,0.5351836362262286,0.0,53.67197298321508
40.612857142857145,-73.69,570.6917651375707,0,0.4718770661502882,0.0,47.32314561110985
40.621632653061226,-74.26,489.7317518750858,0,0.3719268363903752,0.0,37.299434742131524
40.621632653061226,-74.24836734693878,522.7214483746352,0,0.4126546921794956,0.0,41.38391010276068
40.621632653061226,-74.23673469387755,557.6428492364379,0,0.45576735853194267,0.0,45.70755101229846
40.621632653061226,-74.22510204081632,592.6680271034778,0,0.49900814412621386,0.0,50.04404061903165
40.621632653061226,-74.21346938775511,624.0353420980542,0,0.5377330678795583,0.0,53.92764789096249
40.621632653061226,-74.20183673469388,663.396985728749,0,0.5863274932764571,0.0,58.801038089191024
40.621632653061226,-74.19020408163266,738.7681189990996,0,0.6793778990763207,0.0,68.13278616240075
40.621632653061226,-74.17857142857143,833.1221558645357,11,0.7958638936240221,0.0013850415512465374,79.75529033815766
40.621632653061226,-74.1669387755102,951.6883605249628,78,0.9422413325598175,0.009821203727020902,94.07246021077161
40.621632653061226,-74.15530612244898,905.7645903086977,119,0.88554554905401,0.014983631327121633,88.16472701148439
40.621632653061226,-74.14367346938776,962.8511719714884,149,0.9560225255696242,0.018761017375975825,95.07030046311831
40.621632653061226,-74.13204081632654,967.7209927864805,43,0.962034625737765,0.00541425333669101,96.24688203331098
40.621632653061226,-74.12040816326531,967.4253986197855,22,0.9616696961424466,0.002770083102493075,96.323931170124
40.621632653061226,-74.10877551020408,941.3370158996458,16,0.9294619463921043,0.002014605892722236,93.1263823948383
40.621632653061226,-74.09714285714286,973.1561495466149,8,0.9687446686968155,0.001007302946361118,97.10922365617766
40.621632653061226,-74.08551020408163,926.5152672469083,780,0.9111635652087693,0.09821203727020901,87.15671200146018
40.621632653061226,-74.07387755102042,932.9645087459159,579,0.9191255595764465,0.07290355074288592,89.04295930672717
40.621632653061226,-74.06224489795919,897.5424017670229,0,0.8753947400218364,0.0,87.79073135980528
40.621632653061226,-74.05061224489796,882.6431554272631,0,0.8570006830683082,0.0,85.94604616946033
40.621632653061226,-74.03897959183674,978.9794692814063,86,0.975933923268338,0.01082850667338202,97.40809575508742
40.621632653061226,-74.02734693877551,901.9986426537897,539,0.8808962497492842,0.06786703601108034,85.42552584909666
40.621632653061226,-74.01571428571428,955.1008034843682,121,0.9464542080781223,0.015235457063711912,94.2622515172208
40.621632653061226,-74.00408163265307,874.9770106279358,279,0.8475363450180997,0.035129690254343995,83.48701645968445
40.621632653061226,-73.99244897959184,909.9823841387697,351,0.8907526808886953,0.044195416771594054,87.43140777100452
40.621632653061226,-73.98081632653061,959.6534248841097,59,0.9520747056123651,0.007428859229413246,95.16144323887893
40.621632653061226,-73.96918367346939,937.7212702964313,77,0.9249980809697631,0.009695290858725761,92.34859761722164
40.621632653061226,-73.95755102040816,977.3393680432483,346,0.9739091151071545,0.04356585243011836,95.79797767193764
40.621632653061226,-73.94591836734693,975.2498037485965,45,0.9713294165259372,0.005666079073281289,97.16820541105253
40.621632653061226,-73.93428571428572,952.0780051660136,162,0.9427223733826675,0.020397884663812642,93.66611500590108
40.621632653061226,-73.9226530612245,935.8679655098789,167,0.9227100596149433,0.02102744900528834,91.63208088797184
40.621632653061226,-73.91102040816327,975.81530159875,64,0.9720275591987692,0.008058423570888944,97.13539672988645
40.621632653061226,-73.89938775510204,977.3215652474984,28,0.9738871364357848,0.0035255603122639136,97.51671134548023
40.621632653061226,-73.88775510204081,876.8927650980694,0,0.8499014644361589,0.0,85.23408667586774
40.621632653061226,-73.87612244897959,796.536451208928,0,0.7506965395328048,0.0,75.28512021127285
40.621632653061226,-73.86448979591837,726.798407262895,0,0.6646005368948851,0.0,66.65080851944096
40.621632653061226,-73.85285714285715,663.2768718898333,0,0.5861792051856678,0.0,58.78616671820013
40.621632653061226,-73.84122448979592,715.9228151182427,0,0.6511739341828917,0.0,65.30429452081441
40.621632653061226,-73.82959183673469,767.8983546783923,0,0.7153410076749563,0.0,71.73941921775537
40.621632653061226,-73.81795918367347,787.5456305606244,0,0.7395968058085204,0.0,74.17196097349893
40.621632653061226,-73.80632653061224,758.2073625699146,0,0.7033768682336319,0.0,70.53957130500875
40.621632653061226,-73.79469387755103,703.2096381773771,0,0.6354787174331341,0.0,63.73026797676925
40.621632653061226,-73.7830612244898,747.7764380315224,0,0.6904992356566654,0.0,69.24811188627093
40.621632653061226,-73.77142857142857,800.1379565699946,0,0.7551428244803267,0.0,75.73102488665086
40.621632653061226,-73.75979591836735,815.0930224500962,0,0.7736057941681471,0.0,77.58262112988078
40.621632653061226,-73.74816326530612,844.460181251955,0,0.8098613992669887,0.0,81.21858778812252
40.621632653061226,-73.73653061224489,800.1999723325749,0,0.7552193868407916,0.0,75.73870309776242
40.621632653061226,-73.72489795918368,729.4856605988452,0,0.6679181201996272,0.0,66.9835190685849
40.621632653061226,-73.71326530612245,662.2140220139237,0,0.5848670501474387,0.0,58.6545745973008
40.621632653061226,-73.70163265306122,603.8568478234469,0,0.512821447220392,0.0,51.429335647309195
40.621632653061226,-73.69,554.3190346977141,0,0.4516639003747943,0.0,45.29602741471386
40.63040816326531,-74.26,469.8892208109369,0,0.34742998345076603,0.0,34.84271831780364
40.63040816326531,-74.24836734693878,497.421643212372,0,0.3814204910356453,0.0,38.25152509232586
40.63040816326531,-74.23673469387755,525.3275944834996,0,0.4158721435097513,0.0,41.70657871439831
40.63040816326531,-74.22510204081632,551.8354351289946,0,0.44859774045804246,0.0,44.98853136835763
40.63040816326531,-74.21346938775511,593.5569170036806,0,0.5001055346301962,0.0,50.154094644407124
40.63040816326531,-74.20183673469388,650.4957994668657,0,0.5704001671917888,0.0,57.20373399122003
40.63040816326531,-74.19020408163266,716.8912770528774,3,0.6523695613694466,0.0003777386048854193,65.40796514778798
40.63040816326531,-74.17857142857143,790.7202411645676,13,0.743516062321407,0.0016368672878368168,74.49465873162399
40.63040816326531,-74.1669387755102,877.8853946276353,463,0.8511269280390973,0.05829765802064971,82.85134255674397
40.63040816326531,-74.15530612244898,887.3179701803659,293,0.8627720359847507,0.03689247041047595,84.93919397211857
40.63040816326531,-74.14367346938776,906.8710817508304,214,0.8869115823513363,0.02694535381515991,87.78760576951315
40.63040816326531,-74.13204081632654,899.4097597014274,189,0.8777001108717967,0.023797532107781415,86.9991085846631
40.63040816326531,-74.12040816326531,958.6074976643653,493,0.9507834426578167,0.062075044069503905,92.68324498169227
40.63040816326531,-74.10877551020408,990.0029052069054,40,0.9895430484289914,0.005036514731805591,99.021855081642
40.63040816326531,-74.09714285714286,976.4607917630306,32,0.9728244574158981,0.004029211785444472,97.3884914144973
40.63040816326531,-74.08551020408163,978.3301079370793,112,0.9751322458358966,0.014102241249055654,97.18699230265993
40.63040816326531,-74.07387755102042,959.4371666138983,596,0.951807721172466,0.0750440695039033,92.2285561364488
40.63040816326531,-74.06224489795919,875.305297334985,0,0.847941635611251,0.0,85.0375412798166
40.63040816326531,-74.05061224489796,878.6328183309769,0,0.8520496696230789,0.0,85.4495237762391
40.63040816326531,-74.03897959183674,979.6884097056147,191,0.9768091548231549,0.024049357844371694,96.92763592565227
40.63040816326531,-74.02734693877551,882.1358569743016,372,0.8563743912127727,0.046839587005791994,83.8700646463841
40.63040816326531,-74.01571428571428,959.1643022112709,536,0.9514708529008726,0.06748929740619491,92.51947787529336
40.63040816326531,-74.00408163265307,919.5332598008581,487,0.9025438377618927,0.06131956685973306,87.87790920022698
40.63040816326531,-73.99244897959184,912.2981603389336,41,0.8936116522987974,0.00516242760010073,89.39576931418046
40.63040816326531,-73.98081632653061,944.8183176528285,89,0.933759832423398,0.011206245278267439,93.1623465251876
40.63040816326531,-73.96918367346939,900.490989977605,441,0.8790349576705112,0.05552757491815664,85.76921432559233
40.63040816326531,-73.95755102040816,982.3665468750467,246,0.9801154836468104,0.03097456560060438,96.96157131308235
40.63040816326531,-73.94591836734693,968.7742893963343,375,0.9633349866680294,0.04721732561067741,94.58058894981946
40.63040816326531,-73.93428571428572,936.9306216132135,157,0.9240219754287378,0.019768320322336944,91.81776656018764
40.63040816326531,-73.9226530612245,959.8283009519296,308,0.952290601119959,0.038781163434903045,93.83556795003011
40.63040816326531,-73.91102040816327,922.2699454804848,131,0.90592244840481,0.01649458574666331,90.14332450960637
40.63040816326531,-73.89938775510204,951.8517802886669,203,0.9424430845392369,0.025560312263913372,93.41622403564425
40.63040816326531,-73.88775510204081,938.0811784504634,565,0.9254424102285955,0.07114077058675397,89.75222200506002
40.63040816326531,-73.87612244897959,859.4617799637381,0,0.8283818166630113,0.0,83.07594529091618
40.63040816326531,-73.86448979591837,763.7647786504505,0,0.7102378480153433,0.0,71.22763853381831
40.63040816326531,-73.85285714285715,704.3148508254526,0,0.636843171978745,0.0,63.86710505950452
40.63040816326531,-73.84122448979592,681.6821182194554,0,0.6089016396974957,0.0,61.064932003011975
40.63040816326531,-73.82959183673469,692.4372445382667,0,0.6221795197686961,0.0,62.39653105092194
40.63040816326531,-73.81795918367347,702.8690197135419,0,0.6350582025104102,0.0,63.68809578755468
40.63040816326531,-73.80632653061224,686.972420087102,0,0.6154328501786035,0.0,61.71992765078909
40.63040816326531,-73.79469387755103,652.3321280154277,0,0.5726672303127938,0.0,57.43109099981584
40.63040816326531,-73.7830612244898,686.4492267614785,0,0.6147869351027823,0.0,61.655150751511336
40.63040816326531,-73.77142857142857,716.0387747610439,0,0.6513170936572272,0.0,65.3186515581353
40.63040816326531,-73.75979591836735,734.0839194696678,0,0.6735949600630816,0.0,67.5528324316201
40.63040816326531,-73.74816326530612,747.9317422673272,0,0.6906909685063259,0.0,69.26734020274104
40.63040816326531,-73.73653061224489,726.0517177008027,0,0.6636787016544623,0.0,66.55836040860589
40.63040816326531,-73.72489795918368,707.6030950056033,0,0.6409027162904188,0.0,64.2742246683115
40.63040816326531,-73.71326530612245,674.0255279511332,0,0.5994490973169112,0.0,60.11696467940164
40.63040816326531,-73.70163265306122,630.1436590291866,0,0.5452741694198164,0.0,54.68392250538534
40.63040816326531,-73.69,585.1637742482172,0,0.4897436718659637,0.0,49.1149342876757
40.63918367346939,-74.26,448.9313897696575,0,0.3215562225232099,0.0,32.24791589209767
40.63918367346939,-74.24836734693878,471.6472588505502,0,0.34960039201303145,0.0,35.060382128561876
40.63918367346939,-74.23673469387755,496.79918422073644,0,0.3806520262500926,0.0,38.17445804763898
40.63918367346939,-74.22510204081632,537.9238003556048,0,0.43142295211619547,0.0,43.266122995829605
40.63918367346939,-74.21346938775511,586.4444347268845,0,0.4913247277962812,0.0,49.27349367819691
40.63918367346939,-74.20183673469388,644.5261362485809,0,0.5630302423830764,0.0,56.46462618140215
40.63918367346939,-74.19020408163266,715.2183670238028,0,0.6503042486917971,0.0,65.21707635302614
40.63918367346939,-74.17857142857143,802.7519187050212,9,0.7583699251866045,0.001133215814656258,76.00595541729149
40.63918367346939,-74.1669387755102,910.4199946400286,378,0.8912929385836189,0.04759506421556283,87.33947124168196
40.63918367346939,-74.15530612244898,925.6069811229147,139,0.9100422288462546,0.017501888693024426,90.51319098653366
40.63918367346939,-74.14367346938776,900.8999330635492,154,0.8795398236376935,0.019390581717451522,87.37301929736684
40.63918367346939,-74.13204081632654,959.7773753572238,733,0.9522277302694442,0.09229413246033745,91.52926726671693
40.63918367346939,-74.12040816326531,975.5415157957125,428,0.971689553400402,0.05389070763031982,95.13162059084274
40.63918367346939,-74.10877551020408,934.4585382601908,111,0.9209700330047762,0.013976328380760513,91.76063703898424
40.63918367346939,-74.09714285714286,913.2583039317202,50,0.894797009969014,0.006295643414756988,89.46593951649182
40.63918367346939,-74.08551020408163,977.8063519984964,799,0.9744856361789818,0.10060438176781666,93.40427058148406
40.63918367346939,-74.07387755102042,979.0529449187271,1036,0.976024633565138,0.1304457315537648,92.27602629045654
40.63918367346939,-74.06224489795919,864.4664077749778,0,0.8345603445490491,0.0,83.69557145159963
40.63918367346939,-74.05061224489796,844.4849452836958,0,0.809891972022137,0.0,81.22165383868398
40.63918367346939,-74.03897959183674,946.9250605221472,74,0.9363607390357866,0.009317552253840343,93.50436001690919
40.63918367346939,-74.02734693877551,957.893243668965,523,0.9499016511650741,0.06585243011835809,92.4324601117854
40.63918367346939,-74.01571428571428,939.9136947308563,1265,0.9277047668647068,0.1592797783933518,86.19087904472458
40.63918367346939,-74.00408163265307,949.5749656898773,971,0.9396322136771987,0.12226139511458071,88.9781029102271
40.63918367346939,-73.99244897959184,962.7776918583422,148,0.9559318097471362,0.018635104507680685,95.06661459769481
40.63918367346939,-73.98081632653061,986.0545533385075,118,0.9846685596472285,0.014857718458826491,98.11089028811678
40.63918367346939,-73.96918367346939,912.2792861583242,246,0.8935883509354153,0.03097456560060438,88.28402287018123
40.63918367346939,-73.95755102040816,967.4269838405855,1153,0.9616716531972542,0.14517753714429615,90.20343338933222
40.63918367346939,-73.94591836734693,980.566843429549,1268,0.9778936365197107,0.15965751699823721,91.20793604626803
40.63918367346939,-73.93428571428572,959.147767490016,392,0.9514504397472447,0.049357844371694784,93.29672331179553
40.63918367346939,-73.9226530612245,947.135436890945,265,0.9366204618983462,0.033366910098212035,92.49676178901316
40.63918367346939,-73.91102040816327,944.1951950443828,453,0.9329905483611436,0.05703852933769831,91.11531877349964
40.63918367346939,-73.89938775510204,971.5772341668289,237,0.9667953983271405,0.029841349785948122,95.67444541468014
40.63918367346939,-73.88775510204081,928.4532282997657,118,0.9135561000502701,0.014857718458826491,90.9792335035948
40.63918367346939,-73.87612244897959,859.867589998898,83,0.8288828146818925,0.0104507680684966,82.677013288041
40.63918367346939,-73.86448979591837,830.3944619153117,0,0.7924963838379782,0.0,79.47710210756073
40.63918367346939,-73.85285714285715,759.3865895233064,0,0.7048326980955719,0.0,70.685572146083
40.63918367346939,-73.84122448979592,760.8762988744907,0,0.7066718380107745,0.0,70.87001401081777
40.63918367346939,-73.82959183673469,733.6549399843346,0,0.6730653579003161,0.0,67.49972020798741
40.63918367346939,-73.81795918367347,685.70962503364,0,0.6138738502396583,0.0,61.56358018995505
40.63918367346939,-73.80632653061224,684.821462829595,0,0.612777358122364,0.0,61.45361626110494
40.63918367346939,-73.79469387755103,663.1537303994414,0,0.5860271792686544,0.0,58.7709204917493
40.63918367346939,-73.7830612244898,692.9612478040939,0,0.622826434766654,0.0,62.4614082294128
40.63918367346939,-73.77142857142857,740.1222711625736,0,0.6810496851150692,0.0,68.3004446052824
40.63918367346939,-73.75979591836735,775.1966320500078,0,0.7243511902422382,0.0,72.64302359313385
40.63918367346939,-73.74816326530612,781.4654941115671,2,0.7320904948462851,0.0002518257365902795,73.40835189404751
40.63918367346939,-73.73653061224489,809.8032086495413,1,0.7670751862365693,0.00012591286829513975,76.92227415575925
40.63918367346939,-73.72489795918368,786.3223170708014,0,0.7380865483437669,0.0,74.02050175023581
40.63918367346939,-73.71326530612245,729.8727043989168,0,0.6683959501206633,0.0,67.0314392082836
40.63918367346939,-73.70163265306122,667.7521390654587,0,0.5917042040637006,0.0,59.340252401023065
40.63918367346939,-73.69,610.9169598534997,0,0.5215375996899655,0.0,52.30345261987445
40.64795918367347,-74.26,428.3158888946868,0,0.29610508972276833,0.0,29.695497582581034
40.64795918367347,-74.24836734693878,458.169453248946,0,0.33296119307698085,0.0,33.39168642243878
40.64795918367347,-74.23673469387755,492.3574485670234,0,0.3751684241454085,0.0,37.624523923926546
40.64795918367347,-74.22510204081632,531.8131021218386,0,0.42387891070802236,0.0,42.509553550809116
40.64795918367347,-74.21346938775511,577.6735723860244,0,0.4804965464406371,0.0,48.18756761873155
40.64795918367347,-74.20183673469388,631.1981500002546,0,0.5465760048641399,0.0,54.81447970494588
40.64795918367347,-74.19020408163266,693.259201501242,0,0.6231942773507606,0.0,62.49829806665718
40.64795918367347,-74.17857142857143,761.9399097475693,0,0.7079849325478849,0.0,71.00170035126186
40.64795918367347,-74.1669387755102,821.9392513272824,0,0.7820578944296077,0.0,78.43025709289961
40.64795918367347,-74.15530612244898,827.0834087169058,0,0.7884086803582986,0.0,79.0671584996586
40.64795918367347,-74.14367346938776,862.7509905472488,0,0.8324425540604317,0.0,83.48318455073944
40.64795918367347,-74.13204081632654,887.2452119213009,0,0.8626822113365394,0.0,86.5158297186475
40.64795918367347,-74.12040816326531,865.7038308613592,0,0.8360880211984223,0.0,83.84877759301011
40.64795918367347,-74.10877551020408,931.0611285630838,11,0.916775716994557,0.0013850415512465374,91.88117700213517
40.64795918367347,-74.09714285714286,944.0076635985591,22,0.932759028993224,0.002770083102493075,93.42456646401801
40.64795918367347,-74.08551020408163,977.9351483567608,389,0.974644643386145,0.04898010576680937,95.63903618005658
40.64795918367347,-74.07387755102042,938.85635131209,526,0.9263994098942456,0.06623016872324351,90.05925506682169
40.64795918367347,-74.06224489795919,825.9351754855098,0,0.7869911141960513,0.0,78.92499501106887
40.64795918367347,-74.05061224489796,801.5744483203238,0,0.7569162639192275,0.0,75.90887784628771
40.64795918367347,-74.03897959183674,874.0757505339083,0,0.8464236827316024,0.0,84.88531030631229
40.64795918367347,-74.02734693877551,903.8992308728973,2,0.8832426454763067,0.0002518257365902795,88.56695091657082
40.64795918367347,-74.01571428571428,948.7354699635517,796,0.938595803388373,0.10022664316293126,89.82122140141182
40.64795918367347,-74.00408163265307,993.653609041346,586,0.9940500719870868,0.0737849408209519,96.51903323511054
40.64795918367347,-73.99244897959184,909.711046313247,106,0.8904176972725784,0.013346764039284816,88.72369305115099
40.64795918367347,-73.98081632653061,965.2360190585921,64,0.9589667693350674,0.008058423570888944,95.82556901234443
40.64795918367347,-73.96918367346939,980.4235915334084,247,0.977716783041607,0.03110047846889952,96.71560101899925
40.64795918367347,-73.95755102040816,993.3054516455087,1829,0.9936202497785142,0.2302946361118106,89.74911712279491
40.64795918367347,-73.94591836734693,950.2261236366352,934,0.9404361091283696,0.11760261898766054,89.25895809781198
40.64795918367347,-73.93428571428572,963.2521776524436,416,0.9565175923109864,0.05237975321077814,93.67501084951056
40.64795918367347,-73.9226530612245,936.6592905189145,203,0.92368700012274,0.025560312263913372,91.53523218923513
40.64795918367347,-73.91102040816327,960.9620131451242,215,0.9536902401469936,0.02707126668345505,94.47922672414995
40.64795918367347,-73.89938775510204,980.0208867917069,751,0.9772196187028614,0.09456056408964997,93.9382177500343
40.64795918367347,-73.88775510204081,941.3468177617158,319,0.9294740474074882,0.04016620498614958,91.48783443422855
40.64795918367347,-73.87612244897959,972.0074612411784,92,0.9673265407170354,0.011583983883152859,96.5124164682314
40.64795918367347,-73.86448979591837,897.5970612824427,1,0.8754622206323825,0.00012591286829513975,87.79208703502267
40.64795918367347,-73.85285714285715,831.9029400533436,0,0.7943586950013333,0.0,79.66386774776369
40.64795918367347,-73.84122448979592,860.2242211146621,7,0.8293230982308167,0.0008813900780659784,83.13246133631326
40.64795918367347,-73.82959183673469,804.0033375241501,9,0.7599148804485594,0.001133215814656258,76.16089437929828
40.64795918367347,-73.81795918367347,765.7929504455507,0,0.7127417536935156,0.0,71.4787477771035
40.64795918367347,-73.80632653061224,763.3828138888853,0,0.7097662884868776,0.0,71.1803472331159
40.64795918367347,-73.79469387755103,734.9700575634264,0,0.6746889532888859,0.0,67.66254575408493
40.64795918367347,-73.7830612244898,746.3019112378346,24,0.6886788395638631,0.0030219088390833542,68.93566768184738
40.64795918367347,-73.77142857142857,815.761905741876,0,0.7744315726728912,0.0,77.66543599677259
40.64795918367347,-73.75979591836735,870.3550243798801,1,0.8418302122147051,0.00012591286829513975,84.4192330742902
40.64795918367347,-73.74816326530612,872.8861688575495,0,0.8449550693127192,0.0,84.73802744038444
40.64795918367347,-73.73653061224489,924.4481423359114,5,0.9086115694583892,0.0006295643414756988,91.0948894858033
40.64795918367347,-73.72489795918368,866.2166262062548,0,0.8367210993128731,0.0,83.9122671116633
40.64795918367347,-73.71326530612245,772.2500371995613,0,0.7207134335220577,0.0,72.27820380570205
40.64795918367347,-73.70163265306122,692.2952775044395,0,0.622004252533952,0.0,62.37895402193361
40.64795918367347,-73.69,626.4445047594521,0,0.5407073307512185,0.0,54.22592785635598
40.65673469387755,-74.26,422.68866095134,0,0.28915792280438624,0.0,28.99878690251892
40.65673469387755,-74.24836734693878,450.93977790834464,0,0.32403570403290327,0.0,32.496575708266626
40.65673469387755,-74.23673469387755,482.8536445583799,0,0.36343538018977883,0.0,36.44785188918737
40.65673469387755,-74.22510204081632,518.9740594027206,0,0.4080283047364962,0.0,40.91994348449587
40.65673469387755,-74.21346938775511,559.7537257850933,0,0.458373368431532,0.0,45.96889998386086
40.65673469387755,-74.20183673469388,605.2098682569876,0,0.5144918360673381,0.0,51.596853969986114
40.65673469387755,-74.19020408163266,653.9906325841603,0,0.5747147585433691,0.0,57.63643150807337
40.65673469387755,-74.17857142857143,701.0881054114399,0,0.6328595517629023,0.0,63.46759965214987
40.65673469387755,-74.1669387755102,734.1750153998332,0,0.6737074237199329,0.0,67.56411107682435
40.65673469387755,-74.15530612244898,736.5953166902834,0,0.6766954379299158,0.0,67.86377012298375
40.65673469387755,-74.14367346938776,773.9545107737304,0,0.722817713381864,0.0,72.48923576583638
40.65673469387755,-74.13204081632654,783.4347190956696,0,0.7345216269777964,0.0,73.66298640355812
40.65673469387755,-74.12040816326531,789.0816608315006,0,0.741493131813242,0.0,74.36213786083889
40.65673469387755,-74.10877551020408,814.8613219169312,0,0.7733197452831221,0.0,77.55393413911776
40.65673469387755,-74.09714285714286,827.6242887607764,0,0.7890764308005094,0.0,79.13412520280107
40.65673469387755,-74.08551020408163,869.2603210204712,0,0.8404787320471176,0.0,84.28910890752861
40.65673469387755,-74.07387755102042,834.8532257687747,0,0.7980010083265382,0.0,80.02914450354282
40.65673469387755,-74.06224489795919,780.2738374551955,0,0.7306193197340342,0.0,73.2716356320056
40.65673469387755,-74.05061224489796,738.3192770518641,0,0.678823775454742,0.0,68.07721475469396
40.65673469387755,-74.03897959183674,796.4272813547128,0,0.7505617624796405,0.0,75.27160382200655
40.65673469387755,-74.02734693877551,896.7510605069753,0,0.874417779451143,0.0,87.69275489377267
40.65673469387755,-74.01571428571428,962.88209216893,18,0.9560606984986291,0.002266431629312516,95.78306851821623
40.65673469387755,-74.00408163265307,984.912701834567,347,0.9832588721290146,0.043691765298413496,96.73022520379654
40.65673469387755,-73.99244897959184,921.4091297230086,83,0.9048597171962348,0.0104507680684966,90.29651056537254
40.65673469387755,-73.98081632653061,951.4160107784212,120,0.9419050996635402,0.015109544195416772,93.81144673680437
40.65673469387755,-73.96918367346939,984.806330651752,33,0.9831275502117649,0.004155124653739612,98.41634615188887
40.65673469387755,-73.95755102040816,964.1519785834155,1966,0.9576284531688922,0.24754469906824478,85.39819670106877
40.65673469387755,-73.94591836734693,976.1708121038547,907,0.972466459283334,0.11420297154369176,92.61730388600644
40.65673469387755,-73.93428571428572,926.3312044953975,840,0.9109363281622029,0.1057668093679174,86.80921782028639
40.65673469387755,-73.9226530612245,968.5897911095491,792,0.9631072119257662,0.0997229916897507,92.30104458026074
40.65673469387755,-73.91102040816327,939.8129059009914,1609,0.9275803367133731,0.20259380508687988,84.31675685609198
40.65673469387755,-73.89938775510204,970.6028173004826,1288,0.9655924194027486,0.16217577436414002,89.86604853247766
40.65673469387755,-73.88775510204081,979.5983194286781,1909,0.9766979327084826,0.2403676655754218,87.61908800282224
40.65673469387755,-73.87612244897959,945.3183068410121,285,0.9343771005317222,0.03588516746411483,92.16354667393014
40.65673469387755,-73.86448979591837,853.5632629791997,24,0.821099726355838,0.0030219088390833542,82.21576403985323
40.65673469387755,-73.85285714285715,889.9099926929402,7,0.8659720508468373,0.0008813900780659784,86.80787564557792
40.65673469387755,-73.84122448979592,970.0512164622667,20,0.9649114334654477,0.0025182573659027953,96.65985886012957
40.65673469387755,-73.82959183673469,862.5371607826843,33,0.8321785677635367,0.004155124653739612,83.27812226123835
40.65673469387755,-73.81795918367347,866.0800964821503,0,0.8365525447790558,0.0,83.89536327945903
40.65673469387755,-73.80632653061224,858.313557098418,0,0.8269642632983366,0.0,82.9337830857569
40.65673469387755,-73.79469387755103,824.1595813432415,1,0.784799031520562,0.00012591286829513975,78.69974581380342
40.65673469387755,-73.7830612244898,823.7420386369147,1,0.7842835487809948,0.00012591286829513975,78.64804958507257
40.65673469387755,-73.77142857142857,886.7807148049295,15,0.8621087604237584,0.0018886930244270965,86.37714372083312
40.65673469387755,-73.75979591836735,991.4438817343182,7,0.99132202460735,0.0008813900780659784,99.37885119438383
40.65673469387755,-73.74816326530612,990.0469572184123,13,0.9895974334086137,0.0016368672878368168,99.17342655381881
40.65673469387755,-73.73653061224489,933.2701783391493,30,0.9195029279196958,0.003777386048854193,92.05185753298392
40.65673469387755,-73.72489795918368,874.0105417332296,12,0.8463431783647235,0.0015109544195416771,84.81229571221057
40.65673469387755,-73.71326530612245,775.4074101968572,0,0.7246114091250793,0.0,72.66912016990526
40.65673469387755,-73.70163265306122,693.9755805283437,0,0.6240786923288294,0.0,62.58699341082649
40.65673469387755,-73.69,627.4742948460507,0,0.5419786713996729,0.0,54.35342682365898
40.665510204081635,-74.26,414.4391361189906,0,0.2789733654015837,0.0,27.977407972431156
40.665510204081635,-74.24836734693878,440.4878993697618,0,0.31113220242443534,0.0,31.202521961403164
40.665510204081635,-74.23673469387755,469.37289427766603,0,0.3467925458621105,0.0,34.77879160046592
40.665510204081635,-74.22510204081632,501.24476571138626,0,0.386140376282426,0.0,38.724868326875
40.665510204081635,-74.21346938775511,535.9645319997048,0,0.42900411206859534,0.0,43.02354473129045
40.665510204081635,-74.20183673469388,572.7269180592873,0,0.4743895904684678,0.0,47.57511919213317
40.665510204081635,-74.19020408163266,609.3550589620774,0,0.5196093347765972,0.0,52.11007267450736
40.665510204081635,-74.17857142857143,641.2994717413765,0,0.5590467220517787,0.0,56.06513079117105
40.665510204081635,-74.1669387755102,661.360280120913,0,0.5838130520695799,0.0,58.54887226910913
40.665510204081635,-74.15530612244898,667.3966224748652,0,0.5912652964662171,0.0,59.296235665234256
40.665510204081635,-74.14367346938776,695.2061091130521,0,0.6255978572821378,0.0,62.73934593958831
40.665510204081635,-74.13204081632654,700.0895171729893,0,0.6316267317589692,0.0,63.34396380556302
40.665510204081635,-74.12040816326531,710.6718558149541,0,0.6446912945726183,0.0,64.6541699010186
40.665510204081635,-74.10877551020408,724.4466998102606,0,0.6616972060930876,0.0,66.35964212008277
40.665510204081635,-74.09714285714286,740.9845111426038,0,0.6821141746159884,0.0,68.40719908704705
40.665510204081635,-74.08551020408163,767.6141606116125,0,0.7149901522201907,0.0,71.70423296912121
40.665510204081635,-74.07387755102042,752.174057184514,0,0.6959283731657347,0.0,69.79258391789665
40.665510204081635,-74.06224489795919,713.5857486971021,0,0.6482886786555754,0.0,65.01494083690183
40.665510204081635,-74.05061224489796,685.4674989615584,0,0.6135749303709453,0.0,61.53360240657057
40.665510204081635,-74.03897959183674,751.7832572673389,0,0.6954459060818279,0.0,69.74419873094412
40.665510204081635,-74.02734693877551,818.3572967539827,0,0.7776357461595708,0.0,77.98677301302227
40.665510204081635,-74.01571428571428,880.911456613942,0,0.8548627919379642,0.0,85.73164343510547
40.665510204081635,-74.00408163265307,910.0472483556763,0,0.890832759845229,0.0,89.33896439009399
40.665510204081635,-73.99244897959184,975.0953050715813,354,0.9711386781892819,0.044573155376479476,95.4768447704732
40.665510204081635,-73.98081632653061,941.9782734192097,114,0.9302536191430446,0.014354066985645933,92.67542498151455
40.665510204081635,-73.96918367346939,971.3419982332565,28,0.966504984767892,0.0035255603122639136,96.77637734036941
40.665510204081635,-73.95755102040816,988.480656152537,1394,0.9876637362030578,0.17552253840342483,91.50586921149325
40.665510204081635,-73.94591836734693,949.1483609763064,708,0.9391055433195763,0.08914631075295895,90.34857607431361
40.665510204081635,-73.93428571428572,964.9474379559309,1941,0.9586104978085073,0.2443968773608663,85.63197688928842
40.665510204081635,-73.9226530612245,983.3120083896374,2375,0.9812827153678098,0.29904306220095694,85.5570047243501
40.665510204081635,-73.91102040816327,985.0043023149627,2888,0.9833719586848677,0.36363636363636365,82.99029878811773
40.665510204081635,-73.89938775510204,965.9121706194748,3016,0.9598015209752832,0.3797532107781415,79.93378524513327
40.665510204081635,-73.88775510204081,978.8638215775641,2166,0.9757911489022721,0.2727272727272727,86.13732851523847
40.665510204081635,-73.87612244897959,945.4868938950556,1269,0.9345852318561522,0.15978342986653235,86.85925337021811
40.665510204081635,-73.86448979591837,970.850730511994,947,0.9658984838591704,0.11923948627549735,91.7421510218941
40.665510204081635,-73.85285714285715,968.0645558753001,70,0.9624587759852855,0.008813900780659783,96.14330143388175
40.665510204081635,-73.84122448979592,923.0192843698615,40,0.9068475544064407,0.005036514731805591,90.72857027138708
40.665510204081635,-73.82959183673469,965.227670245563,15,0.9589564622001393,0.0018886930244270965,96.08971129834985
40.665510204081635,-73.81795918367347,966.5098582186154,17,0.9605394039183734,0.002140518761017376,96.23763630044043
40.665510204081635,-73.80632653061224,968.3267963053423,60,0.9627825282943431,0.007554772097708386,96.22988713117451
40.665510204081635,-73.79469387755103,918.2431306604474,41,0.9009510921729569,0.00516242760010073,90.13181988070285
40.665510204081635,-73.7830612244898,924.9911951994692,75,0.9092820023832012,0.009443465122135482,90.78330241017902
40.665510204081635,-73.77142857142857,876.7604971811857,34,0.8497381713714761,0.004281037522034752,85.03371085649653
40.665510204081635,-73.75979591836735,918.2074741651128,45,0.9009070719862312,0.005666079073281289,90.10575821030884
40.665510204081635,-73.74816326530612,924.783862546058,18,0.9090260371787737,0.002266431629312516,91.06610241395583
40.665510204081635,-73.73653061224489,976.2962374927293,35,0.9726213048167099,0.004406950390329891,97.35188258263081
40.665510204081635,-73.72489795918368,866.2558843743831,2,0.8367695659912524,0.0002518257365902795,83.9063041820091
40.665510204081635,-73.71326530612245,777.893480666767,0,0.7276806195248009,0.0,72.97692214011352
40.665510204081635,-73.70163265306122,698.3158356076854,0,0.6294370102800673,0.0,63.1243631599134
40.665510204081635,-73.69,631.9539305471808,0,0.5475090634972757,0.0,54.90805337641041
40.674285714285716,-74.26,404.1272091418716,0,0.26624264280042914,0.0,26.700681717637494
40.674285714285716,-74.24836734693878,427.6468669074083,0,0.29527913998970545,0.0,29.612665543711092
40.674285714285716,-74.23673469387755,453.1843537507526,0,0.3268067741219714,0.0,32.7744780746465
40.674285714285716,-74.22510204081632,480.59861239853876,0,0.3606514011190076,0.0,36.16865491947825
40.674285714285716,-74.21346938775511,509.40170582622926,0,0.3962106320267416,0.0,39.734784284048445
40.674285714285716,-74.20183673469388,538.4898865340314,0,0.4321218211172936,0.0,43.336210486565
40.674285714285716,-74.19020408163266,565.7902712744733,0,0.46582586361163447,0.0,46.71628853031283
40.674285714285716,-74.17857142857143,588.0259260747727,0,0.4932771783606388,0.0,49.46929913047155
40.674285714285716,-74.1669387755102,601.1563869247492,0,0.5094875583485189,0.0,51.09498986139922
40.674285714285716,-74.15530612244898,611.9279362417518,0,0.5227857136441966,0.0,52.42862225118796
40.674285714285716,-74.14367346938776,629.6221683713009,0,0.5446303563944365,0.0,54.61935641448598
40.674285714285716,-74.13204081632654,632.5848264681827,0,0.5482879442029184,0.0,54.98616500270222
40.674285714285716,-74.12040816326531,643.4835111099187,0,0.5617430560553657,0.0,56.335538098118434
40.674285714285716,-74.10877551020408,653.1974251155104,0,0.5737354940207486,0.0,57.538223985563675
40.674285714285716,-74.09714285714286,672.0489218386826,0,0.5970088527180898,0.0,59.87223981616794
40.674285714285716,-74.08551020408163,686.989097237426,0,0.6154534391698777,0.0,61.72199245940546
40.674285714285716,-74.07387755102042,678.5113046963603,0,0.6049870709197994,0.0,60.672351558738754
40.674285714285716,-74.06224489795919,650.4309097109486,0,0.5703200567057399,0.0,57.19569994916074
40.674285714285716,-74.05061224489796,693.6188149282916,0,0.623638242750591,0.0,62.542822034380116
40.674285714285716,-74.03897959183674,774.6436139631592,0,0.7236684546223378,0.0,72.57455407115003
40.674285714285716,-74.02734693877551,875.4984748227218,0,0.8481801253731184,0.0,85.06145870775961
40.674285714285716,-74.01571428571428,991.6272408423434,116,0.9915483929617656,0.014605892722236212,98.81167179006798
40.674285714285716,-74.00408163265307,990.0199479191641,1939,0.9895640887294724,0.244145051624276,88.74704384467321
40.674285714285716,-73.99244897959184,968.7395020723964,383,0.9632920395280746,0.04822462855703853,94.53298787512132
40.674285714285716,-73.98081632653061,984.6844424985596,121,0.9829770716183748,0.015235457063711912,97.92502072859754
40.674285714285716,-73.96918367346939,965.3168165420882,162,0.9590665189116057,0.020397884663812642,95.30522068455844
40.674285714285716,-73.95755102040816,989.5906231355276,2102,0.9890340602742279,0.2646688491563838,87.8117729279499
40.674285714285716,-73.94591836734693,971.9441644980947,2268,0.9672483969055495,0.28557038529337697,84.72860242696093
40.674285714285716,-73.93428571428572,996.5457805405415,3502,0.9976206396562451,0.44094686476957945,81.09643946230474
40.674285714285716,-73.9226530612245,965.4718335335256,3259,0.9592578971400234,0.4103500377738605,78.56421054885789
40.674285714285716,-73.91102040816327,984.0581474749089,3122,0.9822038710099654,0.39309997481742637,81.60680426133476
40.674285714285716,-73.89938775510204,954.0346903929599,1995,0.9451380243950634,0.2511961722488038,83.98862792554465
40.674285714285716,-73.88775510204081,954.2425837701321,2239,0.9453946818482504,0.28191891211281794,82.69389930203262
40.674285714285716,-73.87612244897959,925.8827895791724,2491,0.910382731737272,0.31364895492319317,77.81889302959901
40.674285714285716,-73.86448979591837,993.3268644925638,889,0.9936466852853368,0.11193653991437925,94.83881724876272
40.674285714285716,-73.85285714285715,973.3682140209268,64,0.9690064756318351,0.008058423570888944,96.83242125640622
40.674285714285716,-73.84122448979592,933.6861053493858,86,0.9200164159807922,0.01082850667338202,91.8002954837853
40.674285714285716,-73.82959183673469,920.9015219499704,50,0.9042330434656044,0.006295643414756988,90.41225121329344
40.674285714285716,-73.81795918367347,971.6575130858691,57,0.9668945077032337,0.007177033492822967,96.65850056244494
40.674285714285716,-73.80632653061224,983.262444778091,131,0.9812215259711908,0.01649458574666331,97.6948447416178
40.674285714285716,-73.79469387755103,978.0804170012993,168,0.9748239866670244,0.02115336187358348,96.85301967111073
40.674285714285716,-73.7830612244898,983.8893602968839,75,0.9819954926198899,0.009443465122135482,98.07552178934014
40.674285714285716,-73.77142857142857,972.7075526639985,125,0.9681908476229267,0.01573910853689247,96.42050734373385
40.674285714285716,-73.75979591836735,969.8869859734102,72,0.9647086805948231,0.009065726517250064,96.35811415797978
40.674285714285716,-73.74816326530612,902.9250824175269,23,0.8820399979221512,0.0028959959707882147,88.33269413602464
40.674285714285716,-73.73653061224489,940.8986180539134,54,0.9289207166708944,0.006799294887937547,92.86645741679294
40.674285714285716,-73.72489795918368,893.519738607521,6,0.8704285092761053,0.0007554772097708386,87.26021234338364
40.674285714285716,-73.71326530612245,798.2092266945838,0,0.7527616861081391,0.0,75.492227610855
40.674285714285716,-73.70163265306122,724.3496228759242,0,0.661577358510308,0.0,66.34762296293812
40.674285714285716,-73.69,656.8260678005067,0,0.5782152817019356,0.0,57.987488550322475
40.6830612244898,-74.26,392.34326578151723,0,0.25169462336611176,0.0,25.241704175753327
40.6830612244898,-74.24836734693878,413.2475131450518,0,0.27750223187241513,0.0,27.829872372148234
40.6830612244898,-74.23673469387755,435.4618627153376,0,0.30492724397460486,0.0,30.580245158192948
40.6830612244898,-74.22510204081632,458.6784466302372,0,0.33358957742817147,0.0,33.454705217553666
40.6830612244898,-74.21346938775511,482.2776826083934,0,0.36272431892738155,0.0,36.37654167287749
40.6830612244898,-74.20183673469388,505.18012598797145,0,0.390998826126764,0.0,39.212107792237475
40.6830612244898,-74.19020408163266,525.7230486143002,0,0.4163603565131864,0.0,41.755540142507726
40.6830612244898,-74.17857142857143,541.7045149678846,0,0.4360904821588212,0.0,43.734215682879274
40.6830612244898,-74.1669387755102,550.8018917683728,0,0.4473217661566789,0.0,44.8605677058044
40.6830612244898,-74.15530612244898,562.9108131858014,0,0.4622709914475985,0.0,46.35978098816842
40.6830612244898,-74.14367346938776,574.8938549780848,0,0.4770648104218891,0.0,47.843409033871694
40.6830612244898,-74.13204081632654,576.851413934979,0,0.479481540108874,0.0,48.08577565662988
40.6830612244898,-74.12040816326531,586.9957700948828,0,0.492005385993897,0.0,49.341754861686816
40.6830612244898,-74.10877551020408,594.9440176924131,0,0.5018179976962466,0.0,50.32583246521178
40.6830612244898,-74.09714285714286,612.2807248699607,0,0.5232212534004939,0.0,52.47230123621437
40.6830612244898,-74.08551020408163,621.6379436213996,0,0.5347733286340766,0.0,53.630824456783884
40.6830612244898,-74.07387755102042,616.3771173770758,0,0.5282785076643424,0.0,52.97947820472652
40.6830612244898,-74.06224489795919,626.8873116376498,0,0.5412540037003895,0.0,54.280752058316736
40.6830612244898,-74.05061224489796,692.9369602899241,0,0.6227964503024259,0.0,62.458401176795654
40.6830612244898,-74.03897959183674,773.3410388667519,0,0.7220603437177194,0.0,72.41328141783183
40.6830612244898,-74.02734693877551,868.6892053771168,0,0.8397736538551505,0.0,84.21839871553327
40.6830612244898,-74.01571428571428,943.590029055661,4,0.9322434328756319,0.000503651473180559,93.47027044130328
40.6830612244898,-74.00408163265307,976.1516851302348,243,0.9724428458310768,0.030596826995718963,96.2083405800626
40.6830612244898,-73.99244897959184,992.2391448145022,1041,0.9923038269117327,0.1310752958952405,93.88155933697719
40.6830612244898,-73.98081632653061,963.7171963820443,1040,0.957091687188115,0.13094938302694537,90.35565046779081
40.6830612244898,-73.96918367346939,977.0808318551414,770,0.9735899359178086,0.09695290858725762,93.47138434290765
40.6830612244898,-73.95755102040816,975.8145378151564,1166,0.9720266162598714,0.14681440443213298,91.17154899038816
40.6830612244898,-73.94591836734693,973.5867826469448,1274,0.9692763123513275,0.16041299420800806,90.31125974424333
40.6830612244898,-73.93428571428572,961.6236210402873,1293,0.9545070367169018,0.16280533870561573,88.72726974639681
40.6830612244898,-73.9226530612245,959.5318386369829,2050,0.9519245997410066,0.25812138000503654,84.37158687175969
40.6830612244898,-73.91102040816327,966.4233563485409,1807,0.9604326119177278,0.22752455300931756,86.53988635510994
40.6830612244898,-73.89938775510204,930.5392174574129,510,0.9161313848999347,0.06421556283052128,89.11609348844239
40.6830612244898,-73.88775510204081,989.5854798169572,977,0.9890277105238743,0.12301687232435154,93.89935965293427
40.6830612244898,-73.87612244897959,948.6980283404998,1385,0.9385495793491737,0.17438932258876857,86.62906248149788
40.6830612244898,-73.86448979591837,954.99037965509,785,0.9463178829138522,0.09884160161168472,90.65517505564529
40.6830612244898,-73.85285714285715,953.9520839323243,104,0.9450360415224396,0.013094938302694535,94.21202763907986
40.6830612244898,-73.84122448979592,969.4801732623708,257,0.9642064447094878,0.03235960715185092,95.30657188199073
40.6830612244898,-73.82959183673469,914.4314113129022,81,0.8962452848340643,0.010198942331906321,89.44341830791852
40.6830612244898,-73.81795918367347,889.2068193272936,100,0.8651039390886343,0.012591286829513977,86.21752215824475
40.6830612244898,-73.80632653061224,980.8472153946993,101,0.9782397733495574,0.012717199697809116,97.55816627877323
40.6830612244898,-73.79469387755103,915.841727696448,138,0.8979864091359161,0.017375975824729287,89.30956048689379
40.6830612244898,-73.7830612244898,982.9368107554986,136,0.9808195102838881,0.017124150088139008,97.62746901441757
40.6830612244898,-73.77142857142857,970.7424370631114,112,0.9657647887835259,0.014102241249055654,96.24755793321344
40.6830612244898,-73.75979591836735,940.8571584345694,44,0.9288695321624908,0.00554016620498615,92.91544181730636
40.6830612244898,-73.74816326530612,920.7067308801011,39,0.9039925616350803,0.004910601863510451,90.44766330338248
40.6830612244898,-73.73653061224489,903.1600042958868,9,0.8823300237604816,0.001133215814656258,88.437544522982
40.6830612244898,-73.72489795918368,964.6161407483645,5,0.9582014905630697,0.0006295643414756988,96.06811498376135
40.6830612244898,-73.71326530612245,844.9890506257788,0,0.8105143217814069,0.0,81.28406744254748
40.6830612244898,-73.70163265306122,748.4298804265405,0,0.6913059514029336,0.0,69.32901500588827
40.6830612244898,-73.69,671.3149523717683,0,0.5961027212354157,0.0,59.781366588428284
40.69183673469388,-74.26,379.6332808171841,0,0.2360033473121984,0.0,23.668072832358128
40.69183673469388,-74.24836734693878,398.0102391406217,0,0.2586908585007256,0.0,25.94333576108544
40.69183673469388,-74.23673469387755,417.1398119065529,0,0.2823075195672793,0.0,28.31178036386849
40.69183673469388,-74.22510204081632,436.64761210434085,0,0.3063911261936493,0.0,30.727053546179512
40.69183673469388,-74.21346938775511,455.9170198628977,0,0.33018042235595196,0.0,33.11281120857016
40.69183673469388,-74.20183673469388,474.02477884524643,0,0.35253559002193285,0.0,35.354744395213
40.69183673469388,-74.19020408163266,489.72622377396436,0,0.37192001160175475,0.0,37.29875030440649
40.69183673469388,-74.17857142857143,501.56155007448507,0,0.38653146650833065,0.0,38.764089600878755
40.69183673469388,-74.1669387755102,508.142501293698,0,0.39465606481177373,0.0,39.57888136790046
40.69183673469388,-74.15530612244898,520.2190190429395,0,0.4095652857357243,0.0,41.0740827314429
40.69183673469388,-74.14367346938776,528.731283936251,0,0.42007421227338787,0.0,42.127991676023655
40.69183673469388,-74.13204081632654,530.1019533234264,0,0.42176638986393367,0.0,42.297695126904536
40.69183673469388,-74.12040816326531,539.4551191101083,0,0.4333134614575422,0.0,43.45571654732299
40.69183673469388,-74.10877551020408,546.4805008191653,0,0.441986737160879,0.0,44.32553353669875
40.69183673469388,-74.09714285714286,561.3199759763286,0,0.46030700282914416,0.0,46.162818418811256
40.69183673469388,-74.08551020408163,567.6225675031171,0,0.4680879485800177,0.0,46.94314629480822
40.69183673469388,-74.07387755102042,565.077402895537,0,0.46494578274958903,0.0,46.628027841731566
40.69183673469388,-74.06224489795919,615.5586639801253,0,0.5272680754549532,0.0,52.878144967734976
40.69183673469388,-74.05061224489796,673.4601537606982,0,0.5987511073097814,0.0,60.04696534035349
40.69183673469388,-74.03897959183674,741.6027779702739,0,0.6828774639113868,0.0,68.48374709724008
40.69183673469388,-74.02734693877551,812.7470681584317,0,0.770709566005512,0.0,77.29216703305097
40.69183673469388,-74.01571428571428,852.1982685477542,1,0.8194145548551658,0.00012591286829513975,82.17123355643193
40.69183673469388,-74.00408163265307,968.2449370142273,21,0.9626814678494984,0.002644170234197935,96.43081049558906
40.69183673469388,-73.99244897959184,983.0274091368318,584,0.980931359685404,0.07353311508436162,95.21422015725358
40.69183673469388,-73.98081632653061,954.270602560881,1685,0.9454292728081588,0.2121631830773105,85.69548017659143
40.69183673469388,-73.96918367346939,973.7936413615115,648,0.9695316924484347,0.08159153865525057,93.72462920925578
40.69183673469388,-73.95755102040816,994.4561589734076,853,0.9950408703685456,0.10740367665575422,95.17345907129081
40.69183673469388,-73.94591836734693,970.1617682370492,1288,0.9650479165864924,0.16217577436414002,89.81144196668379
40.69183673469388,-73.93428571428572,976.5073703795417,1887,0.9728819616483528,0.23759758247292873,87.35545422332778
40.69183673469388,-73.9226530612245,953.4582798698384,981,0.9444264093409104,0.1235205237975321,89.40478097275502
40.69183673469388,-73.91102040816327,982.3598242438765,802,0.9801071841356941,0.10098212037270209,93.95180362113672
40.69183673469388,-73.89938775510204,910.6320630912063,159,0.8915547504283295,0.020020146058927223,88.55090175090879
40.69183673469388,-73.88775510204081,955.2631921125615,128,0.9466546870558825,0.016116847141777888,94.24447467713435
40.69183673469388,-73.87612244897959,903.1937239884398,108,0.8823716528423245,0.013598589775875095,87.90595570963632
40.69183673469388,-73.86448979591837,992.8732658713449,193,0.9930866892504718,0.024301183580961973,98.54923786682596
40.69183673469388,-73.85285714285715,990.8922042494546,122,0.9906409440449405,0.015361369932007051,98.6881959153274
40.69183673469388,-73.84122448979592,966.0130611549424,123,0.959926076688582,0.01548728280030219,95.60248158950829
40.69183673469388,-73.82959183673469,902.107111930055,79,0.8810301618948944,0.009947116595316042,87.92836245079734
40.69183673469388,-73.81795918367347,945.2551325333579,73,0.9342991078744768,0.009191639385545203,93.30301692197213
40.69183673469388,-73.80632653061224,962.2950450357922,379,0.9553359518802363,0.04772097708385797,93.75674255685766
40.69183673469388,-73.79469387755103,976.8179261162616,924,0.973265362243135,0.11634349030470914,92.60542366241881
40.69183673469388,-73.7830612244898,965.0670516152468,150,0.9587581683961132,0.018886930244270964,95.33923818060201
40.69183673469388,-73.77142857142857,939.0815809040879,17,0.9266774699952973,0.002140518761017376,92.84172379553995
40.69183673469388,-73.75979591836735,964.9271868663897,77,0.9585854965644244,0.009695290858725761,95.71697949654101
40.69183673469388,-73.74816326530612,939.049917186078,39,0.9266383791433742,0.004910601863510451,92.71874489709208
40.69183673469388,-73.73653061224489,915.0335826585871,34,0.8969887032443467,0.004281037522034752,89.77232597560909
40.69183673469388,-73.72489795918368,889.5362288907993,13,0.8655106159187227,0.0016368672878368168,86.72912918543794
40.69183673469388,-73.71326530612245,821.3021407493296,0,0.7812713413389802,0.0,78.3513760259677
40.69183673469388,-73.70163265306122,737.5205319699846,0,0.6778376744002051,0.0,67.97832161675905
40.69183673469388,-73.69,665.1719188557834,0,0.5885187598870539,0.0,59.020793691496586
40.70061224489796,-74.26,366.4566090276499,0,0.219735917012194,0.0,22.036660695535808
40.70061224489796,-74.24836734693878,382.4998250825543,0,0.23954227654892915,0.0,24.022981505804623
40.70061224489796,-74.23673469387755,398.8855937349909,0,0.25977153881811804,0.0,26.051713971614397
40.70061224489796,-74.22510204081632,415.23672629457377,0,0.2799580406516399,0.0,28.076158120681054
40.70061224489796,-74.21346938775511,431.00308036766893,0,0.2994225966537844,0.0,30.028200472431454
40.70061224489796,-74.20183673469388,445.44332744021625,0,0.3172499901352009,0.0,31.81605667080607
40.70061224489796,-74.19020408163266,457.64990270174945,0,0.3323197752403036,0.0,33.32736053788102
40.70061224489796,-74.17857142857143,466.6469514685219,0,0.34342719796866356,0.0,34.44129088297416
40.70061224489796,-74.1669387755102,472.2663006387798,0,0.3503646380459951,0.0,35.13702608711597
40.70061224489796,-74.15530612244898,483.0646292253303,0,0.36369585403467725,0.0,36.473974035344156
40.70061224489796,-74.14367346938776,489.34061365939044,0,0.37144395165566196,0.0,37.25100767022348
40.70061224489796,-74.13204081632654,490.7187932836146,0,0.3731454011063313,0.0,37.42164096834254
40.70061224489796,-74.12040816326531,498.8104356597067,0,0.3831350426841226,0.0,38.423472370841864
40.70061224489796,-74.10877551020408,507.01763829526664,0,0.39326735067239826,0.0,39.439611362756914
40.70061224489796,-74.09714285714286,517.7659705059937,0,0.4065368429897352,0.0,40.77036922781247
40.70061224489796,-74.08551020408163,528.6847047443077,0,0.420016707330526,0.0,42.122224676566326
40.70061224489796,-74.07387755102042,575.2818341543328,0,0.4775437951236618,0.0,47.89144498309129
40.70061224489796,-74.06224489795919,630.7390195251169,0,0.54600917940759,0.0,54.75763446803866
40.70061224489796,-74.05061224489796,697.6566492768027,0,0.6286232032836095,0.0,63.042748879933875
40.70061224489796,-74.03897959183674,779.2430212546395,0,0.7293467122833441,0.0,73.14400962087922
40.70061224489796,-74.02734693877551,875.8705641326379,0,0.848639493035235,0.0,85.10752732249593
40.70061224489796,-74.01571428571428,979.9888673852681,114,0.9771800887311957,0.014354066985645933,97.38154085922098
40.70061224489796,-74.00408163265307,939.977440865336,9,0.9277834654781433,0.001133215814656258,92.99593482255618
40.70061224489796,-73.99244897959184,978.0531421923613,165,0.9747903141994672,0.02077562326869806,96.86587802235013
40.70061224489796,-73.98081632653061,949.1800850918851,795,0.9391447087360978,0.1001007302946361,89.88168123821723
40.70061224489796,-73.96918367346939,915.7331886843905,40,0.8978524108970833,0.005036514731805591,89.82647411833825
40.70061224489796,-73.95755102040816,969.6043232717927,333,0.9643597157066921,0.04192898514228154,94.91064965141446
40.70061224489796,-73.94591836734693,996.10205658938,1731,0.997072834522805,0.21795517501888692,90.62571847998835
40.70061224489796,-73.93428571428572,981.6162507983561,1344,0.9791891959372216,0.16922689498866783,90.92657051937957
40.70061224489796,-73.9226530612245,969.3933391265331,1187,0.9640992425058537,0.1494585746663309,90.26288944696313
40.70061224489796,-73.91102040816327,980.0303135361418,753,0.9772312566119253,0.09481238982624024,93.92856137278956
40.70061224489796,-73.89938775510204,945.3360847965386,191,0.9343990485362731,0.024049357844371694,92.6744526727125
40.70061224489796,-73.88775510204081,914.0063248596775,136,0.8957204888643565,0.017124150088139008,89.09314159974969
40.70061224489796,-73.87612244897959,938.1411700775352,54,0.9255164736664319,0.006799294887937547,92.5250560244556
40.70061224489796,-73.86448979591837,951.4118219105264,19,0.9418999282425925,0.0023923444976076554,94.35751528886685
40.70061224489796,-73.85285714285715,997.378716240022,28,0.9986489511792237,0.0035255603122639136,100.0
40.70061224489796,-73.84122448979592,983.0212114004821,14,0.980923708189966,0.0017627801561319568,98.29815272964903
40.70061224489796,-73.82959183673469,981.1616499152457,155,0.9786279625469969,0.019516494585746662,97.30486188819037
40.70061224489796,-73.81795918367347,935.3700595253515,236,0.9220953633525922,0.029715436917652983,91.197023787805
40.70061224489796,-73.80632653061224,978.7162560061737,1943,0.9756089699206889,0.24464870309745657,87.3258795237671
40.70061224489796,-73.79469387755103,945.376187972679,1250,0.9344485584302048,0.1573910853689247,86.94837012997606
40.70061224489796,-73.7830612244898,978.2127149652989,266,0.9749873168267621,0.03349282296650718,96.33904765065692
40.70061224489796,-73.77142857142857,930.6938853478907,29,0.9163223321412552,0.003651473180559053,91.73829680911622
40.70061224489796,-73.75979591836735,977.4684142478715,107,0.974068430765366,0.013472676907579955,97.10736422872164
40.70061224489796,-73.74816326530612,979.7902370752727,70,0.9769348671172001,0.008813900780659783,97.59506550053617
40.70061224489796,-73.73653061224489,946.2046177772236,37,0.9354713071424084,0.004658776126920171,93.6153964482084
40.70061224489796,-73.72489795918368,842.419352384706,6,0.8073418676369623,0.0007554772097708386,80.93344093920986
40.70061224489796,-73.71326530612245,785.808027788504,0,0.7374516258696063,0.0,73.95682726624024
40.70061224489796,-73.70163265306122,713.6619362976085,0,0.648382737041544,0.0,65.02437367230416
40.70061224489796,-73.69,648.0144430068233,0,0.567336776533818,0.0,56.896515665579486
40.70938775510204,-74.26,353.1723796673627,0,0.20333570012439187,0.0,20.39193178729075
40.70938775510204,-74.24836734693878,367.12527232346565,0,0.22056142391808,0.0,22.11944832458701
40.70938775510204,-74.23673469387755,381.1351160967705,0,0.2378574574488844,0.0,23.854016016020886
40.70938775510204,-74.22510204081632,394.8552639613485,0,0.2547958431549055,0.0,25.552716272260685
40.70938775510204,-74.21346938775511,407.82199054293096,0,0.27080408288754015,0.0,27.158134959007686
40.70938775510204,-74.20183673469388,419.4577061144879,0,0.2851691057912236,0.0,28.598760323838256
40.70938775510204,-74.19020408163266,429.10465205866876,0,0.2970788674716745,0.0,29.793154852895725
40.70938775510204,-74.17857142857143,436.09949837875786,0,0.30571444531627634,0.0,30.659191236291427
40.70938775510204,-74.1669387755102,442.27848515330123,0,0.3133427932242337,0.0,31.424215529092077
40.70938775510204,-74.15530612244898,450.5970579200245,0,0.32361259464599085,0.0,32.45414332796546
40.70938775510204,-74.14367346938776,455.36377481131416,0,0.32949740653380744,0.0,33.04431358593777
40.70938775510204,-74.13204081632654,457.5126837745418,0,0.33215036984189605,0.0,33.31037137500105
40.70938775510204,-74.12040816326531,463.74161552407804,0,0.3398403779636395,0.0,34.08157938700471
40.70938775510204,-74.10877551020408,472.2355295477087,0,0.3503266491981852,0.0,35.133216298708206
40.70938775510204,-74.09714285714286,490.08847230627504,0,0.3723672302048107,0.0,37.34360052619217
40.70938775510204,-74.08551020408163,530.0663070616891,0,0.4217223823112277,0.0,42.29328174050778
40.70938775510204,-74.07387755102042,577.1442146364102,0,0.4798430209955808,0.0,48.122027498188565
40.70938775510204,-74.06224489795919,633.3966279927673,0,0.5492901642573867,0.0,55.086674667134346
40.70938775510204,-74.05061224489796,701.7908752400051,0,0.6337271653291908,0.0,63.55461003277001
40.70938775510204,-74.03897959183674,786.7168934982254,0,0.7385736777671652,0.0,74.06935450933048
40.70938775510204,-74.02734693877551,894.8570412003603,0,0.8720794934598585,0.0,87.45825515563381
40.70938775510204,-74.01571428571428,967.3944344681667,133,0.9616314689492446,0.01674641148325359,95.71939275787645
40.70938775510204,-74.00408163265307,986.7960078238272,492,0.9855839318560243,0.06194913120120876,96.17869415415508
40.70938775510204,-73.99244897959184,986.5676271704209,708,0.9853019815714231,0.08914631075295895,94.98147928349505
40.70938775510204,-73.98081632653061,968.8033445927961,403,0.9633708571359931,0.05074288592294132,94.43265717343832
40.70938775510204,-73.96918367346939,971.607515041236,120,0.9668327819716379,0.015109544195416772,96.3113697553939
40.70938775510204,-73.95755102040816,981.7763406018345,1526,0.9793868368712467,0.19214303701838328,89.96145206794468
40.70938775510204,-73.94591836734693,979.5789434407817,1413,0.976674011832435,0.1779148829010325,90.30091915356329
40.70938775510204,-73.93428571428572,945.4965263158816,282,0.9345971236856605,0.03550742885922941,92.20184740348829
40.70938775510204,-73.9226530612245,967.5600059607617,170,0.9618358773733503,0.02140518761017376,95.53965736299362
40.70938775510204,-73.91102040816327,986.9370139961992,123,0.9857580128468519,0.01548728280030219,98.19308953366586
40.70938775510204,-73.89938775510204,957.344310586548,133,0.9492239587401418,0.01674641148325359,94.47508051128447
40.70938775510204,-73.88775510204081,958.8178748866405,35,0.9510431665740479,0.004406950390329891,95.18787536268907
40.70938775510204,-73.87612244897959,963.651013745631,61,0.9570099805597554,0.0076806849660035256,95.64556375654007
40.70938775510204,-73.86448979591837,893.1132995990978,36,0.8699267347501601,0.004532863258625032,87.04753824330325
40.70938775510204,-73.85285714285715,962.7857250758357,19,0.9559417272595208,0.0023923444976076554,95.76572549272618
40.70938775510204,-73.84122448979592,939.2475258011691,11,0.9268823394107331,0.0013850415512465374,92.8947400645216
40.70938775510204,-73.82959183673469,966.211029100955,79,0.9601704805725698,0.009947116595316042,95.86510931380438
40.70938775510204,-73.81795918367347,967.6640721621814,71,0.9619643536460556,0.008939813648954922,96.08830553573598
40.70938775510204,-73.80632653061224,935.3489956158085,131,0.9220693586310805,0.01649458574666331,91.76265004716907
40.70938775510204,-73.79469387755103,974.3797698035321,688,0.9702553048848463,0.08662805338705616,93.58072797573722
40.70938775510204,-73.7830612244898,980.6748053674045,548,0.9780269223241362,0.06900025182573659,95.11776593706286
40.70938775510204,-73.77142857142857,973.5124638649672,163,0.9691845611394044,0.02052379753210778,96.31451725159955
40.70938775510204,-73.75979591836735,951.6083668554987,85,0.9421425753422716,0.01070259380508688,94.02467386384875
40.70938775510204,-73.74816326530612,922.8314726588115,72,0.9066156890334673,0.009065726517250064,90.53214104792524
40.70938775510204,-73.73653061224489,963.0266259508222,34,0.9562391345453398,0.004281037522034752,95.71437527004322
40.70938775510204,-73.72489795918368,945.6989785049818,6,0.9348470636498544,0.0007554772097708386,93.72055730898367
40.70938775510204,-73.71326530612245,828.9162084637986,0,0.7906713869516377,0.0,79.2940786050695
40.70938775510204,-73.70163265306122,735.5418940867245,0,0.6753949214524958,0.0,67.7333451986858
40.70938775510204,-73.69,662.3782674985514,0,0.5850698215312865,0.0,58.674909935489374
40.718163265306124,-74.26,340.0445619129052,0,0.18712858320421338,0.0,18.76656829970474
40.718163265306124,-74.24836734693878,352.1625414557149,0,0.20208899132078417,0.0,20.26690307434841
40.718163265306124,-74.23673469387755,364.1481670691142,0,0.21688600018479667,0.0,21.750851024591718
40.718163265306124,-74.22510204081632,375.69873745928174,0,0.23114590600536866,0.0,23.180934510218705
40.718163265306124,-74.21346938775511,386.435141621048,0,0.24440067239584154,0.0,24.510215555926102
40.718163265306124,-74.20183673469388,395.91309255217783,0,0.25610179910080194,0.0,25.683686704652214
40.718163265306124,-74.19020408163266,403.65403397489473,0,0.26565847828821876,0.0,26.642097598477584
40.718163265306124,-74.17857142857143,409.1982117764424,0,0.2725031145816676,0.0,27.32852578752376
40.718163265306124,-74.1669387755102,415.5216838185387,0,0.2803098386423315,0.0,28.11143889343616
40.718163265306124,-74.15530612244898,422.06158459872165,0,0.2883837575962111,0.0,28.921148179424332
40.718163265306124,-74.14367346938776,425.77088936920484,0,0.29296312769657556,0.0,29.38039956842422
40.718163265306124,-74.13204081632654,428.2980460165756,0,0.2960830615672021,0.0,29.69328844446396
40.718163265306124,-74.12040816326531,433.2117850698557,0,0.30214938156351046,0.0,30.301661610066073
40.718163265306124,-74.10877551020408,453.423413674665,0,0.32710190863787075,0.0,32.804076236270916
40.718163265306124,-74.09714285714286,487.0457776591663,0,0.36861083223978347,0.0,36.96688256165425
40.718163265306124,-74.08551020408163,525.8995034989204,0,0.4165782011694473,0.0,41.7773871342951
40.718163265306124,-74.07387755102042,571.1971317186576,0,0.472500972988456,0.0,47.38571536977869
40.718163265306124,-74.06224489795919,625.8766233640903,0,0.5400062454418723,0.0,54.15561809866703
40.718163265306124,-74.05061224489796,692.0068281981248,0,0.6216481437182733,0.0,62.34324092937912
40.718163265306124,-74.03897959183674,773.0127914479754,0,0.7216551016284124,0.0,72.37264089559478
40.718163265306124,-74.02734693877551,875.4691353959669,0,0.8481439040049761,0.0,85.05782617462377
40.718163265306124,-74.01571428571428,995.5651325494184,56,0.9964099680163016,0.007051120624527827,99.62392992798893
40.718163265306124,-74.00408163265307,978.8468667020503,845,0.9757702170417788,0.1063963737093931,93.2841566753075
40.718163265306124,-73.99244897959184,986.5027613551434,2429,0.9852219006416001,0.3058423570888945,85.6598191546215
40.718163265306124,-73.98081632653061,975.2860714612315,2900,0.9713741912988734,0.36514731805590533,81.72213737804448
40.718163265306124,-73.96918367346939,959.5722359376924,83,0.951974472750223,0.0104507680684966,95.02150908183599
40.718163265306124,-73.95755102040816,992.6264407277769,267,0.9927819680823792,0.033618735834802314,98.11820847447737
40.718163265306124,-73.94591836734693,974.1142103436713,441,0.9699274550246696,0.05552757491815664,94.88455218750556
40.718163265306124,-73.93428571428572,952.7653161654245,314,0.9435709020518133,0.03953664064467389,92.92862477420306
40.718163265306124,-73.9226530612245,872.0842686834128,4,0.8439650730982965,0.000503651473180559,84.61709665149621
40.718163265306124,-73.91102040816327,893.5981237989973,50,0.870525280726382,0.006295643414756988,87.03180007726617
40.718163265306124,-73.89938775510204,974.3693016238915,38,0.9702423812585018,0.004784688995215311,97.097072161206
40.718163265306124,-73.88775510204081,958.2804134616015,30,0.9503796366318581,0.003777386048854193,95.14839069213541
40.718163265306124,-73.87612244897959,963.2890155641833,28,0.9565630710305899,0.0035255603122639136,95.77933242084877
40.718163265306124,-73.86448979591837,938.4325044411473,46,0.92587614426685,0.0057919919415764295,92.60442035173185
40.718163265306124,-73.85285714285715,949.0837333365301,82,0.9390257564323936,0.01032485520020146,93.7283326406722
40.718163265306124,-73.84122448979592,993.6113513706199,69,0.9939979022340446,0.008687987912364643,99.31167822919649
40.718163265306124,-73.82959183673469,937.4440017868333,27,0.9246557755510416,0.0033996474439687736,92.5848565383512
40.718163265306124,-73.81795918367347,968.0737350436056,49,0.962470108246042,0.006169730546461848,96.25808475165042
40.718163265306124,-73.80632653061224,928.5790475553356,67,0.9137114318368604,0.008436162175774364,91.27081073221488
40.718163265306124,-73.79469387755103,916.461765495386,33,0.8987518848067607,0.004155124653739612,89.95456195760556
40.718163265306124,-73.7830612244898,890.7492214047713,7,0.867008131489471,0.0008813900780659784,86.91178108755292
40.718163265306124,-73.77142857142857,925.686517088849,21,0.9101404209999976,0.002644170234197935,91.16162538578088
40.718163265306124,-73.75979591836735,962.5575226508498,29,0.9556599970091173,0.003651473180559053,95.68335406254498
40.718163265306124,-73.74816326530612,884.9583791884278,44,0.8598589724577105,0.00554016620498615,85.99457831305337
40.718163265306124,-73.73653061224489,887.9254017606177,51,0.8635219484855398,0.006421556283052128,86.3240449900449
40.718163265306124,-73.72489795918368,903.3779224427233,0,0.8825990574225012,0.0,88.51323089588514
40.718163265306124,-73.71326530612245,811.000796799349,0,0.7685536841506315,0.0,77.07596006251268
40.718163265306124,-73.70163265306122,764.8721345691828,0,0.7116049485634182,0.0,71.36474097626031
40.718163265306124,-73.69,725.1411122123241,0,0.6625545018905741,0.0,66.44561776239831
40.726938775510206,-74.26,327.25619920610023,0,0.171340544896288,0.0,17.18323295803383
40.726938775510206,-74.24836734693878,337.784164648773,0,0.18433798057466344,0.0,18.48670707301211
40.726938775510206,-74.23673469387755,348.06091285377795,0,0.1970252727684628,0.0,19.75907782159738
40.726938775510206,-74.22510204081632,357.82985745711005,0,0.20908564946886227,0.0,20.96857708244103
40.726938775510206,-74.21346938775511,366.7859579218648,0,0.2201425189422261,0.0,22.077437592149256
40.726938775510206,-74.20183673469388,374.5885765933558,0,0.2297753425735173,0.0,23.04348478547598
40.726938775510206,-74.19020408163266,380.88648413496577,0,0.2375505056500072,0.0,23.82323273428108
40.726938775510206,-74.17857142857143,385.354673312852,0,0.24306676629453738,0.0,24.376442085690407
40.726938775510206,-74.1669387755102,391.5942789778913,0,0.2507699520364908,0.0,25.148971641979085
40.726938775510206,-74.15530612244898,396.82711012341815,0,0.25723021129552176,0.0,25.79685180300237
40.726938775510206,-74.14367346938776,399.7724659592972,0,0.26086643837426937,0.0,26.161518187250483
40.726938775510206,-74.13204081632654,402.4750987895904,0,0.2642030086323385,0.0,26.496132881396296
40.726938775510206,-74.12040816326531,420.0176661450256,0,0.2858604116773424,0.0,28.668089332296994
40.726938775510206,-74.10877551020408,448.60445845155823,0,0.321152605242988,0.0,32.20743831712475
40.726938775510206,-74.09714285714286,481.2250021145478,0,0.3614247186310906,0.0,36.24620862965638
40.726938775510206,-74.08551020408163,519.0504666499986,0,0.4081226342902229,0.0,40.92940351450508
40.726938775510206,-74.07387755102042,563.0478886412194,0,0.46244021972105553,0.0,46.37675238771461
40.726938775510206,-74.06224489795919,614.5840168283497,0,0.5260648122287113,0.0,52.757473282356216
40.726938775510206,-74.05061224489796,675.080710446152,0,0.6007517864910573,0.0,60.247607496983505
40.726938775510206,-74.03897959183674,745.338171054098,0,0.6874890416758486,0.0,68.94622849695082
40.726938775510206,-74.02734693877551,819.7657001988201,0,0.7793745088182397,0.0,78.16114834164472
40.726938775510206,-74.01571428571428,901.8576623772035,5,0.8807222007284333,0.0006295643414756988,88.2979477565155
40.726938775510206,-74.00408163265307,991.8071723638072,1256,0.9917705297449334,0.15814656257869555,92.66454939030976
40.726938775510206,-73.99244897959184,963.4801963937495,1778,0.9567990957923309,0.2238730798287585,86.33243271732495
40.726938775510206,-73.98081632653061,991.784563818689,1573,0.9917426180736275,0.19806094182825484,90.94622411712685
40.726938775510206,-73.96918367346939,952.7150949031451,140,0.9435089007439901,0.017627801561319566,93.86405208584722
40.726938775510206,-73.95755102040816,982.7495451483118,176,0.9805883191104903,0.0221606648199446,97.3878133704852
40.726938775510206,-73.94591836734693,957.3247195291392,63,0.9491997723472505,0.007932510702593805,94.85147772693159
40.726938775510206,-73.93428571428572,943.378033558183,21,0.9319817110968533,0.002644170234197935,93.35202332145593
40.726938775510206,-73.9226530612245,841.6109761335049,11,0.806343876297978,0.0013850415512465374,80.80629658884833
40.726938775510206,-73.91102040816327,936.4924129075011,54,0.9234809792127819,0.006799294887937547,92.32092234784666
40.726938775510206,-73.89938775510204,968.5915973188705,47,0.9631094418048064,0.005917904809871569,96.33302511866825
40.726938775510206,-73.88775510204081,949.5278139698631,25,0.9395740019124141,0.003147821707378494,94.09178453887704
40.726938775510206,-73.87612244897959,939.7346780936131,38,0.9274837595636668,0.004784688995215311,92.80893733595771
40.726938775510206,-73.86448979591837,964.3858118849741,63,0.9579171350906766,0.007932510702593805,95.72571607425705
40.726938775510206,-73.85285714285715,991.4830483579739,83,0.9913703782683184,0.0104507680684966,98.97240711662324
40.726938775510206,-73.84122448979592,926.2083945356773,28,0.9107847115406611,0.0035255603122639136,91.1883570855701
40.726938775510206,-73.82959183673469,932.6981905405851,13,0.9187967729972527,0.0016368672878368168,92.07303918101425
40.726938775510206,-73.81795918367347,948.2355797976485,64,0.9379786575292838,0.008058423570888944,93.72073378652944
40.726938775510206,-73.80632653061224,971.8019777451556,151,0.9670728584137388,0.019012843112566104,96.16768192526214
40.726938775510206,-73.79469387755103,936.4541953722046,11,0.9234337972611021,0.0013850415512465374,92.54889604284783
40.726938775510206,-73.7830612244898,913.5802157151163,9,0.895194430317854,0.001133215814656258,89.72767754360468
40.726938775510206,-73.77142857142857,964.7437421034465,3,0.9583590224636238,0.0003777386048854193,96.09473689738796
40.726938775510206,-73.75979591836735,917.7799891160554,19,0.9003793147990666,0.0023923444976076554,90.19353662408304
40.726938775510206,-73.74816326530612,861.9348045362491,37,0.8314349210816455,0.004658776126920171,83.18189713328495
40.726938775510206,-73.73653061224489,911.3777629277878,122,0.8924753637903432,0.015361369932007051,88.84346223016065
40.726938775510206,-73.72489795918368,948.4885022745437,26,0.9382909062389668,0.0032737345756736337,93.95769494088427
40.726938775510206,-73.71326530612245,867.1659549042778,12,0.8378931053151133,0.0015109544195416771,83.96486305223073
40.726938775510206,-73.70163265306122,856.4147542030695,0,0.8246200716658136,0.0,82.69869108844655
40.726938775510206,-73.69,788.5535068294934,0,0.7408410924703371,0.0,74.29674677705472
40.73571428571429,-74.26,314.9262417319371,0,0.15611843668742462,0.0,15.656653060534243
40.73571428571429,-74.24836734693878,324.08715670153896,0,0.1674281625523908,0.0,16.790871784694637
40.73571428571429,-74.23673469387755,332.9275411129462,0,0.17834217327792443,0.0,17.88540541604757
40.73571428571429,-74.22510204081632,341.23361176073723,0,0.18859654004732168,0.0,18.913785319603548
40.73571428571429,-74.21346938775511,348.7616991123208,0,0.19789043749276755,0.0,19.845842615148147
40.73571428571429,-74.20183673469388,355.2500765990646,0,0.20590074769944333,0.0,20.64917276932001
40.73571428571429,-74.19020408163266,360.43812074652095,0,0.2123057145916995,0.0,21.29150782355221
40.73571428571429,-74.17857142857143,364.22415854105935,0,0.21697981643771755,0.0,21.76025957719184
40.73571428571429,-74.1669387755102,370.1247062077727,0,0.2242644137497909,0.0,22.490810146495733
40.73571428571429,-74.15530612244898,374.376276060775,0,0.22951324420971386,0.0,23.017199721156377
40.73571428571429,-74.14367346938776,376.7553415945601,0,0.232450350283854,0.0,23.31175334198766
40.73571428571429,-74.13204081632654,390.5922377358668,0,0.24953286908240896,0.0,25.024908276817804
40.73571428571429,-74.12040816326531,414.9079411068052,0,0.27955213465267986,0.0,28.03545101692219
40.73571428571429,-74.10877551020408,442.2718790794635,0,0.31333463761047714,0.0,31.42339762687763
40.73571428571429,-74.09714285714286,473.2107764977641,0,0.3515306529131383,0.0,35.25396224549448
40.73571428571429,-74.08551020408163,508.31680182202535,0,0.3948712497796555,0.0,39.60046162746142
40.73571428571429,-74.07387755102042,548.1809032419659,0,0.4440859909281951,0.0,44.53606144498605
40.73571428571429,-74.06224489795919,593.3993333101333,0,0.4999109876465464,0.0,50.13458410682035
40.73571428571429,-74.05061224489796,643.6106490383751,0,0.5619000158265952,0.0,56.35127912611452
40.73571428571429,-74.03897959183674,708.0989000612876,0,0.6415148188239387,0.0,64.335610608423
40.73571428571429,-74.02734693877551,792.3318014339493,0,0.7455056348610558,0.0,74.76453984139252
40.73571428571429,-74.01571428571428,891.586943883955,60,0.8680423525931408,0.007554772097708386,86.72867706706386
40.73571428571429,-74.00408163265307,977.4019087468669,1969,0.9739863255403562,0.24792243767313019,87.02244374115473
40.73571428571429,-73.99244897959184,985.575261527124,1046,0.9840768437526856,0.13170486023671618,93.02944092650019
40.73571428571429,-73.98081632653061,986.2549455357282,383,0.9849159564218483,0.04822462855703853,96.70158609964423
40.73571428571429,-73.96918367346939,923.0651971369444,3,0.9069042366058863,0.0003777386048854193,90.93448966732093
40.73571428571429,-73.95755102040816,979.7489933072388,168,0.9768839490908187,0.02115336187358348,97.05960716757444
40.73571428571429,-73.94591836734693,890.7110862895187,7,0.8669610512905206,0.0008813900780659784,86.9070595546153
40.73571428571429,-73.93428571428572,913.7403491982617,57,0.8953921251771759,0.007177033492822967,89.48773956863934
40.73571428571429,-73.9226530612245,934.8914144442087,96,0.9215044458872187,0.012087635356333417,91.89540802899977
40.73571428571429,-73.91102040816327,900.9330397146488,8,0.8795806958812943,0.001007302946361118,88.16723437232025
40.73571428571429,-73.89938775510204,946.8181453458773,28,0.9362287455243928,0.0035255603122639136,93.74006347590075
40.73571428571429,-73.88775510204081,967.0028638748552,55,0.9611480504171622,0.006925207756232687,96.09302898391587
40.73571428571429,-73.87612244897959,994.0641718205362,95,0.99455693756748,0.011961722488038277,99.22703660755862
40.73571428571429,-73.86448979591837,942.9418592779878,240,0.9314432265071889,0.030219088390833544,92.11284612662963
40.73571428571429,-73.85285714285715,995.207813993468,181,0.9959688357792188,0.022790229161420296,98.90322080943837
40.73571428571429,-73.84122448979592,971.4472222261861,27,0.9666348904070559,0.0033996474439687736,96.79481694427598
40.73571428571429,-73.82959183673469,902.9399333005188,19,0.882058332271509,0.0023923444976076554,88.35617985028705
40.73571428571429,-73.81795918367347,951.0240921566003,63,0.9414212514683679,0.007932510702593805,94.0713930341248
40.73571428571429,-73.80632653061224,985.8714953560454,62,0.9844425630512652,0.007806597834298665,98.39128400014116
40.73571428571429,-73.79469387755103,971.6921085569367,20,0.9669372179887501,0.0025182573659027953,96.8630187567422
40.73571428571429,-73.7830612244898,930.5490328845806,24,0.9161435026622852,0.0030219088390833542,91.74742130447488
40.73571428571429,-73.77142857142857,991.2488292499667,13,0.9910812200442013,0.0016368672878368168,99.3222310964608
40.73571428571429,-73.75979591836735,943.1430292875112,15,0.9316915835400303,0.0018886930244270965,93.35539781829901
40.73571428571429,-73.74816326530612,917.9215074354569,20,0.9005540280676225,0.0025182573659027953,90.20564634320992
40.73571428571429,-73.73653061224489,975.3221649899093,22,0.971418751030756,0.002770083102493075,97.30163485005498
40.73571428571429,-73.72489795918368,893.1532508629516,10,0.869976057098817,0.0012591286829513977,87.19319024505592
40.73571428571429,-73.71326530612245,968.0370034689655,13,0.9624247608062779,0.0016368672878368168,96.44836014469223
40.73571428571429,-73.70163265306122,940.5745524821413,4,0.9285206373348042,0.000503651473180559,93.09692236381296
40.73571428571429,-73.69,828.418327840839,0,0.7900567219997375,0.0,79.2324356876501
40.74448979591837,-74.26,303.1253704133996,0,0.14154951862375195,0.0,14.195579657352727
40.74448979591837,-74.24836734693878,311.11590397679345,0,0.1514143350112709,0.0,15.184892713276366
40.74448979591837,-74.23673469387755,318.75040902616286,0,0.1608396117996244,0.0,16.13012565184475
40.74448979591837,-74.22510204081632,325.85244561724085,0,0.16960752277735744,0.0,17.009433331045166
40.74448979591837,-74.21346938775511,332.2277487952617,0,0.17747823563614049,0.0,17.798763682948298
40.74448979591837,-74.20183673469388,337.6741810790751,0,0.18420219893854287,0.0,18.473089937112984
40.74448979591837,-74.19020408163266,341.9960526133976,0,0.18953782124690194,0.0,19.008183607768185
40.74448979591837,-74.17857142857143,345.8938348295401,0,0.19434987861149813,0.0,19.49077050950431
40.74448979591837,-74.1669387755102,350.7860850033851,0,0.20038966923422727,0.0,20.096483123240436
40.74448979591837,-74.15530612244898,354.2869809654337,0,0.20471174554908447,0.0,20.529931284768956
40.74448979591837,-74.14367346938776,364.0717901832485,0,0.21679170811414353,0.0,21.741394753648322
40.74448979591837,-74.13204081632654,384.7062130787937,0,0.24226620133941373,0.0,24.29615581059857
40.74448979591837,-74.12040816326531,407.59523537145134,0,0.2705241393626403,0.0,27.130060256628518
40.74448979591837,-74.10877551020408,433.0413484503946,0,0.30193896683421184,0.0,30.280559743525792
40.74448979591837,-74.09714285714286,461.3488605581403,0,0.3368863714242721,0.0,33.785330868849066
40.74448979591837,-74.08551020408163,493.9492842845449,0,0.3771336454848674,0.0,37.821610119201935
40.74448979591837,-74.07387755102042,534.4024385640378,0,0.4270756094472436,0.0,42.83014094689765
40.74448979591837,-74.06224489795919,581.989416340498,0,0.4858247273224633,0.0,48.72191501088196
40.74448979591837,-74.05061224489796,638.6981328403463,0,0.5558352055220273,0.0,55.74305736300086
40.74448979591837,-74.03897959183674,707.182059395229,0,0.640382921341058,0.0,64.22209598090315
40.74448979591837,-74.02734693877551,790.5181468369753,0,0.7432665641597586,0.0,74.53999010920165
40.74448979591837,-74.01571428571428,896.5270504286152,0,0.8741412249163997,0.0,87.66502006312315
40.74448979591837,-74.00408163265307,983.4332007608589,1535,0.9814323349745836,0.19327625283303954,90.11788319260734
40.74448979591837,-73.99244897959184,988.3891286399078,752,0.9875507397305031,0.0946864769579451,94.96888335531638
40.74448979591837,-73.98081632653061,988.426172532769,449,0.9875964727467599,0.05653487786451775,96.61323131871697
40.74448979591837,-73.96918367346939,948.3642636406508,52,0.9381375258292775,0.006547469151347267,93.80160726609832
40.74448979591837,-73.95755102040816,966.2942318429862,265,0.9602731995920901,0.033366910098212035,94.86882440929303
40.74448979591837,-73.94591836734693,979.3664568021477,51,0.9764116837090004,0.006421556283052128,97.64542032528527
40.74448979591837,-73.93428571428572,992.3752758901243,45,0.9924718892889185,0.005666079073281289,99.28852103754417
40.74448979591837,-73.9226530612245,979.5999502530141,167,0.9766999460637245,0.02102744900528834,97.04656580623067
40.74448979591837,-73.91102040816327,968.035411765375,113,0.9624227957480576,0.014228154117350794,95.90698765063023
40.74448979591837,-73.89938775510204,950.4927703831036,196,0.9407653013122671,0.024678922185847392,93.28584643231261
40.74448979591837,-73.88775510204081,987.5695927681325,756,0.9865389711378417,0.09519012843112566,94.8457690794575
40.74448979591837,-73.87612244897959,965.2721369997466,488,0.9590113592056885,0.061445479728028204,93.53545699895469
40.74448979591837,-73.86448979591837,962.059549585167,318,0.9550452179308596,0.04004029211785445,94.05770272372149
40.74448979591837,-73.85285714285715,964.4417547091628,208,0.9579862000266338,0.02618987660538907,94.94793802586679
40.74448979591837,-73.84122448979592,983.9454901718245,8,0.9820647884817684,0.001007302946361118,98.44505879918074
40.74448979591837,-73.82959183673469,955.8498079777935,45,0.9473789012469136,0.005666079073281289,94.76627956359175
40.74448979591837,-73.81795918367347,970.3216101771483,29,0.9652452515175821,0.003651473180559053,96.6446306902147
40.74448979591837,-73.80632653061224,961.4241914017186,6,0.954260828281495,0.0007554772097708386,95.66750594545404
40.74448979591837,-73.79469387755103,946.6485142482198,19,0.9360193252624381,0.0023923444976076554,93.76776712970893
40.74448979591837,-73.7830612244898,975.3786360595607,11,0.9714884681189703,0.0013850415512465374,97.36815586586405
40.74448979591837,-73.77142857142857,920.7593037283511,12,0.9040574661237282,0.0015109544195416771,90.60028974579006
40.74448979591837,-73.75979591836735,963.8707314685884,27,0.9572812359117119,0.0033996474439687736,95.85676679216668
40.74448979591837,-73.74816326530612,956.5815873980221,17,0.9482823289791731,0.002140518761017376,95.00841075903782
40.74448979591837,-73.73653061224489,958.6388407854702,2,0.9508221377126911,0.0002518257365902795,95.34429692645028
40.74448979591837,-73.72489795918368,904.3959353774443,13,0.8838558584360341,0.0016368672878368168,88.56891892135476
40.74448979591837,-73.71326530612245,953.3268051864683,5,0.9442640955729042,0.0006295643414756988,94.67037514880803
40.74448979591837,-73.70163265306122,910.0981042593692,4,0.890895544657804,0.000503651473180559,89.32361387499121
40.74448979591837,-73.69,811.7833629719995,0,0.7695198113238715,0.0,77.17285007937889
40.75326530612245,-74.26,291.8893003517872,0,0.12767788324474647,0.0,12.804434657956154
40.75326530612245,-74.24836734693878,298.87954095755725,0,0.136307775045265,0.0,13.66990080492502
40.75326530612245,-74.23673469387755,305.50071873784435,0,0.14448203556910297,0.0,14.489673048125178
40.75326530612245,-74.22510204081632,311.6078701245159,0,0.15202169817139707,0.0,15.2458033557451
40.75326530612245,-74.21346938775511,317.0459149538367,0,0.15873530663355356,0.0,15.919091153820505
40.75326530612245,-74.20183673469388,321.65766901428526,0,0.16442880715761582,0.0,16.49007536488898
40.75326530612245,-74.19020408163266,325.29443722838056,0,0.16891862631567184,0.0,16.94034595658704
40.75326530612245,-74.17857142857143,329.19833073670225,0,0.1737382284549392,0.0,17.423689501304946
40.75326530612245,-74.1669387755102,333.29724764440914,0,0.17879859925013442,0.0,17.931179017464142
40.75326530612245,-74.15530612244898,340.1882503760751,0,0.18730597565178025,0.0,18.784358459957716
40.75326530612245,-74.14367346938776,357.79629179763856,0,0.2090442105505491,0.0,20.96442129673756
40.75326530612245,-74.13204081632654,377.09047760506576,0,0.23286409677302833,0.0,23.353246745159424
40.75326530612245,-74.12040816326531,399.82527257135,0,0.26093163145903836,0.0,26.1680562075627
40.75326530612245,-74.10877551020408,425.6731650832073,0,0.2928424809174439,0.0,29.368300262257602
40.75326530612245,-74.09714285714286,455.43336812228745,0,0.329583323854485,0.0,33.05292997814796
40.75326530612245,-74.08551020408163,489.6467593915351,0,0.37182190782235214,0.0,37.288911768544715
40.75326530612245,-74.07387755102042,529.3810488074247,0,0.4208763878851084,0.0,42.208439479068694
40.75326530612245,-74.06224489795919,576.0623889265822,0,0.4785074390965646,0.0,47.98808596719121
40.75326530612245,-74.05061224489796,631.6195674470542,0,0.5470962712145899,0.0,54.86665566776554
40.75326530612245,-74.03897959183674,698.650140166353,0,0.629849730289639,0.0,63.1657536205029
40.75326530612245,-74.02734693877551,780.3308617590584,0,0.7306897198246879,0.0,73.27869584743041
40.75326530612245,-74.01571428571428,878.6880437600198,0,0.8521178488895959,0.0,85.45636127182532
40.75326530612245,-74.00408163265307,995.0464840838983,787,0.995769663856206,0.09909342734827499,95.6037233796507
40.75326530612245,-73.99244897959184,995.5015565663452,6994,0.9963314794654811,0.8806346008562075,62.069307612221095
40.75326530612245,-73.98081632653061,979.845577626729,475,0.9770031885095789,0.05980861244019139,95.4101567813887
40.75326530612245,-73.96918367346939,995.8630482087526,374,0.9967777636403337,0.04709141274238227,97.93987720671035
40.75326530612245,-73.95755102040816,933.5716104468572,15,0.9198750648204734,0.0018886930244270965,92.17035434809168
40.75326530612245,-73.94591836734693,953.6761038083033,949,0.9446953266967684,0.11949131201208764,89.60492602923146
40.75326530612245,-73.93428571428572,974.7614831364724,168,0.9707265540088565,0.02115336187358348,96.44210035287362
40.75326530612245,-73.9226530612245,974.9631332062438,220,0.9709755037062758,0.027700831024930747,96.18565555600394
40.75326530612245,-73.91102040816327,983.0142641527608,267,0.9809151313755861,0.033618735834802314,96.92811876318808
40.75326530612245,-73.89938775510204,985.5889332316889,214,0.9840937223320904,0.02694535381515991,97.53371315851638
40.75326530612245,-73.88775510204081,983.421963447429,415,0.9814184618041882,0.052253840342483,96.17765664499083
40.75326530612245,-73.87612244897959,956.5480627203727,1646,0.9482409406554976,0.20725258121380005,86.1885123866872
40.75326530612245,-73.86448979591837,936.4747835971891,1097,0.9234592147200998,0.1381264165197683,86.67427997702352
40.75326530612245,-73.85285714285715,959.7798192522787,301,0.9522307474116407,0.03789977335683707,93.86744767957606
40.75326530612245,-73.84122448979592,965.8205454908456,35,0.9596884039896353,0.004406950390329891,96.05488047569058
40.75326530612245,-73.82959183673469,974.2417319895923,242,0.9700848885192498,0.030470914127423823,95.97727981801428
40.75326530612245,-73.81795918367347,918.3084377572604,73,0.9010317178925976,0.009191639385545203,89.96672945825243
40.75326530612245,-73.80632653061224,937.1523942478193,36,0.9242957676984037,0.004532863258625032,92.50004663481197
40.75326530612245,-73.79469387755103,912.9728317280714,19,0.8944445765738728,0.0023923444976076554,89.59835940242671
40.75326530612245,-73.7830612244898,891.8481104032819,30,0.868364779091858,0.003777386048854193,86.92336488763121
40.75326530612245,-73.77142857142857,946.2161217962217,14,0.9354855095776069,0.0017627801561319568,93.74129111570834
40.75326530612245,-73.75979591836735,996.2974501230754,36,0.9973140601328248,0.004532863258625032,99.82283371861608
40.75326530612245,-73.74816326530612,957.7919718688402,13,0.9497766247565695,0.0016368672878368168,95.17991624918228
40.75326530612245,-73.73653061224489,889.7993008581753,6,0.8658353948129328,0.0007554772097708386,86.79958257317145
40.75326530612245,-73.72489795918368,936.0568581847806,9,0.9229432595057978,0.001133215814656258,92.51052498078157
40.75326530612245,-73.71326530612245,937.5387042259558,1,0.9247726916700946,0.00012591286829513975,92.73728731802787
40.75326530612245,-73.70163265306122,899.3978593471029,14,0.8776854191357034,0.0017627801561319568,87.94469218660007
40.75326530612245,-73.69,799.8293191517657,0,0.7547617921704076,0.0,75.69281229108663
40.76204081632653,-74.26,281.2292519846783,0,0.1145173828865031,0.0,11.484607271876197
40.76204081632653,-74.24836734693878,287.3645210656273,0,0.12209175855133388,0.0,12.24421884915483
40.76204081632653,-74.23673469387755,293.13219497547425,0,0.12921231485115095,0.0,12.958318233889557
40.76204081632653,-74.22510204081632,298.4133227981871,0,0.13573219939662706,0.0,13.61217803731328
40.76204081632653,-74.21346938775511,303.08369299967677,0,0.14149806523448571,0.0,14.190419550182664
40.76204081632653,-74.20183673469388,307.02013819019817,0,0.14635785447333252,0.0,14.677793339431421
40.76204081632653,-74.19020408163266,310.10835286575895,0,0.15017044977725727,0.0,15.060147167719403
40.76204081632653,-74.17857142857143,313.9518515739191,0,0.15491549073614438,0.0,15.536013193716474
40.76204081632653,-74.1669387755102,319.64496085506835,0,0.16194399231079565,0.0,16.240880684223427
40.76204081632653,-74.15530612244898,336.0596077216908,0,0.18220890655219424,0.0,18.273188580146744
40.76204081632653,-74.14367346938776,354.2305809809009,0,0.20464211621992132,0.0,20.522948366718555
40.76204081632653,-74.13204081632654,374.44928555640456,0,0.22960337902526992,0.0,23.026239073367304
40.76204081632653,-74.12040816326531,397.07243335577584,0,0.25753307825973654,0.0,25.827225428839412
40.76204081632653,-74.10877551020408,422.53952214318923,0,0.28897380156304625,0.0,28.980321931578256
40.76204081632653,-74.09714285714286,451.3945115788253,0,0.3245971013574906,0.0,32.55287657398547
40.76204081632653,-74.08551020408163,484.3106088893585,0,0.3652340943174701,0.0,36.62823957208947
40.76204081632653,-74.07387755102042,522.1118950185378,0,0.411902160212939,0.0,41.3084409130395
40.76204081632653,-74.06224489795919,565.7683706231733,0,0.46579882587978244,0.0,46.71357699670966
40.76204081632653,-74.05061224489796,616.2825647492203,0,0.5281617764967237,0.0,52.96777158357698
40.76204081632653,-74.03897959183674,675.3447889186501,0,0.6010778079791623,0.0,60.28030322106226
40.76204081632653,-74.02734693877551,746.5175906466243,0,0.6889451093629196,0.0,69.09225318879916
40.76204081632653,-74.01571428571428,825.2416749029752,0,0.7861349440971379,0.0,78.83913226171066
40.76204081632653,-74.00408163265307,924.7570971957109,126,0.9089929936698983,0.01586502140518761,90.47831912069802
40.76204081632653,-73.99244897959184,988.3550322468071,4098,0.987508645588135,0.5159909342734827,76.85693216456009
40.76204081632653,-73.98081632653061,985.8229195697435,1437,0.984382593187057,0.18093679174011584,90.94410771796308
40.76204081632653,-73.96918367346939,992.6585540736054,187,0.9928216140281316,0.023545706371191136,98.55512478768297
40.76204081632653,-73.95755102040816,973.7556161313046,129,0.9694847479094865,0.01624276001007303,96.52862173298587
40.76204081632653,-73.94591836734693,946.0369925790743,69,0.9352643632895925,0.008687987912364643,93.42146652978138
40.76204081632653,-73.93428571428572,985.5942651385591,437,0.9841003049065646,0.05502392344497608,96.32755210928329
40.76204081632653,-73.9226530612245,981.4132505918922,226,0.9789385794111152,0.028456308234701588,96.95177817720777
40.76204081632653,-73.91102040816327,997.5292842318854,308,0.9988348368377703,0.038781163434903045,98.5033507312562
40.76204081632653,-73.89938775510204,967.78668418179,149,0.9621157258980767,0.018761017375975825,95.68136937717566
40.76204081632653,-73.88775510204081,970.7769242769823,369,0.9658073654187224,0.04646184840090657,94.86100697689537
40.76204081632653,-73.87612244897959,921.0109779962106,594,0.9043681738408287,0.07479224376731301,87.4818087283904
40.76204081632653,-73.86448979591837,943.0572352907641,469,0.9315856654535413,0.05905313523042055,90.88783918286867
40.76204081632653,-73.85285714285715,965.1572296367937,25,0.958869498837027,0.003147821707378494,96.02687245923669
40.76204081632653,-73.84122448979592,962.4998300036459,34,0.9555887718065621,0.004281037522034752,95.64915232789366
40.76204081632653,-73.82959183673469,963.1194089114916,469,0.9563536809474833,0.05905313523042055,93.37174969218921
40.76204081632653,-73.81795918367347,948.1856478716885,74,0.9379170134253497,0.009317552253840343,93.66043414051298
40.76204081632653,-73.80632653061224,933.4603175850337,42,0.9197376667808532,0.00528834046839587,92.01045774335869
40.76204081632653,-73.79469387755103,937.0596486084157,22,0.9241812673717108,0.002770083102493075,92.56432829744651
40.76204081632653,-73.7830612244898,972.2776562109415,24,0.9676601134058174,0.0030219088390833542,96.91386876821024
40.76204081632653,-73.77142857142857,922.6124712652081,161,0.9063453180351643,0.020271971795517502,90.02338021816873
40.76204081632653,-73.75979591836735,912.8457187211975,16,0.8942876475699049,0.002014605892722236,89.59885672271443
40.76204081632653,-73.74816326530612,914.4855480605877,2,0.8963121200549538,0.0002518257365902795,89.87764959830973
40.76204081632653,-73.73653061224489,991.0208409531697,7,0.9907997541485184,0.0008813900780659784,99.32647424550328
40.76204081632653,-73.72489795918368,908.4346825030755,9,0.8888419458498324,0.001133215814656258,89.09060579539484
40.76204081632653,-73.71326530612245,822.0129085181413,0,0.7821488288656725,0.0,78.4393766366699
40.76204081632653,-73.70163265306122,806.0945508651766,0,0.7624966148812716,0.0,76.46851462476553
40.76204081632653,-73.69,752.6708853014093,0,0.6965417387326828,0.0,69.85409652386906
40.770816326530614,-74.26,271.13984641147164,0,0.10206137695783016,0.0,10.235431533999373
40.770816326530614,-74.24836734693878,276.5434154857477,0,0.108732422931432,0.0,10.904450866858035
40.770816326530614,-74.23673469387755,281.5898858116108,0,0.11496260803418482,0.0,11.529257575959335
40.770816326530614,-74.22510204081632,286.18156699489066,0,0.12063132732854974,0.0,12.097756551305386
40.770816326530614,-74.21346938775511,290.2185184567782,0,0.12561519788248712,0.0,12.597574086103283
40.770816326530614,-74.20183673469388,293.6034535505144,0,0.12979411321003806,0.0,13.016665058579594
40.770816326530614,-74.19020408163266,296.24932164614364,0,0.13306060383195978,0.0,13.34425167472867
40.770816326530614,-74.17857142857143,302.8581241510785,0,0.14121958629981735,0.0,14.162491727195944
40.770816326530614,-74.1669387755102,317.4188215133928,0,0.15919568324176595,0.0,15.965260952755903
40.770816326530614,-74.15530612244898,333.4109369385974,0,0.17893895583627425,0.0,17.9452549614755
40.770816326530614,-74.14367346938776,351.04560088728545,0,0.20071005791966498,0.0,20.128613950315405
40.770816326530614,-74.13204081632654,370.5731853931643,0,0.22481808951905116,0.0,22.546336640427313
40.770816326530614,-74.12040816326531,392.2902924152075,0,0.2516292244127217,0.0,25.23514550949022
40.770816326530614,-74.10877551020408,416.54611569013235,0,0.2815745642372643,0.0,28.238274456722557
40.770816326530614,-74.09714285714286,443.74508695582585,0,0.3151534054168649,0.0,31.605796433491967
40.770816326530614,-74.08551020408163,474.33807256304055,0,0.3529223708266041,0.0,35.393533490195644
40.770816326530614,-74.07387755102042,508.7830783052322,0,0.3954468974327391,0.0,39.65819161618458
40.770816326530614,-74.06224489795919,548.2484639562872,0,0.44416939888043033,0.0,44.5444261801086
40.770816326530614,-74.05061224489796,594.1403983325006,0,0.5008258790388254,0.0,50.22633583980536
40.770816326530614,-74.03897959183674,645.5033436447063,0,0.5642366663920394,0.0,56.58561485226651
40.770816326530614,-74.02734693877551,702.2104601050428,0,0.6342451692421637,0.0,63.60655910247311
40.770816326530614,-74.01571428571428,780.4548675704805,0,0.7308428128003895,0.0,73.29404908601916
40.770816326530614,-74.00408163265307,883.6112195325509,0,0.858195819109506,0.0,86.06590280365555
40.770816326530614,-73.99244897959184,958.5343625760945,1021,0.9506931527902437,0.1285570385293377,89.81678383986595
40.770816326530614,-73.98081632653061,977.681428751839,591,0.974331410571764,0.0744145051624276,94.51444863704272
40.770816326530614,-73.96918367346939,993.6966725736119,117,0.9941032366268984,0.014731805590531352,99.06247769811871
40.770816326530614,-73.95755102040816,974.8414118255444,103,0.9708252310040202,0.012969025434399395,96.80376040058346
40.770816326530614,-73.94591836734693,960.3243613624956,65,0.9529030189051453,0.008184336439184085,95.2120417866602
40.770816326530614,-73.93428571428572,982.8615731773889,328,0.9807266247603363,0.04129942080080584,96.57909698738109
40.770816326530614,-73.9226530612245,984.3963284466566,169,0.9826213766953589,0.02127927474187862,97.62958494047733
40.770816326530614,-73.91102040816327,962.9774598264047,524,0.9561784358715882,0.06597834298665324,93.05652840212187
40.770816326530614,-73.89938775510204,961.8609332731518,66,0.9548000135982512,0.008310249307479225,95.39687398052446
40.770816326530614,-73.88775510204081,883.5289297926789,30,0.8580942272485904,0.003777386048854193,85.89336183121945
40.770816326530614,-73.87612244897959,904.1042213183346,176,0.8834957190776365,0.0221606648199446,87.65068567618735
40.770816326530614,-73.86448979591837,921.4810948937705,20,0.9049485627270408,0.0025182573659027953,90.6463611363177
40.770816326530614,-73.85285714285715,924.4407057910613,1,0.908602388575921,0.00012591286829513975,91.11561577941225
40.770816326530614,-73.84122448979592,972.8451334599617,13,0.9683606997710791,0.0016368672878368168,97.04365778494773
40.770816326530614,-73.82959183673469,975.2940152437375,59,0.9713839983981393,0.007428859229413246,97.09791470506737
40.770816326530614,-73.81795918367347,943.6694244730593,17,0.932341451513365,0.002140518761017376,93.40974763341129
40.770816326530614,-73.80632653061224,991.6812978068932,8,0.9916151296853547,0.001007302946361118,99.40283407548365
40.770816326530614,-73.79469387755103,921.0994343416434,15,0.9044773787642649,0.0018886930244270965,90.62616627119108
40.770816326530614,-73.7830612244898,957.383198826623,30,0.9492719687190663,0.003777386048854193,95.0373059760388
40.770816326530614,-73.77142857142857,996.7252961926665,14,0.997842263022551,0.0017627801561319568,99.99486420665261
40.770816326530614,-73.75979591836735,928.0370261547312,1,0.9130422723179562,0.00012591286829513975,91.56087849695619
40.770816326530614,-73.74816326530612,955.6840145515049,5,0.9471742188317007,0.0006295643414756988,94.96222274344923
40.770816326530614,-73.73653061224489,985.8428404074994,15,0.984407186714534,0.0018886930244270965,98.64208866207483
40.770816326530614,-73.72489795918368,856.104091949804,1,0.8242365395696547,0.00012591286829513975,82.65481604252297
40.770816326530614,-73.71326530612245,761.1599824545906,0,0.707022063237618,0.0,70.9051370557706
40.770816326530614,-73.70163265306122,720.736121158059,0,0.6571162633055987,0.0,65.90023301097499
40.770816326530614,-73.69,690.8539143962623,0,0.6202247990973192,0.0,62.20049793637521
40.779591836734696,-74.26,261.6048813934397,0,0.09028986277569706,0.0,9.054901434816912
40.779591836734696,-74.24836734693878,266.3809189854152,0,0.09618618165489777,0.0,9.646225694684802
40.779591836734696,-74.23673469387755,270.81567984797846,0,0.10166117294110677,0.0,10.195296265057271
40.779591836734696,-74.22510204081632,274.82875171175675,0,0.10661556262885584,0.0,10.69215725158561
40.779591836734696,-74.21346938775511,278.3392987464149,0,0.11094955380002149,0.0,11.126800318568261
40.779591836734696,-74.20183673469388,281.26985748860784,0,0.11456751293569314,0.0,11.489634665211216
40.779591836734696,-74.19020408163266,287.18153628115954,0,0.12186585232289956,0.0,12.221563386303306
40.779591836734696,-74.17857142857143,300.0984342177116,0,0.13781257545840536,0.0,13.820812756734135
40.779591836734696,-74.1669387755102,314.17850212610455,0,0.1551953051019437,0.0,15.564074943114115
40.779591836734696,-74.15530612244898,329.5729773791669,0,0.17420075330497495,0.0,17.470074741014873
40.779591836734696,-74.14367346938776,346.45562661083835,0,0.19504344590917064,0.0,19.56032630819279
40.779591836734696,-74.13204081632654,365.02451489535713,0,0.2179679067094238,0.0,21.859352207792327
40.779591836734696,-74.12040816326531,385.50181359837853,0,0.2432484202339659,0.0,24.39465961827053
40.779591836734696,-74.10877551020408,408.1290496812765,0,0.2711831667116499,0.0,27.196152146733116
40.779591836734696,-74.09714285714286,433.2718695666622,0,0.30222355965487696,0.0,30.309100709930643
40.779591836734696,-74.08551020408163,461.5626348374206,0,0.33715028922109297,0.0,33.811798398687316
40.779591836734696,-74.07387755102042,493.4303742759543,0,0.376493018433397,0.0,37.75736354013743
40.779591836734696,-74.06224489795919,528.7432534496061,0,0.42008898939065537,0.0,42.12947362910492
40.779591836734696,-74.05061224489796,567.2351317511533,0,0.46760963476971185,0.0,46.89517762729579
40.779591836734696,-74.03897959183674,619.699379066327,0,0.5323800487311233,0.0,53.390809543027665
40.779591836734696,-74.02734693877551,683.6476367827678,0,0.6113281960193617,0.0,61.30828410971652
40.779591836734696,-74.01571428571428,760.7318583978595,0,0.7064935171552786,0.0,70.85213074329862
40.779591836734696,-74.00408163265307,850.3002983908129,0,0.817071391290596,0.0,81.94165641523702
40.779591836734696,-73.99244897959184,950.405424884857,12,0.9406574677995683,0.0015109544195416771,94.27079491105067
40.779591836734696,-73.98081632653061,989.4231583645567,364,0.9888273144788564,0.04583228405943087,97.19666788090471
40.779591836734696,-73.96918367346939,993.103011515311,99,0.993370324701794,0.012465373961218837,99.08638772028259
40.779591836734696,-73.95755102040816,975.627929382503,152,0.9717962364097795,0.019138755980861243,96.63596368299014
40.779591836734696,-73.94591836734693,979.3334074823389,246,0.976370882244485,0.03097456560060438,96.58603639068505
40.779591836734696,-73.93428571428572,960.9893334991723,24,0.9537239688428546,0.0030219088390833542,95.51625433487703
40.779591836734696,-73.9226530612245,998.473070207102,97,1.0,0.012213548224628556,99.76208161980121
40.779591836734696,-73.91102040816327,901.6712738615324,120,0.8804920923796916,0.015109544195416772,87.6525191376739
40.779591836734696,-73.89938775510204,951.9156145087569,29,0.942521891899901,0.003651473180559053,94.36577262929198
40.779591836734696,-73.88775510204081,849.2130588165185,0,0.8157291256352969,0.0,81.80704459022775
40.779591836734696,-73.87612244897959,803.4033231033793,0,0.7591741248977807,0.0,76.13531199942302
40.779591836734696,-73.86448979591837,809.2206990704382,0,0.7663560415141006,0.0,76.85556502755537
40.779591836734696,-73.85285714285715,898.7468144850031,7,0.8768816632946574,0.0008813900780659784,87.90196818675801
40.779591836734696,-73.84122448979592,958.4835551237471,40,0.9506304277939029,0.005036514731805591,95.11942424844342
40.779591836734696,-73.82959183673469,918.2487716648766,28,0.9009580563478138,0.0035255603122639136,90.20287110220771
40.779591836734696,-73.81795918367347,942.7506110367455,20,0.9312071185214926,0.0025182573659027953,93.27975349322135
40.779591836734696,-73.80632653061224,942.8543921215748,10,0.9313352427998299,0.0012591286829513977,93.34672023793622
40.779591836734696,-73.79469387755103,950.2030171779666,5,0.9404075827514607,0.0006295643414756988,94.28361696348408
40.779591836734696,-73.7830612244898,917.4804744101369,9,0.9000095450514264,0.001133215814656258,90.21057105976993
40.779591836734696,-73.77142857142857,916.967151161563,6,0.899375815206673,0.0007554772097708386,90.16325144375244
40.779591836734696,-73.75979591836735,874.9939552173804,0,0.8475572641797936,0.0,84.99899381369791
40.779591836734696,-73.74816326530612,834.7394740690962,1,0.7978605746968946,0.00012591286829513975,80.00964907882569
40.779591836734696,-73.73653061224489,869.5409514964194,0,0.8408251880248078,0.0,84.32385394570949
40.779591836734696,-73.72489795918368,815.2190512077967,0,0.7737613845982978,0.0,77.59822483073827
40.779591836734696,-73.71326530612245,737.4939729046208,0,0.6778048855631195,0.0,67.97503332194006
40.779591836734696,-73.70163265306122,666.9817697624934,0,0.5907531346934213,0.0,59.24487248637034
40.779591836734696,-73.69,631.8720098975724,0,0.5474079273015108,0.0,54.89791072854284
40.78836734693878,-74.26,252.6014607150342,0,0.07917457352155392,0.0,7.9401821792812095
40.78836734693878,-74.24836734693878,256.8378601275778,0,0.08440467511832211,0.0,8.464693492034712
40.78836734693878,-74.23673469387755,260.7516613044171,0,0.08923650889768948,0.0,8.949263711509749
40.78836734693878,-74.22510204081632,264.2764628602972,0,0.09358809817208955,0.0,9.38567163985478
40.78836734693878,-74.21346938775511,267.34651251019744,0,0.09737826760903129,0.0,9.765776444732172
40.78836734693878,-74.20183673469388,272.642414569002,0,0.10391639187844508,0.0,10.42146545574772
40.78836734693878,-74.19020408163266,284.12228345102653,0,0.11808901223921413,0.0,11.842795342566257
40.78836734693878,-74.17857142857143,296.54904354101706,0,0.13343062936739972,0.0,13.38136043366097
40.78836734693878,-74.1669387755102,310.0308534979494,0,0.15007477193202648,0.0,15.050551921570756
40.78836734693878,-74.15530612244898,324.6883116731594,0,0.16817032618494812,0.0,16.8653011650782
40.78836734693878,-74.14367346938776,340.65398867835626,0,0.1878809588866529,0.0,18.842021816157274
40.78836734693878,-74.13204081632654,358.0700280848954,0,0.20938215521856984,0.0,20.998312761020234
40.78836734693878,-74.12040816326531,377.2318273970438,0,0.2330386019838775,0.0,23.3707473530408
40.78836734693878,-74.10877551020408,398.4835207699665,0,0.259275154447427,0.0,26.00193306141901
40.78836734693878,-74.09714285714286,421.91973710419916,0,0.28820863794025914,0.0,28.903585950673545
40.78836734693878,-74.08551020408163,447.59941309182426,0,0.31991181351659764,0.0,32.08300301023418
40.78836734693878,-74.07387755102042,477.0160345492029,0,0.3562284833754921,0.0,35.72509367139741
40.78836734693878,-74.06224489795919,513.4793959712526,0,0.4012447970479778,0.0,40.239645701183804
40.78836734693878,-74.05061224489796,555.4098752762565,0,0.45301061169638535,0.0,45.431085082355395
40.78836734693878,-74.03897959183674,603.6725181264906,0,0.5125938806128789,0.0,51.40651366998483
40.78836734693878,-74.02734693877551,658.6587443725152,0,0.5804778362281308,0.0,58.21439340537239
40.78836734693878,-74.01571428571428,722.0505512116486,0,0.6587390099006822,0.0,66.06297343410165
40.78836734693878,-74.00408163265307,802.6078263675483,0,0.7581920341308018,0.0,76.0368210412838
40.78836734693878,-73.99244897959184,898.4745519258913,0,0.8765455380367474,0.0,87.90614146539254
40.78836734693878,-73.98081632653061,978.2836651374286,299,0.9750749092779005,0.03764794762024679,96.16924414671773
40.78836734693878,-73.96918367346939,983.0517336600564,492,0.9809613898396384,0.06194913120120876,95.7151131822728
40.78836734693878,-73.95755102040816,981.6438416754344,177,0.9792232586107826,0.022286577688239738,97.24550376417598
40.78836734693878,-73.94591836734693,979.6314525482726,3986,0.9767388376291055,0.5018886930244271,76.382976674325
40.78836734693878,-73.93428571428572,987.4647452626633,1952,0.9864095302961335,0.24578191891211282,88.36032976920927
40.78836734693878,-73.9226530612245,941.4414785684545,1,0.929590912128744,0.00012591286829513975,93.22049229811155
40.78836734693878,-73.91102040816327,937.6884890680506,29,0.9249576104809819,0.003651473180559053,92.60430315605997
40.78836734693878,-73.89938775510204,841.5702451005799,0,0.8062935912753457,0.0,80.86078295035311
40.78836734693878,-73.88775510204081,789.1534435088361,0,0.7415817520444319,0.0,74.37102531989449
40.78836734693878,-73.87612244897959,754.0210843090719,0,0.6982086443518796,0.0,70.02126552400883
40.78836734693878,-73.86448979591837,843.2448408973012,0,0.8083609851392105,0.0,81.06811572380906
40.78836734693878,-73.85285714285715,938.7986428647652,14,0.9263281651854471,0.0017627801561319568,92.82292831919295
40.78836734693878,-73.84122448979592,930.1840738446144,32,0.915692937767004,0.004029211785444472,91.65894145906988
40.78836734693878,-73.82959183673469,920.7770800343396,19,0.9040794120918207,0.0023923444976076554,90.5646083618744
40.78836734693878,-73.81795918367347,907.2486859315967,10,0.8873777584684712,0.0012591286829513977,88.93835504934611
40.78836734693878,-73.80632653061224,936.8528496359105,10,0.9239259610299368,0.0012591286829513977,92.60366543569518
40.78836734693878,-73.79469387755103,974.5931919294915,6,0.9705187879262377,0.0007554772097708386,97.29796829846585
40.78836734693878,-73.7830612244898,961.3502788270946,0,0.9541695785581055,0.0,95.69082530791047
40.78836734693878,-73.77142857142857,928.4991889202505,1,0.9136128413277508,0.00012591286829513975,91.61809916366919
40.78836734693878,-73.75979591836735,829.9607442639631,0,0.7919609321111772,0.0,79.42340324857221
40.78836734693878,-73.74816326530612,752.4455102310736,0,0.6962634990294706,0.0,69.82619269269262
40.78836734693878,-73.73653061224489,767.8366363909273,0,0.7152648125662363,0.0,71.73177783722754
40.78836734693878,-73.72489795918368,741.5912817360442,0,0.6828632710869746,0.0,68.48232374114913
40.78836734693878,-73.71326530612245,692.741531591468,0,0.6225551812792968,0.0,62.43420502501795
40.78836734693878,-73.70163265306122,638.9477842075706,0,0.5561434158410282,0.0,55.77396685797573
40.78836734693878,-73.69,588.4433974355991,0,0.4937925730196972,0.0,49.520986525870505
40.79714285714286,-74.26,244.1028894615874,0,0.06868255264380282,0.0,6.887968652984331
40.79714285714286,-74.24836734693878,247.87381871372224,0,0.07333800204370927,0.0,7.354849808354488
40.79714285714286,-74.23673469387755,251.34206448421938,0,0.07761976964299482,0.0,7.7842555288465025
40.79714285714286,-74.22510204081632,254.45258798798724,0,0.08145990659884275,0.0,8.1693714273808
40.79714285714286,-74.21346938775511,259.2096737276805,0,0.08733282822409491,0.0,8.75834924633233
40.79714285714286,-74.20183673469388,269.4420374730901,0,0.0999653250101917,0.0,10.02522472667182
40.79714285714286,-74.19020408163266,280.4487265970604,0,0.11355377519077654,0.0,11.38796992590624
40.79714285714286,-74.17857142857143,292.3073831828534,0,0.12819403280228497,0.0,12.856197759875426
40.79714285714286,-74.1669387755102,305.1021898185112,0,0.1439900265457821,0.0,14.440330928486803
40.79714285714286,-74.15530612244898,318.943890323277,0,0.16107847663328131,0.0,16.154080694620493
40.79714285714286,-74.14367346938776,334.01831838327877,0,0.17968880644154758,0.0,18.020455245459267
40.79714285714286,-74.13204081632654,350.55348423565664,0,0.2001025089529979,0.0,20.067684673862058
40.79714285714286,-74.12040816326531,368.51764169888617,0,0.22228039150931228,0.0,22.29183846485027
40.79714285714286,-74.10877551020408,388.0110119725652,0,0.2463461834865489,0.0,24.705325069055633
40.79714285714286,-74.09714285714286,411.0152118048346,0,0.27474631542851974,0.0,27.553489719711855
40.79714285714286,-74.08551020408163,437.3752257923354,0,0.3072894110673897,0.0,30.817139860878136
40.79714285714286,-74.07387755102042,466.94060815746104,0,0.34378973562580106,0.0,34.47764870489205
40.79714285714286,-74.06224489795919,500.1218924705734,0,0.38475411862401093,0.0,38.585844674891035
40.79714285714286,-74.05061224489796,537.2211865445826,0,0.43055553116337913,0.0,43.179131931840956
40.79714285714286,-74.03897959183674,579.0524391993437,0,0.482198844269477,0.0,48.35828599817068
40.79714285714286,-74.02734693877551,629.3671307550724,0,0.5443154964121781,0.0,54.58778004458718
40.79714285714286,-74.01571428571428,688.5805039751094,0,0.6174181309067384,0.0,61.91902554241355
40.79714285714286,-74.00408163265307,760.237818739634,0,0.705883594115987,0.0,70.79096337817225
40.79714285714286,-73.99244897959184,836.5021393230027,0,0.800036695846314,0.0,80.23329754217849
40.79714285714286,-73.98081632653061,948.3526804974766,55,0.9381232257103057,0.006925207756232687,93.78393788702874
40.79714285714286,-73.96918367346939,994.4368400664945,1944,0.995017019962563,0.2447746159657517,89.26684330680683
40.79714285714286,-73.95755102040816,981.8645214525882,1979,0.9794957016791697,0.2491815663560816,87.52084512356676
40.79714285714286,-73.94591836734693,954.2626552931307,6069,0.9454194614061395,0.7641651976832032,61.96936562225945
40.79714285714286,-73.93428571428572,984.1258235397022,3212,0.9822874213696153,0.40443213296398894,81.12812539626991
40.79714285714286,-73.9226530612245,968.0875900778258,2,0.96248721315744,0.0002518257365902795,96.51415260165832
40.79714285714286,-73.91102040816327,949.1172873797232,9,0.9390671810096802,0.001133215814656258,94.12754504784141
40.79714285714286,-73.89938775510204,840.99362155684,0,0.8055817132338375,0.0,80.78939082169876
40.79714285714286,-73.88775510204081,886.8043055322705,0,0.8621378846608098,0.0,86.46124081746245
40.79714285714286,-73.87612244897959,830.3483661032008,0,0.7924394756579298,0.0,79.47139495566869
40.79714285714286,-73.86448979591837,845.4969997490301,0,0.8111414169303506,0.0,81.34695694740854
40.79714285714286,-73.85285714285715,938.2938264978494,1,0.9257049376212889,0.00012591286829513975,92.83077948804083
40.79714285714286,-73.84122448979592,871.8686851882694,2,0.8436989217106705,0.0002518257365902795,84.60122862997275
40.79714285714286,-73.82959183673469,948.0735137159165,6,0.9377785767554223,0.0007554772097708386,94.01455002765393
40.79714285714286,-73.81795918367347,919.2550570756898,2,0.902200378995276,0.0002518257365902795,90.46816555091178
40.79714285714286,-73.80632653061224,915.400581908956,3,0.8974417869077246,0.0003777386048854193,89.98552876833692
40.79714285714286,-73.79469387755103,874.2865767652623,0,0.8466839609777896,0.0,84.91141283645686
40.79714285714286,-73.7830612244898,932.4837802697132,0,0.9185320700288002,0.0,92.11684571380079
40.79714285714286,-73.77142857142857,930.196131810798,0,0.915707824084853,0.0,91.8336104993044
40.79714285714286,-73.75979591836735,824.4431676999361,0,0.785149136718995,0.0,78.74026857570666
40.79714285714286,-73.74816326530612,736.0227049216106,0,0.6759885126771182,0.0,67.79287469475868
40.79714285714286,-73.73653061224489,687.1680325356865,0,0.6156743460528263,0.0,61.74414655278737
40.79714285714286,-73.72489795918368,672.24929371304,0,0.5972562244028561,0.0,59.89704798570617
40.79714285714286,-73.71326530612245,640.9975861026028,0,0.5586740252383676,0.0,56.027754137726674
40.79714285714286,-73.70163265306122,602.2337179332019,0,0.510817591255915,0.0,51.2283749005531
40.79714285714286,-73.69,562.270223716358,0,0.46148014344656046,0.0,46.28046919746261
40.80591836734694,-74.26,236.08066650681337,0,0.058778613708969904,0.0,5.894732113306078
40.80591836734694,-74.24836734693878,239.44878732977125,0,0.06293677076141917,0.0,6.311741300195123
40.80591836734694,-74.23673469387755,242.534333772084,0,0.06674607196353433,0.0,6.693764772823179
40.80591836734694,-74.22510204081632,246.82128249634079,0,0.07203857986579006,0.0,7.224534628094401
40.80591836734694,-74.21346938775511,255.97352389212284,0,0.08333759765820052,0.0,8.357679471549163
40.80591836734694,-74.20183673469388,265.762799981888,0,0.09542307485770389,0.0,9.56969598669316
40.80591836734694,-74.19020408163266,276.2452175775895,0,0.10836427885346962,0.0,10.867530793692765
40.80591836734694,-74.17857142857143,287.52549114327746,0,0.12229048623920422,0.0,12.26414865711683
40.80591836734694,-74.1669387755102,299.7147253446641,0,0.1373388627145886,0.0,13.773305516476903
40.80591836734694,-74.15530612244898,312.9091630900837,0,0.1536282262048322,0.0,15.406917267626477
40.80591836734694,-74.14367346938776,327.11876969919894,0,0.17117087952400056,0.0,17.166217723147707
40.80591836734694,-74.13204081632654,342.6255720926517,0,0.19031500264861181,0.0,19.08612481592948
40.80591836734694,-74.12040816326531,360.7239037595175,0,0.21265853170053414,0.0,21.326890800630725
40.80591836734694,-74.10877551020408,380.6461031681427,0,0.23725374022352463,0.0,23.793471013491484
40.80591836734694,-74.09714285714286,402.6156107833617,0,0.26437647952859356,0.0,26.513529760947453
40.80591836734694,-74.08551020408163,426.8579959511725,0,0.2943052291644805,0.0,29.514994927568715
40.80591836734694,-74.07387755102042,453.56805156455766,0,0.32728047321245757,0.0,32.82198394565187
40.80591836734694,-74.06224489795919,483.1227243898614,0,0.3637675761701961,0.0,36.481166834711125
40.80591836734694,-74.05061224489796,517.5487360764257,0,0.40626865341969787,0.0,40.74347329456062
40.80591836734694,-74.03897959183674,557.0706131275241,0,0.4550608970547513,0.0,45.63670209474772
40.80591836734694,-74.02734693877551,602.8976778905202,0,0.5116372915945276,0.0,51.31058020626569
40.80591836734694,-74.01571428571428,654.7347965525145,0,0.575633475779431,0.0,57.72856692353717
40.80591836734694,-74.00408163265307,719.9790019056167,0,0.6561815519562821,0.0,65.80649359352684
40.80591836734694,-73.99244897959184,798.2399776673961,0,0.752799650118693,0.0,75.4960349084083
40.80591836734694,-73.98081632653061,890.9868542519023,0,0.8673015041893029,0.0,86.9790848415868
40.80591836734694,-73.96918367346939,985.1694662257362,448,0.9835758639235728,0.05640896499622262,96.21542818833417
40.80591836734694,-73.95755102040816,988.6919688089738,2732,0.9879246149716119,0.3439939561823218,84.29110479010092
40.80591836734694,-73.94591836734693,978.9832347496239,4424,0.9759385719757472,0.5570385293376983,73.93237205720833
40.80591836734694,-73.93428571428572,996.2737690298802,7618,0.9972848243334415,0.9592042306723747,58.78798108259249
40.80591836734694,-73.9226530612245,985.3336185862988,3285,0.9837785203399035,0.4136237723495341,80.8826052114967
40.80591836734694,-73.91102040816327,968.0944067786219,2071,0.9624956288034276,0.2607655502392344,85.31807705450612
40.80591836734694,-73.89938775510204,920.6280162286005,6,0.9038953834456765,0.0007554772097708386,90.61650548217945
40.80591836734694,-73.88775510204081,995.6136194663235,37,0.9964698281656483,0.004658776126920171,99.73275645469313
40.80591836734694,-73.87612244897959,917.6569891252714,58,0.9002274635722212,0.007302946361118106,89.96724950134094
40.80591836734694,-73.86448979591837,893.2802586593521,0,0.8701328562138364,0.0,87.2630327037417
40.80591836734694,-73.85285714285715,950.207905135503,668,0.9404136172425526,0.08410979602115336,90.69622908200886
40.80591836734694,-73.84122448979592,915.3782129038725,0,0.8974141709636615,0.0,89.99899451027993
40.80591836734694,-73.82959183673469,882.5180296429885,0,0.85684620741566,0.0,85.93055426631851
40.80591836734694,-73.81795918367347,841.7203673702036,0,0.8064789266617459,0.0,80.87936968428589
40.80591836734694,-73.80632653061224,805.2452735015158,7,0.7614481285457694,0.0008813900780659784,76.32548277310384
40.80591836734694,-73.79469387755103,778.1031979723091,0,0.727939528732308,0.0,73.00288737344619
40.80591836734694,-73.7830612244898,838.4677302369005,0,0.8024633414895296,0.0,80.47665860665516
40.80591836734694,-73.77142857142857,833.082485502441,0,0.7958149180662593,0.0,79.80990802199433
40.80591836734694,-73.75979591836735,774.0131313073529,0,0.7228900841185785,0.0,72.4964936114856
40.80591836734694,-73.74816326530612,706.1776321021065,0,0.6391428926567836,0.0,64.09773719723388
40.80591836734694,-73.73653061224489,643.0095715367323,0,0.5611579478355991,0.0,56.276859337338294
40.80591836734694,-73.72489795918368,612.4434870992867,0,0.5234221936123565,0.0,52.49245293161818
40.80591836734694,-73.71326530612245,591.3505501967845,0,0.49738163599928903,0.0,49.880922963079286
40.80591836734694,-73.70163265306122,563.4898977693053,0,0.46298590779752524,0.0,46.43147781972532
40.80591836734694,-73.69,532.6409803141074,0,0.4249009784201683,0.0,42.61205367771906
40.81469387755102,-74.26,228.5058278525729,0,0.04942699883915822,0.0,4.956886509166946
40.81469387755102,-74.24836734693878,231.52418552966134,0,0.0531533512835986,0.0,5.330591297927338
40.81469387755102,-74.23673469387755,235.40104435683816,0,0.057939577408176395,0.0,5.810587661533098
40.81469387755102,-74.22510204081632,243.6180331819293,0,0.06808396706310083,0.0,6.827938287814497
40.81469387755102,-74.21346938775511,252.36447899973197,0,0.07888200468492886,0.0,7.910841321990062
40.81469387755102,-74.20183673469388,261.73122770663633,0,0.09044584524808595,0.0,9.070544452422876
40.81469387755102,-74.19020408163266,271.78953581629634,0,0.10286345940159503,0.0,10.315869993507619
40.81469387755102,-74.17857142857143,282.56377105376856,0,0.11616493063507005,0.0,11.649834928822465
40.81469387755102,-74.1669387755102,294.085051033652,0,0.13038867560141681,0.0,13.076291950074136
40.81469387755102,-74.15530612244898,306.93841467856004,0,0.14625696165679436,0.0,14.667675099341682
40.81469387755102,-74.14367346938776,321.2623458701675,0,0.16394075586548135,0.0,16.4411301543243
40.81469387755102,-74.13204081632654,336.8430540664525,0,0.1831761203532792,0.0,18.370187571683324
40.81469387755102,-74.12040816326531,353.8134369055186,0,0.20412712561533392,0.0,20.471301492739137
40.81469387755102,-74.10877551020408,372.30876852777874,0,0.22696077608840387,0.0,22.761220295078488
40.81469387755102,-74.09714285714286,392.45456247460396,0,0.2518320261356676,0.0,25.25548389029658
40.81469387755102,-74.08551020408163,414.42322676770516,0,0.2789537243065266,0.0,27.975438225503364
40.81469387755102,-74.07387755102042,439.462599938648,0,0.3098664057726947,0.0,31.075578985019348
40.81469387755102,-74.06224489795919,467.66940592651736,0,0.3446894823221056,0.0,34.567881621421996
40.81469387755102,-74.05061224489796,499.50110909729744,0,0.3839877224947403,0.0,38.508985089581756
40.81469387755102,-74.03897959183674,535.2706284208298,0,0.4281474444453463,0.0,42.93763208669834
40.81469387755102,-74.02734693877551,577.467807869579,0,0.4802425171999492,0.0,48.1620917827376
40.81469387755102,-74.01571428571428,627.1172242508729,0,0.5415378452857639,0.0,54.30921768557162
40.81469387755102,-74.00408163265307,682.4738937388929,0,0.609879136388726,0.0,61.16296223497655
40.81469387755102,-73.99244897959184,751.4193147859736,0,0.6949965961920935,0.0,69.69913878024579
40.81469387755102,-73.98081632653061,832.1575671372832,0,0.7946730481556533,0.0,79.695393289398
40.81469387755102,-73.96918367346939,920.939238004566,4,0.9042796063078097,0.000503651473180559,90.66586155720759
40.81469387755102,-73.95755102040816,976.9556200582214,2136,0.9734353540771384,0.2689498866784185,86.06342549556564
40.81469387755102,-73.94591836734693,982.3216873767777,4268,0.9800601017739795,0.5373961218836565,75.18994166764764
40.81469387755102,-73.93428571428572,954.5750596377761,2452,0.9458051442237061,0.3087383530596827,81.58235969762013
40.81469387755102,-73.9226530612245,977.8453107832786,7260,0.9745337332497853,0.9141274238227147,58.443749934264666
40.81469387755102,-73.91102040816327,974.8150347379798,5319,0.9707926668299763,0.6697305464618484,68.57278450895208
40.81469387755102,-73.89938775510204,991.3156310236864,2149,0.991163691036517,0.27058675396625537,87.77099480520776
40.81469387755102,-73.88775510204081,981.6150819628265,2186,0.9791877529362261,0.27524553009317554,86.36972873312897
40.81469387755102,-73.87612244897959,949.5744703480323,3,0.9396316021465279,0.0003777386048854193,94.21661968813982
40.81469387755102,-73.86448979591837,911.2218072161893,1396,0.8922828266528294,0.1757743641400151,81.92957834942479
40.81469387755102,-73.85285714285715,958.0034537888235,797,0.9500377124916206,0.10035255603122639,90.9632846346266
40.81469387755102,-73.84122448979592,958.1593010474792,138,0.9502301157371534,0.017375975824729287,94.5489262287479
40.81469387755102,-73.82959183673469,905.4628915064949,15,0.8851730829020998,0.0018886930244270965,88.69019593158947
40.81469387755102,-73.81795918367347,873.4235748983791,46,0.8456185308796181,0.0057919919415764295,84.55562332985139
40.81469387755102,-73.80632653061224,861.8500597055597,28,0.8313302982566603,0.0035255603122639136,83.22011060993712
40.81469387755102,-73.79469387755103,783.7465614858212,0,0.7349066160271865,0.0,73.70159580873987
40.81469387755102,-73.7830612244898,746.0200392209741,0,0.6883308508258086,0.0,69.03065102950856
40.81469387755102,-73.77142857142857,743.5678034431276,0,0.6853034114820601,0.0,68.7270381541005
40.81469387755102,-73.75979591836735,709.2159528149422,0,0.6428938907247761,0.0,64.47391362218026
40.81469387755102,-73.74816326530612,662.7251104772256,0,0.5854980210091781,0.0,58.71785278585544
40.81469387755102,-73.73653061224489,614.3366984889132,0,0.5257594821792907,0.0,52.72685264103948
40.81469387755102,-73.72489795918368,568.4305760266183,0,0.4690854859360217,0.0,47.043186345357455
40.81469387755102,-73.71326530612245,546.6476946214651,0,0.4421931484283787,0.0,44.346233907978394
40.81469387755102,-73.70163265306122,526.1840576140124,0,0.416929501126506,0.0,41.81261796074042
40.81469387755102,-73.69,502.44369534091715,0,0.3876205303376021,0.0,38.87330856884612
40.823469387755104,-74.26,221.34982933480168,0,0.04059246846804897,0.0,4.070897769411957
40.823469387755104,-74.24836734693878,224.86850496668566,0,0.044936494903879326,0.0,4.506547243200617
40.823469387755104,-74.23673469387755,232.2907715789588,0,0.05409974998921159,0.0,5.425502805530943
40.823469387755104,-74.22510204081632,240.1839660976932,0,0.06384439520226716,0.0,6.402764252263686
40.823469387755104,-74.21346938775511,248.6190720547699,0,0.07425806417889635,0.0,7.447120099746145
40.823469387755104,-74.20183673469388,257.5835600353139,0,0.08532528856818063,0.0,8.55701907313283
40.823469387755104,-74.19020408163266,267.11514012364506,0,0.09709262384164413,0.0,9.737130082010523
40.823469387755104,-74.17857142857143,277.90596722144625,0,0.11041457877052875,0.0,11.073149266133072
40.823469387755104,-74.1669387755102,289.5202144312157,0,0.1247530976309598,0.0,12.5111166194007
40.823469387755104,-74.15530612244898,302.0375431377707,0,0.1402065274141817,0.0,14.06089506866646
40.823469387755104,-74.14367346938776,315.5422790559741,0,0.15687897352032446,0.0,15.73292503446075
40.823469387755104,-74.13204081632654,330.1207038648961,0,0.17487695611038614,0.0,17.53788910648972
40.823469387755104,-74.12040816326531,345.8559251944275,0,0.1943030767819662,0.0,19.486076893406633
40.823469387755104,-74.10877551020408,362.8203266568024,0,0.21524669765819296,0.0,21.586450256400074
40.823469387755104,-74.09714285714286,381.85181457563266,0,0.23874226681024904,0.0,23.94275091171636
40.823469387755104,-74.08551020408163,402.98338289055914,0,0.2648305173323485,0.0,26.55906386006216
40.823469387755104,-74.07387755102042,426.3800055249256,0,0.29371511991176186,0.0,29.45581462808798
40.823469387755104,-74.06224489795919,452.3902862465366,0,0.32582644783133763,0.0,32.67616407058493
40.823469387755104,-74.05061224489796,481.9693379233381,0,0.36234364801498187,0.0,36.33836532079416
40.823469387755104,-74.03897959183674,516.1193351874687,0,0.40450396809526395,0.0,40.56649825899197
40.823469387755104,-74.02734693877551,553.6527603080716,0,0.450841342723871,0.0,45.21353555765935
40.823469387755104,-74.01571428571428,597.6118096001792,0,0.5051115546435304,0.0,50.656133482521994
40.823469387755104,-74.00408163265307,648.9586242864466,0,0.5685024277242074,0.0,57.01341535189947
40.823469387755104,-73.99244897959184,708.2044089973307,0,0.6416450762433025,0.0,64.34867373707591
40.823469387755104,-73.98081632653061,788.8752245426717,0,0.7412382732272839,0.0,74.33657885227774
40.823469387755104,-73.96918367346939,882.3135609455478,0,0.8565937779450564,0.0,85.90523886650186
40.823469387755104,-73.95755102040816,947.8881185472711,2438,0.9375496947560776,0.30697557290355076,80.83020981643725
40.823469387755104,-73.94591836734693,967.7164745019404,5267,0.9620290476312442,0.6631830773105011,67.97531846008306
40.823469387755104,-73.93428571428572,982.0703864174754,1732,0.9797498549297786,0.21808108788718206,88.88303669398326
40.823469387755104,-73.9226530612245,971.2435880599345,3886,0.9663834912177075,0.48929740619491313,75.88564524743767
40.823469387755104,-73.91102040816327,995.7560352590576,2863,0.9966456494214956,0.36048854192898516,84.45677155619653
40.823469387755104,-73.89938775510204,983.3900227872707,4237,0.9813790290497597,0.5334928229665071,75.48997733759165
40.823469387755104,-73.88775510204081,990.2193525235083,2404,0.9898102662585542,0.302694535381516,86.25526653324594
40.823469387755104,-73.87612244897959,935.319741503447,2697,0.9220332425889244,0.3395870057919919,77.87246669123752
40.823469387755104,-73.86448979591837,972.1228231727332,4026,0.9674689622792338,0.5069252077562327,75.2368583135123
40.823469387755104,-73.85285714285715,988.9742928999299,957,0.9882731618235785,0.12049861495844875,93.93192329583775
40.823469387755104,-73.84122448979592,891.1789507083222,93,0.8675386593499991,0.011709896751447998,86.4995752818234
40.823469387755104,-73.82959183673469,950.1916323550143,280,0.9403935274712799,0.03525560312263913,92.79397498467442
40.823469387755104,-73.81795918367347,951.756850959191,256,0.9423258883097685,0.032233694283555776,93.11764779998737
40.823469387755104,-73.80632653061224,918.0249240098174,32,0.9006817023348537,0.004029211785444472,90.1535093643216
40.823469387755104,-73.79469387755103,805.3649663772452,0,0.7615958969310214,0.0,76.37818430406999
40.823469387755104,-73.7830612244898,733.8842107936194,0,0.6733484071383512,0.0,67.52810637308743
40.823469387755104,-73.77142857142857,715.1159142411873,0,0.6501777642861096,0.0,65.20439160867795
40.823469387755104,-73.75979591836735,675.2053523315665,0,0.6009056647401195,0.0,60.26303948829887
40.823469387755104,-73.74816326530612,627.8714482416219,0,0.5424689822523722,0.0,54.40259863882324
40.823469387755104,-73.73653061224489,581.4074235813973,0,0.4851062206468021,0.0,48.64985811624992
40.823469387755104,-73.72489795918368,542.849001185147,0,0.437503422396387,0.0,43.87591525125971
40.823469387755104,-73.71326530612245,507.9033736448031,0,0.39436084668512267,0.0,39.54927482120277
40.823469387755104,-73.70163265306122,491.7141203528859,0,0.3743741949917447,0.0,37.544873047493724
40.823469387755104,-73.69,473.3078531664771,0,0.35165050016798916,0.0,35.26598136975213
40.832244897959185,-74.26,215.16916855087763,0,0.03296205389019527,0.0,3.3056662164423947
40.832244897959185,-74.24836734693878,221.9229183083031,0,0.04129998286022957,0.0,4.141852280671156
40.832244897959185,-74.23673469387755,229.08625878281475,0,0.050143577338834865,0.0,5.028750032772028
40.832244897959185,-74.22510204081632,236.66192386927338,0,0.05949621249121269,0.0,5.966697958011094
40.832244897959185,-74.21346938775511,244.86183064544318,0,0.06961951328207132,0.0,6.981933644922584
40.832244897959185,-74.20183673469388,253.84936007237826,0,0.08071518378651771,0.0,8.094685394480127
40.832244897959185,-74.19020408163266,263.4544343379418,0,0.0925732522454684,0.0,9.283895764307061
40.832244897959185,-74.17857142857143,273.730430334389,0,0.10525961579048,0.0,10.55617338147113
40.832244897959185,-74.1669387755102,284.73355446928286,0,0.11884366476776809,0.0,11.918477197134662
40.832244897959185,-74.15530612244898,296.52149233564523,0,0.1333966156710562,0.0,13.377949301354905
40.832244897959185,-74.14367346938776,309.151005535343,0,0.14898854426885672,0.0,14.941617384254998
40.832244897959185,-74.13204081632654,322.6738915042531,0,0.1656833977544598,0.0,16.615894519401287
40.832244897959185,-74.12040816326531,337.5979732485243,0,0.18410811557731166,0.0,18.463654597015935
40.832244897959185,-74.10877551020408,354.0159255132156,0,0.20437711054057678,0.0,20.496371736381963
40.832244897959185,-74.09714285714286,371.937111321245,0,0.22650194188509742,0.0,22.715205179337488
40.832244897959185,-74.08551020408163,391.6662147480716,0,0.2508587612704291,0.0,25.157878055557436
40.832244897959185,-74.07387755102042,413.562568011466,0,0.2778911869258559,0.0,27.86887951606459
40.832244897959185,-74.06224489795919,438.46933795560295,0,0.30864016136614714,0.0,30.952602585510718
40.832244897959185,-74.05061224489796,465.6683767459027,0,0.3422190859091223,0.0,34.320132922544694
40.832244897959185,-74.03897959183674,495.9405202957963,0,0.3795919516141602,0.0,38.06814631953542
40.832244897959185,-74.02734693877551,531.0657544301241,0,0.42295626296517647,0.0,42.41702395652586
40.832244897959185,-74.01571428571428,570.3723161021476,0,0.4714826862187583,0.0,47.283594422326395
40.832244897959185,-74.00408163265307,621.1687759218951,0,0.5341941115925801,0.0,53.57273650472724
40.832244897959185,-73.99244897959184,678.9001161631553,0,0.6054670831366138,0.0,60.72049055438171
40.832244897959185,-73.98081632653061,742.4063278247392,0,0.6838694967599604,0.0,68.58323511713276
40.832244897959185,-73.96918367346939,816.4753541214444,0,0.7753123695822062,0.0,77.75376849560196
40.832244897959185,-73.95755102040816,925.8017812140226,0,0.9102827218140653,0.0,91.28954314970812
40.832244897959185,-73.94591836734693,979.2585695524775,2877,0.9762784901118386,0.3622513220851171,82.33844524749418
40.832244897959185,-73.93428571428572,953.7146887954364,2639,0.9447429622908576,0.33228405943087386,80.46383859168328
40.832244897959185,-73.9226530612245,987.8973750362484,3760,0.9869436389693944,0.4734323847897255,78.62944226736191
40.832244897959185,-73.91102040816327,955.903588357552,6533,0.9474452965091774,0.822588768572148,59.66147662295701
40.832244897959185,-73.89938775510204,966.4968682201427,2512,0.9605233669480272,0.3162931251573911,82.73370116602088
40.832244897959185,-73.88775510204081,942.6161436202166,2064,0.9310411100361221,0.2598841601611685,82.20147932546482
40.832244897959185,-73.87612244897959,958.7399253004619,3821,0.9509469329059161,0.48111306975572904,74.68932281354131
40.832244897959185,-73.86448979591837,968.3107388771217,2101,0.9627627043889936,0.26454293628808867,85.18250864230538
40.832244897959185,-73.85285714285715,929.2111163754093,1535,0.9144917605601972,0.19327625283303954,83.40461234825905
40.832244897959185,-73.84122448979592,929.5007978060323,151,0.9148493905108505,0.019012843112566104,90.93034586219017
40.832244897959185,-73.82959183673469,913.8635288723173,342,0.8955441982343244,0.0430622009569378,87.9606405635914
40.832244897959185,-73.81795918367347,863.8330531316103,52,0.833778428395962,0.006547469151347267,83.33574418872661
40.832244897959185,-73.80632653061224,849.0250818115024,0,0.8154970561965232,0.0,81.78377103736668
40.832244897959185,-73.79469387755103,803.9262933697686,0,0.759819764592944,0.0,76.20006128159473
40.832244897959185,-73.7830612244898,826.3203142735197,0,0.7874665922598484,0.0,78.97267929000942
40.832244897959185,-73.77142857142857,790.3397046440685,0,0.7430462660463915,0.0,74.51789706750803
40.832244897959185,-73.75979591836735,725.5727687876466,0,0.6630874090893536,0.0,66.49906143824973
40.832244897959185,-73.74816326530612,661.0455700196552,0,0.5834245226504147,0.0,58.50990781078663
40.832244897959185,-73.73653061224489,603.9661195381353,0,0.5129563500267189,0.0,51.44286464798565
40.832244897959185,-73.72489795918368,554.7454786004996,0,0.45219037220138525,0.0,45.34882570625443
40.832244897959185,-73.71326530612245,512.3864942258938,0,0.3998955410862789,0.0,40.10433283916436
40.832244897959185,-73.70163265306122,475.7524793293134,0,0.3546685449632684,0.0,35.56865209387324
40.832244897959185,-73.69,446.00510363441373,0,0.31794353818961685,0.0,31.885610539645665
40.84102040816327,-74.26,212.397893866827,0,0.029540740945239976,0.0,2.9625529306110194
40.84102040816327,-74.24836734693878,218.88444132455206,0,0.03754879186596065,0.0,3.765656507723093
40.84102040816327,-74.23673469387755,226.00228934522707,0,0.04633622304826594,0.0,4.646921810104618
40.84102040816327,-74.22510204081632,233.602105249263,0,0.05571867390432843,0.0,5.587859863468531
40.84102040816327,-74.21346938775511,241.67693944866977,0,0.06568756473055924,0.0,6.587610234894142
40.84102040816327,-74.20183673469388,250.2639355444458,0,0.07628875163918335,0.0,7.65077169730696
40.84102040816327,-74.19020408163266,259.402048042984,0,0.0875703264190637,0.0,8.782167232984186
40.84102040816327,-74.17857142857143,269.1313223755216,0,0.09958172767441612,0.0,9.986754892303646
40.84102040816327,-74.1669387755102,279.491674568822,0,0.11237223425149237,0.0,11.269476703992751
40.84102040816327,-74.15530612244898,290.52092700194504,0,0.12598854025673784,0.0,12.635015480921647
40.84102040816327,-74.14367346938776,302.53895098546496,0,0.14082554694692292,0.0,14.12297469402953
40.84102040816327,-74.13204081632654,315.6605865100493,0,0.15702503151538416,0.0,15.747572755792635
40.84102040816327,-74.12040816326531,329.82667703392417,0,0.17451396148962267,0.0,17.501485457050723
40.84102040816327,-74.10877551020408,345.2927857703175,0,0.19360784573445913,0.0,19.416354242202257
40.84102040816327,-74.09714285714286,362.1594364662634,0,0.21443078713979566,0.0,21.504625020469973
40.84102040816327,-74.08551020408163,381.1220824394135,0,0.2378413665788987,0.0,23.85240231059215
40.84102040816327,-74.07387755102042,401.666401020127,0,0.26320462035883196,0.0,26.396007494864953
40.84102040816327,-74.06224489795919,423.81567858319215,0,0.2905492969742728,0.0,29.138323674200272
40.84102040816327,-74.05061224489796,449.28836017547883,0,0.3219969249470553,0.0,32.29211262567692
40.84102040816327,-74.03897959183674,477.4945944948394,0,0.35681929573572707,0.0,35.78434448343695
40.84102040816327,-74.02734693877551,512.074662088131,0,0.3995105646941079,0.0,40.06572470333742
40.84102040816327,-74.01571428571428,550.766670320404,0,0.44727828306329626,0.0,44.85620691587122
40.84102040816327,-74.00408163265307,593.3065936499793,0,0.4997964947016132,0.0,50.12310195035802
40.84102040816327,-73.99244897959184,639.7744344174866,0,0.5571639675317043,0.0,55.8763149476075
40.84102040816327,-73.98081632653061,702.6588300473903,0,0.6347987101440133,0.0,63.66207207095375
40.84102040816327,-73.96918367346939,780.3227587134767,0,0.7306797161051353,0.0,73.27769260418974
40.84102040816327,-73.95755102040816,885.9615549625905,0,0.8610974560630931,0.0,86.35689933202136
40.84102040816327,-73.94591836734693,980.8196511394254,662,0.9782057435422888,0.08335431881138253,94.51875940084568
40.84102040816327,-73.93428571428572,992.1308886730709,2331,0.9921701778944839,0.2935028959959708,86.88699310256496
40.84102040816327,-73.9226530612245,980.4047548453311,3277,0.9776935279651148,0.412616469403173,80.31565348260524
40.84102040816327,-73.91102040816327,964.8181713306423,4401,0.958450910027117,0.5541425333669101,72.3030568700339
40.84102040816327,-73.89938775510204,979.9544121456814,1530,0.9771375515702647,0.19264668849156383,89.71423092700374
40.84102040816327,-73.88775510204081,973.2627071863026,2501,0.968876220806805,0.31490808360614453,83.63091329955695
40.84102040816327,-73.87612244897959,964.2047169907607,1785,0.9576935620506588,0.2247544699068245,86.38425379476074
40.84102040816327,-73.86448979591837,959.2014195093307,2289,0.9515166765404651,0.2882145555275749,83.03726820496304
40.84102040816327,-73.85285714285715,965.2696187978006,672,0.95900825032696,0.08461344749433392,92.5393824381911
40.84102040816327,-73.84122448979592,981.5065016343516,260,0.9790537036896766,0.03273734575673634,96.77932400400276
40.84102040816327,-73.82959183673469,946.7131912975606,181,0.9360991731488366,0.022790229161420296,92.89907064918614
40.84102040816327,-73.81795918367347,884.9543517145717,22,0.8598540002878571,0.002770083102493075,86.11313826227658
40.84102040816327,-73.80632653061224,799.5618599121678,0,0.754431596912626,0.0,75.65969799207738
40.84102040816327,-73.79469387755103,878.6082352187923,0,0.8520193202245049,0.0,85.44648012544327
40.84102040816327,-73.7830612244898,944.8670926392307,12,0.9338200482126622,0.0015109544195416771,93.58509046401072
40.84102040816327,-73.77142857142857,854.5718029522344,0,0.8223448324022025,0.0,82.4705141188591
40.84102040816327,-73.75979591836735,758.2689088900535,0,0.703452851037869,0.0,70.54719139415229
40.84102040816327,-73.74816326530612,679.9871089326122,0,0.6068090440958139,0.0,60.855071822326664
40.84102040816327,-73.73653061224489,616.0265864435682,0,0.527845755174191,0.0,52.93607874632078
40.84102040816327,-73.72489795918368,562.9512009179174,0,0.4623208526437841,0.0,46.36478141903632
40.84102040816327,-73.71326530612245,518.2476637078518,0,0.4071315235518963,0.0,40.830007970302844
40.84102040816327,-73.70163265306122,480.0976709871337,0,0.36003295743121005,0.0,36.10663304388958
40.84102040816327,-73.69,447.16625111131054,0,0.31937704780040094,0.0,32.02937294920607
40.84979591836735,-74.26,209.8224347185978,0,0.026361174598478285,0.0,2.6436836911382415
40.84979591836735,-74.24836734693878,216.33204459032964,0,0.03439769752020175,0.0,3.449642640435038
40.84979591836735,-74.23673469387755,223.21487744553784,0,0.04289498769537411,0.0,4.301810565314574
40.84979591836735,-74.22510204081632,230.49759649665688,0,0.051885962537192,0.0,5.2034886551110855
40.84979591836735,-74.21346938775511,238.20807291987276,0,0.06140503076609913,0.0,6.158127657921174
40.84979591836735,-74.20183673469388,246.3749799501906,0,0.07148759129461087,0.0,7.169277625255306
40.84979591836735,-74.19020408163266,255.02713154502422,0,0.08216921676590931,0.0,8.2405060315551
40.84979591836735,-74.17857142857143,264.1924546531247,0,0.09348438475517853,0.0,9.375270530154012
40.84979591836735,-74.1669387755102,274.078961666128,0,0.10568989964644851,0.0,10.599325267906783
40.84979591836735,-74.15530612244898,284.80569980795684,0,0.1189327327271963,0.0,11.927409557521857
40.84979591836735,-74.14367346938776,296.2848481557059,0,0.1331044635430718,0.0,13.34865023453228
40.84979591836735,-74.13204081632654,308.7301570152822,0,0.1484689802942583,0.0,14.889511860617668
40.84979591836735,-74.12040816326531,322.1232251110423,0,0.16500356544830594,0.0,16.5477161621064
40.84979591836735,-74.10877551020408,337.04037097023865,0,0.18341972048467986,0.0,18.394617503367027
40.84979591836735,-74.09714285714286,353.08411657182546,0,0.20322673378010947,0.0,20.381003877148277
40.84979591836735,-74.08551020408163,370.2930056656507,0,0.22447219001866126,0.0,22.511647409697574
40.84979591836735,-74.07387755102042,389.3840593336011,0,0.24804129683542941,0.0,24.875322938396586
40.84979591836735,-74.06224489795919,410.5515966493783,0,0.27417395335197464,0.0,27.496089231674585
40.84979591836735,-74.05061224489796,435.55262080477104,0,0.30503929054581813,0.0,30.591481975120733
40.84979591836735,-74.03897959183674,463.2523416938112,0,0.3392363386387924,0.0,34.021002082077004
40.84979591836735,-74.02734693877551,493.58151896013925,0,0.37667961605489564,0.0,37.776076859869
40.84979591836735,-74.01571428571428,526.4493520684422,0,0.41725702382080593,0.0,41.84546423631754
40.84979591836735,-74.00408163265307,569.0516955548571,0,0.4698522970697423,0.0,47.12008755022704
40.84979591836735,-73.99244897959184,623.5448710902895,0,0.5371275505637727,0.0,53.86692236272535
40.84979591836735,-73.98081632653061,689.5799755895904,0,0.6186520414939564,0.0,62.04277076035005
40.84979591836735,-73.96918367346939,771.2582470563306,0,0.7194890061943578,0.0,72.15540963561939
40.84979591836735,-73.95755102040816,874.8847554058233,0,0.8474224501424059,0.0,84.985473715394
40.84979591836735,-73.94591836734693,989.5155414307955,73,0.988941367186167,0.009191639385545203,98.78292637174305
40.84979591836735,-73.93428571428572,989.3375690122584,2515,0.9887216490388141,0.3166708637622765,85.54538763352811
40.84979591836735,-73.9226530612245,964.837047007016,1622,0.9584742132371142,0.2042306723747167,87.34465891878787
40.84979591836735,-73.91102040816327,994.4940923406124,5459,0.9950877014968385,0.687358348023168,70.25161558584949
40.84979591836735,-73.89938775510204,987.857208376274,5145,0.9868940507006757,0.6478217073784941,71.12918958205427
40.84979591836735,-73.88775510204081,994.7887222147992,2351,0.9954514406123897,0.29602115336187357,87.10782608338063
40.84979591836735,-73.87612244897959,924.9792367410205,0,0.9092672389139111,0.0,91.18770339398183
40.84979591836735,-73.86448979591837,941.4779325165446,504,0.9296359168210659,0.06346008562075044,90.50289330081665
40.84979591836735,-73.85285714285715,993.6711537096793,88,0.9940717319839211,0.0110803324099723,99.21625906432762
40.84979591836735,-73.84122448979592,917.40448934509,81,0.8999157367082244,0.010198942331906321,89.81151699496964
40.84979591836735,-73.82959183673469,949.1699843165588,247,0.9391322386934937,0.03110047846889952,92.84607197953846
40.84979591836735,-73.81795918367347,967.2696761648546,53,0.9614774469749635,0.006673382019642408,96.1368866921673
40.84979591836735,-73.80632653061224,865.4413076849555,0,0.8357639198211932,0.0,83.8162744311326
40.84979591836735,-73.79469387755103,891.7182187467141,0,0.8682044196700314,0.0,87.06963554606928
40.84979591836735,-73.7830612244898,932.830441221979,21,0.918960044783639,0.002644170234197935,92.04611918827379
40.84979591836735,-73.77142857142857,843.4222643190993,0,0.8085800255155506,0.0,81.09008263080206
40.84979591836735,-73.75979591836735,753.4104576297484,0,0.6974547873002751,0.0,69.94566344545457
40.84979591836735,-73.74816326530612,677.3225897797328,0,0.6035195275703344,0.0,60.525176006885964
40.84979591836735,-73.73653061224489,614.3757319708883,0,0.5258076714684784,0.0,52.731685401333884
40.84979591836735,-73.72489795918368,561.8479193188281,0,0.46095878209963365,0.0,46.22818342070744
40.84979591836735,-73.71326530612245,517.4708563867088,0,0.4061725060431454,0.0,40.73383096051409
40.84979591836735,-73.70163265306122,479.52933108606464,0,0.3593313060677227,0.0,36.036266518316644
40.84979591836735,-73.69,446.7379674632126,0,0.3188483046924791,0.0,31.9763468776252
40.85857142857143,-74.26,207.36743344097908,0,0.023330321071276926,0.0,2.339728417439869
40.85857142857143,-74.24836734693878,213.62203873560688,0,0.03105202479961978,0.0,3.1141150874329337
40.85857142857143,-74.23673469387755,220.21534664266102,0,0.039191878211591494,0.0,3.930436743855929
40.85857142857143,-74.22510204081632,227.16842814782322,0,0.047775894764642064,0.0,4.79130219888275
40.85857142857143,-74.21346938775511,234.50256928276232,0,0.056830353404021657,0.0,5.699346889668091
40.85857142857143,-74.20183673469388,242.23870034152097,0,0.06638109389450059,0.0,6.657162209264294
40.85857142857143,-74.19020408163266,250.51519255503757,0,0.07659894422593623,0.0,7.681879988011044
40.85857142857143,-74.17857142857143,259.4474856948073,0,0.08762642205883053,0.0,8.787792897631316
40.85857142857143,-74.1669387755102,268.9379026252788,0,0.09934293882424391,0.0,9.962807469685293
40.85857142857143,-74.15530612244898,279.16650382830414,0,0.11197079051505683,0.0,11.229217107252873
40.85857142857143,-74.14367346938776,290.05971461779995,0,0.1254191445525405,0.0,12.57791248153263
40.85857142857143,-74.13204081632654,302.1000936639849,0,0.14028374997399584,0.0,14.068639489204552
40.85857142857143,-74.12040816326531,314.96776729735166,0,0.15616970261040114,0.0,15.661794367268428
40.85857142857143,-74.10877551020408,328.69889201170713,0,0.1731216399280523,0.0,17.36185367427894
40.85857142857143,-74.09714285714286,343.5497845823191,0,0.1914560011115165,0.0,19.200552153631236
40.85857142857143,-74.08551020408163,359.9869665314612,0,0.21174873633002136,0.0,21.235650132491582
40.85857142857143,-74.07387755102042,378.9242529715125,0,0.23512800783008533,0.0,23.580287642649424
40.85857142857143,-74.06224489795919,399.7239996426457,0,0.2608066036572316,0.0,26.155517541679636
40.85857142857143,-74.05061224489796,422.32064107162114,0,0.2887035791098656,0.0,28.95322212653033
40.85857142857143,-74.03897959183674,448.9424154154052,0,0.3215698343765351,0.0,32.24928098432858
40.85857142857143,-74.02734693877551,481.86982156759456,0,0.3622207888130053,0.0,36.3260441373295
40.85857142857143,-74.01571428571428,519.8880388499315,0,0.40915666986470317,0.0,41.03310386268562
40.85857142857143,-74.00408163265307,564.1915666961953,0,0.4638521622314353,0.0,46.51835189700701
40.85857142857143,-73.99244897959184,616.2798991724435,0,0.5281584856744949,0.0,52.96744155681644
40.85857142857143,-73.98081632653061,677.8577830632308,0,0.6041802573490976,0.0,60.591438628600336
40.85857142857143,-73.96918367346939,749.9393187480298,0,0.6931694479731741,0.0,69.51589952701734
40.85857142857143,-73.95755102040816,827.1282782013775,0,0.7884640745597251,0.0,79.07271381914363
40.85857142857143,-73.94591836734693,876.056994492577,0,0.848869653043358,0.0,85.13060938424374
40.85857142857143,-73.93428571428572,993.7063599183663,332,0.9941151962634517,0.0418030722739864,97.90014993236551
40.85857142857143,-73.9226530612245,974.5958037968521,478,0.9705220124408133,0.06018635104507681,94.74394367308517
40.85857142857143,-73.91102040816327,964.9381324437918,2249,0.9585990095683397,0.2831780407957693,83.9640044612821
40.85857142857143,-73.89938775510204,985.2273947957276,7942,0.9836473803876516,1.0,55.66691407006934
40.85857142857143,-73.88775510204081,955.1105541846988,1733,0.9464662459311203,0.21820700075547722,85.53971091913228
40.85857142857143,-73.87612244897959,944.5444139658628,112,0.9334216810899052,0.014102241249055654,93.00396398746838
40.85857142857143,-73.86448979591837,918.0510053980972,805,0.9007139014495275,0.10135985897758751,85.97345248837347
40.85857142857143,-73.85285714285715,910.8905136797557,99,0.8918738239396362,0.012465373961218837,88.90760593762235
40.85857142857143,-73.84122448979592,912.9265433429609,357,0.8943874306503414,0.0449508939813649,87.76345547406679
40.85857142857143,-73.82959183673469,893.5921629233123,46,0.8705179216503359,0.0057919919415764295,87.05270907441546
40.85857142857143,-73.81795918367347,882.4216087280583,5,0.8567271697301092,0.0006295643414756988,85.89155756014361
40.85857142857143,-73.80632653061224,946.3060653576875,1,0.9355965505628002,0.00012591286829513975,93.82277989055837
40.85857142857143,-73.79469387755103,944.4210278431187,4,0.9332693531588626,0.000503651473180559,93.57315693109352
40.85857142857143,-73.7830612244898,869.7245452732016,0,0.8410518460925673,0.0,84.3465848082878
40.85857142857143,-73.77142857142857,778.8079147641779,0,0.728809545947283,0.0,73.09013880883445
40.85857142857143,-73.75979591836735,714.5823936121985,0,0.6495190995045688,0.0,65.13833607938498
40.85857142857143,-73.74816326530612,654.2193062291221,0,0.5749970705444785,0.0,57.66474373787776
40.85857142857143,-73.73653061224489,599.4888495478453,0,0.5074288785479807,0.0,50.88853099540193
40.85857142857143,-73.72489795918368,551.6602750550071,0,0.44838149432696717,0.0,44.966844687900355
40.85857142857143,-73.71326530612245,510.17398627391333,0,0.397164060825411,0.0,39.83040081874751
40.85857142857143,-73.70163265306122,474.1143372958074,0,0.35264615556348594,0.0,35.36583268408699
40.85857142857143,-73.69,442.60399059110983,0,0.3137446501655312,0.0,31.464516564916945
40.86734693877551,-74.26,204.74999638530562,0,0.02009893035684508,0.0,2.0156618664777524
40.86734693877551,-74.24836734693878,210.7412500930163,0,0.027495509983062816,0.0,2.75744280855937
40.86734693877551,-74.23673469387755,217.03717169726542,0,0.0352682212949407,0.0,3.536944877193423
40.86734693877551,-74.22510204081632,223.65369323474366,0,0.04343673339409576,0.0,4.356140628002199
40.86734693877551,-74.21346938775511,230.6842573223721,0,0.05211640706981483,0.0,5.226599250973613
40.86734693877551,-74.20183673469388,238.23743131932125,0,0.06144127555722516,0.0,6.161762540078289
40.86734693877551,-74.19020408163266,246.21474885303115,0,0.07128977592464734,0.0,7.149439310939097
40.86734693877551,-74.17857142857143,254.76935590687967,0,0.08185097652334014,0.0,8.20859066541688
40.86734693877551,-74.1669387755102,263.81494297513143,0,0.09301832283853653,0.0,9.328530568568299
40.86734693877551,-74.15530612244898,273.72546603704023,0,0.1052534870530872,0.0,10.555558748650723
40.86734693877551,-74.14367346938776,284.27152450144786,0,0.1182732597050694,0.0,11.861272972187635
40.86734693877551,-74.13204081632654,295.47111726191696,0,0.13209986156093953,0.0,13.247901693668645
40.86734693877551,-74.12040816326531,307.3558692314241,0,0.14677233556536584,0.0,14.719360413736101
40.86734693877551,-74.10877551020408,320.47934439656797,0,0.16297409128583398,0.0,16.34418624256999
40.86734693877551,-74.09714285714286,335.327668069018,0,0.18130528100290177,0.0,18.18256666500271
40.86734693877551,-74.08551020408163,351.5167352132218,0,0.20129170288521667,0.0,20.186945391644674
40.86734693877551,-74.07387755102042,369.5310887437149,0,0.22353155564452218,0.0,22.417313989730047
40.86734693877551,-74.06224489795919,391.34299639060254,0,0.2504597278736964,0.0,25.117860184607842
40.86734693877551,-74.05061224489796,415.7892073770761,0,0.2806401133058905,0.0,28.144561155814312
40.86734693877551,-74.03897959183674,443.335256926304,0,0.3146474444620363,0.0,31.555055116194588
40.86734693877551,-74.02734693877551,474.53599802219344,0,0.3531667222578907,0.0,35.418038767507376
40.86734693877551,-74.01571428571428,510.03117024534043,0,0.39698774545324106,0.0,39.812718675178324
40.86734693877551,-74.00408163265307,550.4948384539505,0,0.44694268952256877,0.0,44.82255123914262
40.86734693877551,-73.99244897959184,596.4466895212876,0,0.5036731406056579,0.0,50.51187922257534
40.86734693877551,-73.98081632653061,647.6543136523375,0,0.5668921741891093,0.0,56.851927820551666
40.86734693877551,-73.96918367346939,701.3513108581631,0,0.633184495445764,0.0,63.50018728635073
40.86734693877551,-73.95755102040816,751.3504762560505,0,0.6949116106961075,0.0,69.69061583795873
40.86734693877551,-73.94591836734693,844.4142968381013,0,0.8098047520713886,0.0,81.21290680958352
40.86734693877551,-73.93428571428572,937.4595093600012,51,0.9246749206257359,0.006421556283052128,92.45689443905995
40.86734693877551,-73.9226530612245,970.9079237073994,1166,0.9659690924570586,0.14681440443213298,90.56405796883473
40.86734693877551,-73.91102040816327,933.8876053341482,228,0.9202651803888257,0.028708133971291867,91.056774222992
40.86734693877551,-73.89938775510204,991.3035501016232,4332,0.9911487763781904,0.5454545454545454,75.95563954770161
40.86734693877551,-73.88775510204081,963.9543474379135,4453,0.9573844650863236,0.5606900025182574,71.91469506243077
40.86734693877551,-73.87612244897959,967.5423579779776,1178,0.9618140898283267,0.14832535885167464,90.0824240787987
40.86734693877551,-73.86448979591837,952.3746503694337,1257,0.9430886005489464,0.1582724754469907,87.77697194243386
40.86734693877551,-73.85285714285715,959.604982793658,377,0.9520149008040952,0.04746915134726769,93.43450774373241
40.86734693877551,-73.84122448979592,983.1388907043377,226,0.9810689906940611,0.028456308234701588,97.16543077994369
40.86734693877551,-73.82959183673469,890.9487192250929,57,0.8672544240995412,0.007177033492822967,86.66589332779088
40.86734693877551,-73.81795918367347,857.2821934382173,18,0.8256909799742732,0.002266431629312516,82.70867771694222
40.86734693877551,-73.80632653061224,878.8490722330121,6,0.8523166486701897,0.0007554772097708386,85.44382778429834
40.86734693877551,-73.79469387755103,990.1002616546709,0,0.9896632410886841,0.0,99.25037901521273
40.86734693877551,-73.7830612244898,936.8511659716526,0,0.9239238824404871,0.0,92.6575745225723
40.86734693877551,-73.77142857142857,831.2552814602569,0,0.7935591197224221,0.0,79.58368072435172
40.86734693877551,-73.75979591836735,738.7819153367702,0,0.6793949315231357,0.0,68.13449429576546
40.86734693877551,-73.74816326530612,664.0385682150658,0,0.5871195672192984,0.0,58.88047282594915
40.86734693877551,-73.73653061224489,602.8311208986107,0,0.5115551228007564,0.0,51.302339742655015
40.86734693877551,-73.72489795918368,551.8826119276198,0,0.44865598318395006,0.0,44.99437235787932
40.86734693877551,-73.71326530612245,508.84263757670027,0,0.3955204271003821,0.0,39.665565687565056
40.86734693877551,-73.70163265306122,472.0138346224315,0,0.35005295286557436,0.0,35.1057681086382
40.86734693877551,-73.69,440.14731614419816,0,0.31071173100557464,0.0,31.160354135061464
40.876122448979594,-74.26,201.99445271394785,0,0.01669703833673463,0.0,1.6744962473593055
40.876122448979594,-74.24836734693878,207.71770611587846,0,0.023762754724928937,0.0,2.383095900682636
40.876122448979594,-74.23673469387755,213.76428052172494,0,0.03122763123335228,0.0,3.1317261336776014
40.876122448979594,-74.22510204081632,220.23473370279305,0,0.039215812757010644,0.0,3.932837068133705
40.876122448979594,-74.21346938775511,227.03920896942813,0,0.04761636555942686,0.0,4.77530349000458
40.876122448979594,-74.20183673469388,234.29401383782275,0,0.056572878586523684,0.0,5.673525507037536
40.876122448979594,-74.19020408163266,241.94061073949933,0,0.06601308352727762,0.0,6.620255545550862
40.876122448979594,-74.17857142857143,250.22508315668782,0,0.07624078592219984,0.0,7.645961358403078
40.876122448979594,-74.1669387755102,259.0240153728522,0,0.08710362130484979,0.0,8.735362767029569
40.876122448979594,-74.15530612244898,268.327816608118,0,0.09858974925409361,0.0,9.887272330858183
40.876122448979594,-74.14367346938776,278.1554849290878,0,0.11072262407836585,0.0,11.104042212629757
40.876122448979594,-74.13204081632654,288.7807851064819,0,0.12384022561031492,0.0,12.419567403182748
40.876122448979594,-74.12040816326531,300.72972924205254,0,0.13859194888222873,0.0,13.898973796264874
40.876122448979594,-74.10877551020408,313.70521921370334,0,0.1546110075712285,0.0,15.505477483924517
40.876122448979594,-74.09714285714286,329.18246892123676,0,0.17371864604584245,0.0,17.42172563981733
40.876122448979594,-74.08551020408163,346.1955178063796,0,0.19472232522600155,0.0,19.52812207124538
40.876122448979594,-74.07387755102042,364.964221475454,0,0.21789347068935064,0.0,21.851887241025942
40.876122448979594,-74.06224489795919,385.7434388488265,0,0.24354672180686424,0.0,24.424575394609185
40.876122448979594,-74.05061224489796,408.82442943897405,0,0.2720416567705253,0.0,27.28224755796658
40.876122448979594,-74.03897959183674,434.53017793399124,0,0.30377702049752286,0.0,30.464892671293462
40.876122448979594,-74.02734693877551,463.1961375848532,0,0.3391669511303493,0.0,34.01404341550642
40.876122448979594,-74.01571428571428,495.11756257994927,0,0.3785759585397158,0.0,37.96625539994897
40.876122448979594,-74.00408163265307,530.4219455684497,0,0.42216144042188963,0.0,42.33731357081499
40.876122448979594,-73.99244897959184,568.7776674903778,0,0.46951399218438394,0.0,47.08615996082038
40.876122448979594,-73.98081632653061,608.7683830235576,0,0.5188850464213131,0.0,52.03743595244503
40.876122448979594,-73.96918367346939,665.6388341592503,0,0.5890951962039385,0.0,59.07860277296352
40.876122448979594,-73.95755102040816,739.2278022514034,0,0.6799454069710588,0.0,68.1896998390014
40.876122448979594,-73.94591836734693,827.099781173665,0,0.788428893186198,0.0,79.06918558397041
40.876122448979594,-73.93428571428572,934.0672948963869,0,0.9204870184581079,0.0,92.31290166951209
40.876122448979594,-73.9226530612245,957.5870783346185,15,0.9495236707982324,0.0018886930244270965,95.14372474156836
40.876122448979594,-73.91102040816327,955.7630908442691,563,0.9472718434899962,0.07088894485016368,91.95225436250405
40.876122448979594,-73.89938775510204,963.7428296249327,765,0.9571233330391091,0.09632334424578191,91.84705655255875
40.876122448979594,-73.88775510204081,963.4146654498709,1022,0.956718193719405,0.12868295139763283,90.41560549651973
40.876122448979594,-73.87612244897959,975.4336634633381,1425,0.9715564029108386,0.17942583732057416,89.72274834526792
40.876122448979594,-73.86448979591837,973.985620319866,1728,0.9697687025503772,0.2175774364140015,87.90370366487676
40.876122448979594,-73.85285714285715,900.7062241137174,905,0.8793006777524346,0.11395114580710149,83.2848086328298
40.876122448979594,-73.84122448979592,959.7712379178852,495,0.9522201532144597,0.062326869806094184,92.81650489609525
40.876122448979594,-73.82959183673469,931.8277123050672,125,0.9177221128516455,0.01573910853689247,91.35914824045173
40.876122448979594,-73.81795918367347,927.5533493509613,0,0.9124451428744419,0.0,91.50640591769046
40.876122448979594,-73.80632653061224,822.1386780180629,0,0.7823040992257847,0.0,78.45494823865647
40.876122448979594,-73.79469387755103,891.880600440204,0,0.868404890086464,0.0,87.08974012708856
40.876122448979594,-73.7830612244898,901.719591521077,0,0.8805517435701785,0.0,88.3079118869841
40.876122448979594,-73.77142857142857,819.2590216412417,0,0.7787489822625535,0.0,78.09841614632982
40.876122448979594,-73.75979591836735,733.1574619900122,0,0.6724511900187988,0.0,67.43812714027632
40.876122448979594,-73.74816326530612,660.8378698740821,0,0.5831681037537936,0.0,58.48419232331605
40.876122448979594,-73.73653061224489,600.8029841750086,0,0.509051260420555,0.0,51.05123484159437
40.876122448979594,-73.72489795918368,550.5057485061408,0,0.44695615866837507,0.0,44.82390201966147
40.876122448979594,-73.71326530612245,507.8614626927601,0,0.3943091049781077,0.0,39.544085799504366
40.876122448979594,-73.70163265306122,471.28883376684263,0,0.3491578936978183,0.0,35.0160052903859
40.876122448979594,-73.69,439.5962711368254,0,0.31003143127641836,0.0,31.09212890130575
40.884897959183675,-74.26,199.158157719847,0,0.013195453728439688,0.0,1.3233327554781662
40.884897959183675,-74.24836734693878,204.76306528529958,0,0.02011506473608326,0.0,2.017279935319839
40.884897959183675,-74.23673469387755,210.6375756072078,0,0.027367517307923233,0.0,2.7446068043597993
40.884897959183675,-74.22510204081632,216.8656199769785,0,0.03505642990351894,0.0,3.5157049493088177
40.884897959183675,-74.21346938775511,223.41342622172775,0,0.043140108650757236,0.0,4.3263930159061355
40.884897959183675,-74.20183673469388,230.44247077642265,0,0.05181790636747241,0.0,5.196663504536065
40.884897959183675,-74.19020408163266,237.8942541649133,0,0.0610176017700159,0.0,6.119273557752268
40.884897959183675,-74.17857142857143,245.7433737296792,0,0.070707833679537,0.0,7.091078056328258
40.884897959183675,-74.1669387755102,254.00576210268946,0,0.08090827193256134,0.0,8.114049629588115
40.884897959183675,-74.15530612244898,262.7958237994979,0,0.09176015610100087,0.0,9.202352773556555
40.884897959183675,-74.14367346938776,272.60544724168756,0,0.1038707533871727,0.0,10.41688850737942
40.884897959183675,-74.13204081632654,283.9800526154481,0,0.11791341932461169,0.0,11.825185652114882
40.884897959183675,-74.12040816326531,296.49644727384685,0,0.13336569596662157,0.0,13.374848456282798
40.884897959183675,-74.10877551020408,310.10323096681776,0,0.1501641264707835,0.0,15.05951302214534
40.884897959183675,-74.09714285714286,324.93394450116205,0,0.168473575364464,0.0,16.895713122149473
40.884897959183675,-74.08551020408163,341.139318444596,0,0.18848012901632805,0.0,18.902110804002707
40.884897959183675,-74.07387755102042,358.8872031055175,0,0.2103910091919558,0.0,21.09948772142334
40.884897959183675,-74.06224489795919,378.359924941507,0,0.2344313093738223,0.0,23.510417829391177
40.884897959183675,-74.05061224489796,399.7464158711414,0,0.2608342779015679,0.0,26.15829290922417
40.884897959183675,-74.03897959183674,423.2240804803446,0,0.28981893189746094,0.0,29.065077535833737
40.884897959183675,-74.02734693877551,448.9209447281066,0,0.3215433274622928,0.0,32.246622684842606
40.884897959183675,-74.01571428571428,476.8407401066776,0,0.35601207135800345,0.0,35.70339035468579
40.884897959183675,-74.00408163265307,506.7209383693896,0,0.3929010559478036,0.0,39.40287675573311
40.884897959183675,-73.99244897959184,544.1180645877197,0,0.439070161006666,0.0,44.03303880039437
40.884897959183675,-73.98081632653061,590.7693206436717,0,0.49666407154943487,0.0,49.80896056146727
40.884897959183675,-73.96918367346939,644.2748803035746,0,0.5627200511118559,0.0,56.43351802262888
40.884897959183675,-73.95755102040816,707.3750920015237,0,0.6406212322376702,0.0,64.24599547098242
40.884897959183675,-73.94591836734693,778.2918413324193,0,0.7281724208283674,0.0,73.02624342815636
40.884897959183675,-73.93428571428572,846.40151993519,0,0.8122581040056854,0.0,81.45894616845554
40.884897959183675,-73.9226530612245,935.3265997921968,7,0.9220417095778574,0.0008813900780659784,92.4309347320058
40.884897959183675,-73.91102040816327,958.3926002577654,189,0.9505181382896611,0.023797532107781415,94.30181168638977
40.884897959183675,-73.89938775510204,965.4878297740682,769,0.959277645505335,0.09682699571896247,92.04145911681388
40.884897959183675,-73.88775510204081,964.8383461023807,295,0.9584758170520711,0.03714429614706623,94.52621764008518
40.884897959183675,-73.87612244897959,932.433061843979,677,0.9184694549414143,0.08524301183580962,88.44680861116193
40.884897959183675,-73.86448979591837,967.0443817237484,1800,0.9611993068136078,0.22664316293125158,86.65465818252845
40.884897959183675,-73.85285714285715,914.7804323904807,1134,0.8966761733120826,0.14278519264668849,83.78805361300482
40.884897959183675,-73.84122448979592,982.9222009097829,982,0.9808014735102119,0.12364643666582725,93.04731607115568
40.884897959183675,-73.82959183673469,888.3343282374659,509,0.8640267939477482,0.06408964996222614,83.89609099495698
40.884897959183675,-73.81795918367347,854.8211454167837,20,0.8226526613614172,0.0025182573659027953,82.39315028355169
40.884897959183675,-73.80632653061224,783.4785134523429,0,0.7345756938663169,0.0,73.66840861078484
40.884897959183675,-73.79469387755103,788.4377668005326,0,0.7406982041231039,0.0,74.28241693026345
40.884897959183675,-73.7830612244898,796.1849145502011,0,0.7502625454115974,0.0,75.24159623338639
40.884897959183675,-73.77142857142857,756.9941610812403,0,0.7018790946704666,0.0,70.38936405505615
40.884897959183675,-73.75979591836735,698.203670206862,0,0.6292985350361581,0.0,63.1104758901113
40.884897959183675,-73.74816326530612,639.5094426750331,0,0.5568368185543834,0.0,55.843506150993186
40.884897959183675,-73.73653061224489,586.8079155710545,0,0.49177346776585523,0.0,49.31849647329971
40.884897959183675,-73.72489795918368,540.8006630792947,0,0.4349746201388806,0.0,43.622309204180574
40.884897959183675,-73.71326530612245,500.8401544957126,0,0.38564085828162104,0.0,38.67477315424812
40.884897959183675,-73.70163265306122,466.03723619176867,0,0.3426744661008706,0.0,34.36580164575333
40.884897959183675,-73.69,435.5615721868182,0,0.30505034159010813,0.0,30.59259025144015
40.89367346938776,-74.26,196.446512003279,0,0.009847756495242162,0.0,0.9876021701352883
40.89367346938776,-74.24836734693878,201.85139024550998,0,0.016520418719047244,0.0,1.6567835919132856
40.89367346938776,-74.23673469387755,207.5207510076517,0,0.023519601252907786,0.0,2.3587107631378514
40.89367346938776,-74.22510204081632,213.56014598824234,0,0.030975614309178022,0.0,3.1064521069136815
40.89367346938776,-74.21346938775511,219.9516138695966,0,0.03886628351118619,0.0,3.897783821044507
40.89367346938776,-74.20183673469388,226.66100712950296,0,0.04714945159446017,0.0,4.728478079029973
40.89367346938776,-74.19020408163266,233.7013228084615,0,0.055841164223172084,0.0,5.6001440527424045
40.89367346938776,-74.17857142857143,241.0941662727903,0,0.06496809458128669,0.0,6.515456716363051
40.89367346938776,-74.1669387755102,249.66179003787425,0,0.07554536512891197,0.0,7.576219678159449
40.89367346938776,-74.15530612244898,259.2541497179302,0,0.08738773663214869,0.0,8.763855847046795
40.89367346938776,-74.14367346938776,269.56996543363147,0,0.10012326012573286,0.0,10.041063569044129
40.89367346938776,-74.13204081632654,280.6859355444526,0,0.11384662455971242,0.0,11.417338916947353
40.89367346938776,-74.12040816326531,292.68762612207996,0,0.12866346663274963,0.0,12.903275880656118
40.89367346938776,-74.10877551020408,305.6698215411332,0,0.1446908036184234,0.0,14.510609774034613
40.89367346938776,-74.09714285714286,319.73626598176173,0,0.16205671423392173,0.0,16.2521852301832
40.89367346938776,-74.08551020408163,334.998245735218,0,0.18089858840708162,0.0,18.141780675787402
40.89367346938776,-74.07387755102042,351.5710615147918,0,0.20135877212230188,0.0,20.193671565685094
40.89367346938776,-74.06224489795919,369.5667610926464,0,0.2235755954035106,0.0,22.421730605998967
40.89367346938776,-74.05061224489796,389.0803693509798,0,0.24766637244602288,0.0,24.837722887989834
40.89367346938776,-74.03897959183674,410.16502117335995,0,0.2736967016064455,0.0,27.44822707547554
40.89367346938776,-74.02734693877551,432.78864332545186,0,0.3016269864591884,0.0,30.249272160860478
40.89367346938776,-74.01571428571428,459.2043250081205,0,0.33423880736993045,0.0,33.51981455486392
40.89367346938776,-74.00408163265307,491.47530607276224,0,0.3740793637385565,0.0,37.515305299183424
40.89367346938776,-73.99244897959184,527.6519274116519,0,0.418741678738879,0.0,41.99435585642405
40.89367346938776,-73.98081632653061,569.2380981777472,0,0.4700824228347334,0.0,47.14316617783314
40.89367346938776,-73.96918367346939,616.0503770648313,0,0.5278751261928648,0.0,52.939024278310264
40.89367346938776,-73.95755102040816,666.0716682109107,0,0.5896295570713349,0.0,59.13219223291117
40.89367346938776,-73.94591836734693,719.215883334305,0,0.65523943407039,0.0,65.71201139658382
40.89367346938776,-73.93428571428572,795.3514368722686,0,0.7492335647821227,0.0,75.1384028305857
40.89367346938776,-73.9226530612245,875.6674928547499,0,0.8483887887669841,0.0,85.08238493808517
40.89367346938776,-73.91102040816327,896.476992638194,30,0.8740794254248698,0.003777386048854193,87.49646974890238
40.89367346938776,-73.89938775510204,957.6800885516263,160,0.949638497762623,0.020146058927222363,94.37053603072036
40.89367346938776,-73.88775510204081,955.7455020225935,1,0.947250128983083,0.00012591286829513975,94.99148256342333
40.89367346938776,-73.87612244897959,953.8632072892776,53,0.944926317715157,0.006673382019642408,94.47702323158397
40.89367346938776,-73.86448979591837,951.5666598400729,453,0.9420910854078407,0.05703852933769831,92.02798453052327
40.89367346938776,-73.85285714285715,885.2730783461717,705,0.8602474883664194,0.08876857214807353,82.45637186232219
40.89367346938776,-73.84122448979592,914.558207756884,226,0.8964018230212263,0.028456308234701588,88.67441269137714
40.89367346938776,-73.82959183673469,851.6589638251018,16,0.818748749246106,0.002014605892722236,82.02328558118022
40.89367346938776,-73.81795918367347,761.6842316189367,3,0.7076692818127674,0.0003777386048854193,70.9538094163871
40.89367346938776,-73.80632653061224,723.5172972253345,0,0.6605498001310647,0.0,66.24457219337738
40.89367346938776,-73.79469387755103,705.7190330475393,0,0.6385767232723609,0.0,64.04095775584638
40.89367346938776,-73.7830612244898,710.4530963579001,0,0.6444212222602063,0.0,64.62708515314122
40.89367346938776,-73.77142857142857,688.8959187577858,0,0.617807530299448,0.0,61.95807724779184
40.89367346938776,-73.75979591836735,650.7154092259606,0,0.5706712892555647,0.0,57.23092401553531
40.89367346938776,-73.74816326530612,607.0464916521768,0,0.5167592631950537,0.0,51.824247483730844
40.89367346938776,-73.73653061224489,564.114352479616,0,0.4637568364233377,0.0,46.508791955614
40.89367346938776,-73.72489795918368,524.4516155239403,0,0.41479069237425137,0.0,41.598123200817014
40.89367346938776,-73.71326530612245,488.7170870204742,0,0.370674168792373,0.0,37.17380843944595
40.89367346938776,-73.70163265306122,456.8155127885882,0,0.3312896683990481,0.0,33.22405419065496
40.89367346938776,-73.69,428.3903294510931,0,0.2961969912728848,0.0,29.704714115339293
40.90244897959184,-74.26,193.73855108627512,0,0.006504608378926074,0.0,0.652327802176185
40.90244897959184,-74.24836734693878,198.98390620485242,0,0.012980329270600801,0.0,1.3017585642891873
40.90244897959184,-74.23673469387755,204.5260123223059,0,0.019822407939700713,0.0,1.9879302568065778
40.90244897959184,-74.22510204081632,210.3262623282659,0,0.026983181479609174,0.0,2.7060629087743333
40.90244897959184,-74.21346938775511,216.395172232028,0,0.034475632565388735,0.0,3.4574585140092324
40.90244897959184,-74.20183673469388,222.74213596361403,0,0.04231135859464592,0.0,4.243280140977647
40.90244897959184,-74.19020408163266,230.31552710107013,0,0.051661186413920576,0.0,5.180946527140647
40.90244897959184,-74.17857142857143,238.40504398426944,0,0.0616482039370159,0.0,6.182514771009532
40.90244897959184,-74.1669387755102,247.04623179492833,0,0.07231629392699285,0.0,7.252385744199217
40.90244897959184,-74.15530612244898,256.29118059063256,0,0.0837297648370507,0.0,8.397008749956424
40.90244897959184,-74.14367346938776,266.1971795835228,0,0.095959343803778,0.0,9.62347680216873
40.90244897959184,-74.13204081632654,276.8268200328297,0,0.10908230367446019,0.0,10.93953936455496
40.90244897959184,-74.12040816326531,288.2477770267025,0,0.12318219360301871,0.0,12.35357533293424
40.90244897959184,-74.10877551020408,300.532032728479,0,0.1383478800986634,0.0,13.874496864851324
40.90244897959184,-74.09714285714286,313.75415956149067,0,0.15467142750952587,0.0,15.51153681959257
40.90244897959184,-74.08551020408163,327.98805518582947,0,0.17224406714606758,0.0,17.273844513577362
40.90244897959184,-74.07387755102042,343.30116974183727,0,0.1911490704499896,0.0,19.169770991693337
40.90244897959184,-74.06224489795919,359.74473512870094,0,0.211449686423959,0.0,21.205659308048613
40.90244897959184,-74.05061224489796,377.3377435689976,0,0.23316936216159329,0.0,23.383860901831515
40.90244897959184,-74.03897959183674,396.99510752780526,0,0.2574376146603547,0.0,25.81765166876888
40.90244897959184,-74.02734693877551,420.66907083926935,0,0.28666461175380803,0.0,28.748740162882026
40.90244897959184,-74.01571428571428,446.78575650492144,0,0.31890730327099115,0.0,31.982263669353507
40.90244897959184,-74.00408163265307,476.2460671508195,0,0.3552779101817038,0.0,35.62976351680724
40.90244897959184,-73.99244897959184,508.9307866805262,0,0.39562925271472543,0.0,39.67647948432107
40.90244897959184,-73.98081632653061,544.5137438328185,0,0.43955865192786475,0.0,44.082028100048596
40.90244897959184,-73.96918367346939,582.0673126887507,0,0.4859208952650262,0.0,48.731559407432435
40.90244897959184,-73.95755102040816,624.930397001067,0,0.5388380694673646,0.0,54.03846520926719
40.90244897959184,-73.94591836734693,680.4431514944986,0,0.6073720573291871,0.0,60.91153474272512
40.90244897959184,-73.93428571428572,736.5018894649029,0,0.6765800961424542,0.0,67.85220283863228
40.90244897959184,-73.9226530612245,810.8965627449605,0,0.7684250006528761,0.0,77.06305477777038
40.90244897959184,-73.91102040816327,926.033172034915,25,0.9105683883398049,0.003147821707378494,91.18289793874081
40.90244897959184,-73.89938775510204,941.5268820842357,104,0.9296963481419146,0.013094938302694535,92.67365547490868
40.90244897959184,-73.88775510204081,935.1275064792285,1,0.9217959163575632,0.00012591286829513975,92.438755387422
40.90244897959184,-73.87612244897959,954.0599950914647,28,0.9451692646373465,0.0035255603122639136,94.63668151091767
40.90244897959184,-73.86448979591837,918.7743474972779,59,0.9016069127781412,0.007428859229413246,90.100178599659
40.90244897959184,-73.85285714285715,985.8962199557927,1186,0.9844730871251367,0.14933266179803575,92.31153340030825
40.90244897959184,-73.84122448979592,856.5672997178305,213,0.8248083987007879,0.02681944094686477,81.5648741923048
40.90244897959184,-73.82959183673469,777.0250940005343,0,0.726608541553062,0.0,72.86940663321049
40.90244897959184,-73.81795918367347,720.1167783010268,0,0.6563516455842574,0.0,65.82355177690046
40.90244897959184,-73.80632653061224,661.181086596707,0,0.583591826390456,0.0,58.52668620460826
40.90244897959184,-73.79469387755103,637.8060612192974,0,0.5547338869834907,0.0,55.63260940673849
40.90244897959184,-73.7830612244898,641.0314259065997,0,0.5587158026053445,0.0,56.031943865438635
40.90244897959184,-73.77142857142857,627.822153095372,0,0.5424081242930514,0.0,54.39649537533127
40.90244897959184,-73.75979591836735,602.2107656411171,0,0.5107892552073529,0.0,51.22553316263375
40.90244897959184,-73.74816326530612,570.4076757542372,0,0.47152633993382287,0.0,47.28797232339991
40.90244897959184,-73.73653061224489,536.6948963390639,0,0.4299057927944953,0.0,43.11397160588856
40.90244897959184,-73.72489795918368,503.76442636198914,0,0.3892510558734515,0.0,39.03682911877482
40.90244897959184,-73.71326530612245,472.8785175030559,0,0.3511204582809659,0.0,35.21282504748323
40.90244897959184,-73.70163265306122,444.48917389730843,0,0.3160720275584079,0.0,31.697922312209677
40.90244897959184,-73.69,418.6424669409484,0,0.28416264174284983,0.0,28.497825041896903
40.91122448979592,-74.26,191.12278265123942,0,0.0032752776816484404,0.0,0.32846784419928254
40.91122448979592,-74.24836734693878,196.1864343074116,0,0.009526674217586191,0.0,0.9554017847624146
40.91122448979592,-74.23673469387755,201.47094417958493,0,0.016050734115894104,0.0,1.6096803218865257
40.91122448979592,-74.22510204081632,207.18545840919535,0,0.02310566144605698,0.0,2.3171979727120577
40.91122448979592,-74.21346938775511,213.698969834198,0,0.031147001080749286,0.0,3.1236399758072757
40.91122448979592,-74.20183673469388,220.60884947332542,0,0.03967768221224756,0.0,3.979156580251167
40.91122448979592,-74.19020408163266,227.94858810345022,0,0.04873905131158565,0.0,4.887894300484883
40.91122448979592,-74.17857142857143,235.7547580546843,0,0.058376259221139135,0.0,5.85438118002119
40.91122448979592,-74.1669387755102,244.06713755032243,0,0.06863841466010827,0.0,6.883542186052173
40.91122448979592,-74.15530612244898,252.92873123329935,0,0.0795786095657205,0.0,7.980701750842973
40.91122448979592,-74.14367346938776,262.38561481522567,0,0.091253727302692,0.0,9.151564537629874
40.91122448979592,-74.13204081632654,272.4864934523088,0,0.10372389745051827,0.0,10.402160762861442
40.91122448979592,-74.12040816326531,283.28180598609845,0,0.11705138993232009,0.0,11.738735291674013
40.91122448979592,-74.10877551020408,294.82212170617635,0,0.13129863571752068,0.0,13.167549140057961
40.91122448979592,-74.09714285714286,307.1554507660042,0,0.14652490636100168,0.0,14.694546475728703
40.91122448979592,-74.08551020408163,320.32290898583364,0,0.16278096192955796,0.0,16.324817874610527
40.91122448979592,-74.07387755102042,334.35192801367344,0,0.18010066851844672,0.0,18.06175966653614
40.91122448979592,-74.06224489795919,349.5556089533375,0,0.19887056913826281,0.0,19.94413709882847
40.91122448979592,-74.05061224489796,367.6717282555833,0,0.2212360581451242,0.0,22.187105382009005
40.91122448979592,-74.03897959183674,387.4176870837569,0,0.2456136865838323,0.0,24.63186513621816
40.91122448979592,-74.02734693877551,409.37649072055126,0,0.2727232111541232,0.0,27.350598617279605
40.91122448979592,-74.01571428571428,433.41717126235716,0,0.3024029437394884,0.0,30.327090605531282
40.91122448979592,-74.00408163265307,459.5209971775209,0,0.33462975908565606,0.0,33.55902193809433
40.91122448979592,-73.99244897959184,487.5204901884983,0,0.3691968947225404,0.0,37.0256570226277
40.91122448979592,-73.98081632653061,516.8654412556014,0,0.40542508297568464,0.0,40.658874127067804
40.91122448979592,-73.96918367346939,552.573513237691,0,0.44950894431748095,0.0,45.07991328965634
40.91122448979592,-73.95755102040816,593.5572158978574,0,0.5001059036338616,0.0,50.15413165068575
40.91122448979592,-73.94591836734693,639.8587795456414,0,0.5572680968987643,0.0,55.886757771709924
40.91122448979592,-73.93428571428572,705.2823651738812,0,0.6380376293105134,0.0,63.98689362795241
40.91122448979592,-73.9226530612245,780.0252392060667,0,0.7303124095555764,0.0,73.2408565242537
40.91122448979592,-73.91102040816327,852.6696429076713,0,0.8199964961577678,0.0,82.23500647076366
40.91122448979592,-73.89938775510204,925.3707860099145,126,0.9097506311196584,0.01586502140518761,90.55430032412443
40.91122448979592,-73.88775510204081,895.067738775598,0,0.8723396128719759,0.0,87.48434175678258
40.91122448979592,-73.87612244897959,874.9834936081845,0,0.8475443486650766,0.0,84.99769855519219
40.91122448979592,-73.86448979591837,851.9602075261724,0,0.8191206535470369,0.0,82.1471708237843
40.91122448979592,-73.85285714285715,864.3987883677056,24,0.8344768641366735,0.0030219088390833542,83.55731734785131
40.91122448979592,-73.84122448979592,813.6701784257476,0,0.7718492037055803,0.0,77.40645790390052
40.91122448979592,-73.82959183673469,736.9858538000104,0,0.6771775805614941,0.0,67.91212277157854
40.91122448979592,-73.81795918367347,666.945443373455,0,0.5907082874807735,0.0,59.2403748929787
40.91122448979592,-73.80632653061224,623.1318373914401,0,0.5366176344776088,0.0,53.81578439708559
40.91122448979592,-73.79469387755103,581.6615153806974,0,0.4854199129585587,0.0,48.68131738395168
40.91122448979592,-73.7830612244898,583.8626324642198,0,0.4881373304756884,0.0,48.953839093680955
40.91122448979592,-73.77142857142857,575.1108972879289,0,0.4773327628080405,0.0,47.87028118065802
40.91122448979592,-73.75979591836735,557.3497093957178,0,0.4554054589564478,0.0,45.671257181688155
40.91122448979592,-73.74816326530612,533.8734056256818,0,0.42642248500212027,0.0,42.76464104144367
40.91122448979592,-73.73653061224489,507.6954382099842,0,0.394104137309125,0.0,39.52353020242063
40.91122448979592,-73.72489795918368,480.8783412998433,0,0.3609967440460799,0.0,36.20328833312756
40.91122448979592,-73.71326530612245,454.7534786627286,0,0.3287439575431934,0.0,32.96875243060497
40.91122448979592,-73.70163265306122,430.0183224375791,0,0.2982068510356203,0.0,29.90627696514211
40.91122448979592,-73.69,406.9728567769574,0,0.26975577383241695,0.0,27.05300316596301
40.92,-74.26,188.46979700846975,0,0.0,0.0,0.0
40.92,-74.24836734693878,193.63326324589997,0,0.006374623916073989,0.0,0.6392920475189073
40.92,-74.23673469387755,199.28467221320835,0,0.013351643829822565,0.0,1.338996595577574
40.92,-74.22510204081632,205.25290682198022,0,0.02071980493021396,0.0,2.077927528340653
40.92,-74.21346938775511,211.56237464102261,0,0.028509239896478796,0.0,2.859106762466473
40.92,-74.20183673469388,218.23948815081218,0,0.03675255659743758,0.0,3.6858044440056794
40.92,-74.19020408163266,225.31272171094645,0,0.045484908421403285,0.0,4.561546001577702
40.92,-74.17857142857143,232.81260568352255,0,0.05474398702112266,0.0,5.4901114187825275
40.92,-74.1669387755102,240.77162037448392,0,0.06456989137769632,0.0,6.475522103011201
40.92,-74.15530612244898,249.22393507330426,0,0.075004805628651,0.0,7.522008575782689
40.92,-74.14367346938776,258.2049125228046,0,0.08609238730475366,0.0,8.633949120835938
40.92,-74.13204081632654,267.75026360992325,0,0.09787672374258669,0.0,9.815765125855064
40.92,-74.12040816326531,277.8946870159104,0,0.11040065264713013,0.0,11.071752656692466
40.92,-74.10877551020408,288.6697593284121,0,0.12370315730239145,0.0,12.4058212308005
40.92,-74.09714285714286,300.1007480755132,0,0.13781543206143176,0.0,13.821099236944065
40.92,-74.08551020408163,312.2135138536426,0,0.15276940345749435,0.0,15.320788492057929
40.92,-74.07387755102042,326.5263533848709,0,0.17043950431364044,0.0,17.092870281496015
40.92,-74.06224489795919,341.98073475741734,0,0.1895189103900115,0.0,19.00628709425131
40.92,-74.05061224489796,358.97786675605454,0,0.21050293917241014,0.0,21.110712845811143
40.92,-74.03897959183674,377.38369753667735,0,0.23322609522576754,0.0,23.389550491874076
40.92,-74.02734693877551,397.2480113979898,0,0.2577498403988827,0.0,25.848963858209324
40.92,-74.01571428571428,418.56114469633525,0,0.2840622443156987,0.0,28.487756482933413
40.92,-74.00408163265307,441.191351117608,0,0.31200065786297737,0.0,31.289616770884308
40.92,-73.99244897959184,464.7966180424196,0,0.34114284494525476,0.0,34.21219992155938
40.92,-73.98081632653061,494.4954981397422,0,0.3778079808527238,0.0,37.889237204926054
40.92,-73.96918367346939,526.1300439803761,0,0.4168628178976555,0.0,41.805930498316236
40.92,-73.95755102040816,568.0824285915049,0,0.46865567602458946,0.0,47.00008198940784
40.92,-73.94591836734693,615.9308469336744,0,0.5277275587260262,0.0,52.924225176549214
40.92,-73.93428571428572,668.1562482612313,0,0.5922031022893546,0.0,59.39028541824588
40.92,-73.9226530612245,720.9242069615134,0,0.6573484670628893,0.0,65.92352003424008
40.92,-73.91102040816327,770.8291967678856,0,0.7189593166206963,0.0,72.10228864580827
40.92,-73.89938775510204,819.4453269019411,0,0.778978987827795,0.0,78.12148271946103
40.92,-73.88775510204081,808.9347702667488,0,0.7660030444174838,0.0,76.82016400003823
40.92,-73.87612244897959,773.8267802372394,0,0.7226600219987335,0.0,72.47342136666165
40.92,-73.86448979591837,764.2027107506024,0,0.7107785027443329,0.0,71.28185918640064
40.92,-73.85285714285715,763.5178857799392,0,0.7099330432340782,0.0,71.19707057008054
40.92,-73.84122448979592,739.7580982991055,0,0.6806000908041352,0.0,68.255356130829
40.92,-73.82959183673469,691.6949374013251,0,0.6212630949078307,0.0,62.30462553093942
40.92,-73.81795918367347,638.458297739043,0,0.5555391140008706,0.0,55.71336322616936
40.92,-73.80632653061224,588.2985593827268,0,0.4936137613313193,0.0,49.503054034183386
40.92,-73.79469387755103,549.0684297808159,0,0.44518169827681514,0.0,44.645946671723046
40.92,-73.7830612244898,536.0135983557941,0,0.42906468757206895,0.0,43.02961966812672
40.92,-73.77142857142857,529.8842186690812,0,0.4214975827349384,0.0,42.27073726050403
40.92,-73.75979591836735,517.1046807155309,0,0.4057204391400922,0.0,40.68849451716099
40.92,-73.74816326530612,499.4879288417937,0,0.3839714506401196,0.0,38.507353233743
40.92,-73.73653061224489,479.08127598487135,0,0.35877815385708534,0.0,35.98079253052009
40.92,-73.72489795918368,457.39043215971964,0,0.33199944253225766,0.0,33.29523532461195
40.92,-73.71326530612245,435.54751110728,0,0.30503298230280224,0.0,30.590849340215996
40.92,-73.70163265306122,414.2870105439923,0,0.27878555680866585,0.0,27.958573207982496
40.92,-73.69,394.0247950589405,0,0.253770577048105,0.0,25.449895387876353
