"date","program_type","vacancies_per_day","beds_per_day","vacant_per_day"
"2019-07-01T00:00:00.000","Crisis Shelters","45","246","0.18"
"2019-07-01T00:00:00.000","Transitional Independent Living (HYA)","25","25","1"
"2019-07-01T00:00:00.000","Transitional Independent Living (TIL)","85","450","0.19"
"2019-07-02T00:00:00.000","Crisis Shelters","42","246","0.17"
"2019-07-02T00:00:00.000","Transitional Independent Living (HYA)","25","25","1"
"2019-07-02T00:00:00.000","Transitional Independent Living (TIL)","83","450","0.18"
"2019-07-03T00:00:00.000","Crisis Shelters","46","246","0.19"
"2019-07-03T00:00:00.000","Transitional Independent Living (HYA)","25","25","1"
"2019-07-03T00:00:00.000","Transitional Independent Living (TIL)","84","450","0.19"
"2019-07-04T00:00:00.000","Crisis Shelters","47","246","0.19"
"2019-07-04T00:00:00.000","Transitional Independent Living (HYA)","25","25","1"
"2019-07-04T00:00:00.000","Transitional Independent Living (TIL)","83","450","0.18"
"2019-07-05T00:00:00.000","Crisis Shelters","41","246","0.17"
"2019-07-05T00:00:00.000","Transitional Independent Living (HYA)","25","25","1"
"2019-07-05T00:00:00.000","Transitional Independent Living (TIL)","83","450","0.18"
"2019-07-06T00:00:00.000","Crisis Shelters","43","246","0.17"
"2019-07-06T00:00:00.000","Transitional Independent Living (HYA)","25","25","1"
"2019-07-06T00:00:00.000","Transitional Independent Living (TIL)","83","450","0.18"
"2019-07-07T00:00:00.000","Crisis Shelters","41","246","0.17"
"2019-07-07T00:00:00.000","Transitional Independent Living (HYA)","25","25","1"
"2019-07-07T00:00:00.000","Transitional Independent Living (TIL)","83","450","0.18"
"2019-07-08T00:00:00.000","Crisis Shelters","50","246","0.2"
"2019-07-08T00:00:00.000","Transitional Independent Living (HYA)","25","25","1"
"2019-07-08T00:00:00.000","Transitional Independent Living (TIL)","85","450","0.19"
"2019-07-09T00:00:00.000","Crisis Shelters","41","246","0.17"
"2019-07-09T00:00:00.000","Transitional Independent Living (HYA)","25","25","1"
"2019-07-09T00:00:00.000","Transitional Independent Living (TIL)","86","450","0.19"
"2019-07-10T00:00:00.000","Crisis Shelters","37","246","0.15"
"2019-07-10T00:00:00.000","Transitional Independent Living (HYA)","25","25","1"
"2019-07-10T00:00:00.000","Transitional Independent Living (TIL)","87","450","0.19"
"2019-07-11T00:00:00.000","Crisis Shelters","37","246","0.15"
"2019-07-11T00:00:00.000","Transitional Independent Living (HYA)","25","25","1"
"2019-07-11T00:00:00.000","Transitional Independent Living (TIL)","89","450","0.2"
"2019-07-12T00:00:00.000","Crisis Shelters","33","246","0.13"
"2019-07-12T00:00:00.000","Transitional Independent Living (HYA)","25","25","1"
"2019-07-12T00:00:00.000","Transitional Independent Living (TIL)","131","485","0.27"
"2019-07-13T00:00:00.000","Crisis Shelters","34","246","0.14"
"2019-07-13T00:00:00.000","Transitional Independent Living (HYA)","25","25","1"
"2019-07-13T00:00:00.000","Transitional Independent Living (TIL)","133","485","0.27"
"2019-07-14T00:00:00.000","Crisis Shelters","35","246","0.14"
"2019-07-14T00:00:00.000","Transitional Independent Living (HYA)","25","25","1"
"2019-07-14T00:00:00.000","Transitional Independent Living (TIL)","133","485","0.27"
"2019-07-15T00:00:00.000","Crisis Shelters","36","246","0.15"
"2019-07-15T00:00:00.000","Transitional Independent Living (HYA)","25","25","1"
"2019-07-15T00:00:00.000","Transitional Independent Living (TIL)","140","491","0.29"
"2019-07-16T00:00:00.000","Crisis Shelters","40","246","0.16"
"2019-07-16T00:00:00.000","Transitional Independent Living (HYA)","25","25","1"
"2019-07-16T00:00:00.000","Transitional Independent Living (TIL)","135","491","0.27"
"2019-07-17T00:00:00.000","Crisis Shelters","37","246","0.15"
"2019-07-17T00:00:00.000","Transitional Independent Living (HYA)","25","25","1"
"2019-07-17T00:00:00.000","Transitional Independent Living (TIL)","128","491","0.26"
"2019-07-18T00:00:00.000","Crisis Shelters","38","246","0.15"
"2019-07-18T00:00:00.000","Transitional Independent Living (HYA)","25","25","1"
"2019-07-18T00:00:00.000","Transitional Independent Living (TIL)","128","491","0.26"
"2019-07-19T00:00:00.000","Crisis Shelters","29","246","0.12"
"2019-07-19T00:00:00.000","Transitional Independent Living (HYA)","25","25","1"
"2019-07-19T00:00:00.000","Transitional Independent Living (TIL)","126","491","0.26"
"2019-07-20T00:00:00.000","Crisis Shelters","31","246","0.13"
"2019-07-20T00:00:00.000","Transitional Independent Living (HYA)","25","25","1"
"2019-07-20T00:00:00.000","Transitional Independent Living (TIL)","125","491","0.25"
"2019-07-21T00:00:00.000","Crisis Shelters","31","246","0.13"
"2019-07-21T00:00:00.000","Transitional Independent Living (HYA)","25","25","1"
"2019-07-21T00:00:00.000","Transitional Independent Living (TIL)","125","491","0.25"
"2019-07-22T00:00:00.000","Crisis Shelters","30","246","0.12"
"2019-07-22T00:00:00.000","Transitional Independent Living (HYA)","25","25","1"
"2019-07-22T00:00:00.000","Transitional Independent Living (TIL)","124","491","0.25"
"2019-07-23T00:00:00.000","Crisis Shelters","32","246","0.13"
"2019-07-23T00:00:00.000","Transitional Independent Living (HYA)","25","25","1"
"2019-07-23T00:00:00.000","Transitional Independent Living (TIL)","125","491","0.25"
"2019-07-24T00:00:00.000","Crisis Shelters","35","246","0.14"
"2019-07-24T00:00:00.000","Transitional Independent Living (HYA)","25","25","1"
"2019-07-24T00:00:00.000","Transitional Independent Living (TIL)","123","491","0.25"
"2019-07-25T00:00:00.000","Crisis Shelters","39","246","0.16"
"2019-07-25T00:00:00.000","Transitional Independent Living (HYA)","25","25","1"
"2019-07-25T00:00:00.000","Transitional Independent Living (TIL)","123","491","0.25"
"2019-07-26T00:00:00.000","Crisis Shelters","29","246","0.12"
"2019-07-26T00:00:00.000","Transitional Independent Living (HYA)","25","25","1"
"2019-07-26T00:00:00.000","Transitional Independent Living (TIL)","120","491","0.24"
"2019-07-27T00:00:00.000","Crisis Shelters","32","246","0.13"
"2019-07-27T00:00:00.000","Transitional Independent Living (HYA)","25","25","1"
"2019-07-27T00:00:00.000","Transitional Independent Living (TIL)","119","491","0.24"
"2019-07-28T00:00:00.000","Crisis Shelters","36","246","0.15"
"2019-07-28T00:00:00.000","Transitional Independent Living (HYA)","25","25","1"
"2019-07-28T00:00:00.000","Transitional Independent Living (TIL)","119","491","0.24"
"2019-07-29T00:00:00.000","Crisis Shelters","33","246","0.13"
"2019-07-29T00:00:00.000","Transitional Independent Living (HYA)","25","25","1"
"2019-07-29T00:00:00.000","Transitional Independent Living (TIL)","120","491","0.24"
"2019-07-30T00:00:00.000","Crisis Shelters","36","246","0.15"
"2019-07-30T00:00:00.000","Transitional Independent Living (HYA)","25","25","1"
"2019-07-30T00:00:00.000","Transitional Independent Living (TIL)","122","491","0.25"
"2019-07-31T00:00:00.000","Crisis Shelters","33","246","0.13"
"2019-07-31T00:00:00.000","Transitional Independent Living (HYA)","25","25","1"
"2019-07-31T00:00:00.000","Transitional Independent Living (TIL)","124","491","0.25"
"2019-08-01T00:00:00.000","Crisis Shelters","34","246","0.14"
"2019-08-01T00:00:00.000","Transitional Independent Living (HYA)","25","25","1"
"2019-08-01T00:00:00.000","Transitional Independent Living (TIL)","124","491","0.25"
"2019-08-02T00:00:00.000","Crisis Shelters","35","246","0.14"
"2019-08-02T00:00:00.000","Transitional Independent Living (HYA)","25","25","1"
"2019-08-02T00:00:00.000","Transitional Independent Living (TIL)","123","491","0.25"
"2019-08-03T00:00:00.000","Crisis Shelters","40","246","0.16"
"2019-08-03T00:00:00.000","Transitional Independent Living (HYA)","25","25","1"
"2019-08-03T00:00:00.000","Transitional Independent Living (TIL)","120","491","0.24"
"2019-08-04T00:00:00.000","Crisis Shelters","40","246","0.16"
"2019-08-04T00:00:00.000","Transitional Independent Living (HYA)","25","25","1"
"2019-08-04T00:00:00.000","Transitional Independent Living (TIL)","121","491","0.25"
"2019-08-05T00:00:00.000","Crisis Shelters","39","246","0.16"
"2019-08-05T00:00:00.000","Transitional Independent Living (HYA)","25","25","1"
"2019-08-05T00:00:00.000","Transitional Independent Living (TIL)","121","491","0.25"
"2019-08-06T00:00:00.000","Crisis Shelters","39","246","0.16"
"2019-08-06T00:00:00.000","Transitional Independent Living (HYA)","25","25","1"
"2019-08-06T00:00:00.000","Transitional Independent Living (TIL)","123","491","0.25"
"2019-08-07T00:00:00.000","Crisis Shelters","43","246","0.17"
"2019-08-07T00:00:00.000","Transitional Independent Living (HYA)","25","25","1"
"2019-08-07T00:00:00.000","Transitional Independent Living (TIL)","119","491","0.24"
"2019-08-08T00:00:00.000","Crisis Shelters","42","246","0.17"
"2019-08-08T00:00:00.000","Transitional Independent Living (HYA)","25","25","1"
"2019-08-08T00:00:00.000","Transitional Independent Living (TIL)","119","493","0.24"
"2019-08-09T00:00:00.000","Crisis Shelters","43","246","0.17"
"2019-08-09T00:00:00.000","Transitional Independent Living (HYA)","25","25","1"
"2019-08-09T00:00:00.000","Transitional Independent Living (TIL)","120","493","0.24"
"2019-08-10T00:00:00.000","Crisis Shelters","42","246","0.17"
"2019-08-10T00:00:00.000","Transitional Independent Living (HYA)","25","25","1"
"2019-08-10T00:00:00.000","Transitional Independent Living (TIL)","123","493","0.25"
"2019-08-11T00:00:00.000","Crisis Shelters","40","246","0.16"
"2019-08-11T00:00:00.000","Transitional Independent Living (HYA)","25","25","1"
"2019-08-11T00:00:00.000","Transitional Independent Living (TIL)","126","493","0.26"
"2019-08-12T00:00:00.000","Crisis Shelters","43","246","0.17"
"2019-08-12T00:00:00.000","Transitional Independent Living (HYA)","25","25","1"
"2019-08-12T00:00:00.000","Transitional Independent Living (TIL)","128","493","0.26"
"2019-08-13T00:00:00.000","Crisis Shelters","44","246","0.18"
"2019-08-13T00:00:00.000","Transitional Independent Living (HYA)","25","25","1"
"2019-08-13T00:00:00.000","Transitional Independent Living (TIL)","123","493","0.25"
"2019-08-14T00:00:00.000","Crisis Shelters","36","246","0.15"
"2019-08-14T00:00:00.000","Transitional Independent Living (HYA)","25","25","1"
"2019-08-14T00:00:00.000","Transitional Independent Living (TIL)","124","493","0.25"
"2019-08-15T00:00:00.000","Crisis Shelters","39","246","0.16"
"2019-08-15T00:00:00.000","Transitional Independent Living (HYA)","25","25","1"
"2019-08-15T00:00:00.000","Transitional Independent Living (TIL)","130","493","0.26"
"2019-08-16T00:00:00.000","Crisis Shelters","37","246","0.15"
"2019-08-16T00:00:00.000","Transitional Independent Living (HYA)","25","25","1"
"2019-08-16T00:00:00.000","Transitional Independent Living (TIL)","130","493","0.26"
"2019-08-17T00:00:00.000","Crisis Shelters","38","246","0.15"
"2019-08-17T00:00:00.000","Transitional Independent Living (HYA)","25","25","1"
"2019-08-17T00:00:00.000","Transitional Independent Living (TIL)","128","493","0.26"
"2019-08-18T00:00:00.000","Crisis Shelters","35","246","0.14"
"2019-08-18T00:00:00.000","Transitional Independent Living (HYA)","25","25","1"
"2019-08-18T00:00:00.000","Transitional Independent Living (TIL)","132","493","0.27"
"2019-08-19T00:00:00.000","Crisis Shelters","37","246","0.15"
"2019-08-19T00:00:00.000","Transitional Independent Living (HYA)","25","25","1"
"2019-08-19T00:00:00.000","Transitional Independent Living (TIL)","133","493","0.27"
"2019-08-20T00:00:00.000","Crisis Shelters","33","246","0.13"
"2019-08-20T00:00:00.000","Transitional Independent Living (HYA)","25","25","1"
"2019-08-20T00:00:00.000","Transitional Independent Living (TIL)","131","493","0.27"
"2019-08-21T00:00:00.000","Crisis Shelters","35","246","0.14"
"2019-08-21T00:00:00.000","Transitional Independent Living (HYA)","25","25","1"
"2019-08-21T00:00:00.000","Transitional Independent Living (TIL)","130","493","0.26"
"2019-08-22T00:00:00.000","Crisis Shelters","35","246","0.14"
"2019-08-22T00:00:00.000","Transitional Independent Living (HYA)","25","25","1"
"2019-08-22T00:00:00.000","Transitional Independent Living (TIL)","121","493","0.25"
"2019-08-23T00:00:00.000","Crisis Shelters","32","246","0.13"
"2019-08-23T00:00:00.000","Transitional Independent Living (HYA)","25","25","1"
"2019-08-23T00:00:00.000","Transitional Independent Living (TIL)","116","493","0.24"
"2019-08-24T00:00:00.000","Crisis Shelters","34","246","0.14"
"2019-08-24T00:00:00.000","Transitional Independent Living (HYA)","25","25","1"
"2019-08-24T00:00:00.000","Transitional Independent Living (TIL)","116","493","0.24"
"2019-08-25T00:00:00.000","Crisis Shelters","33","246","0.13"
"2019-08-25T00:00:00.000","Transitional Independent Living (HYA)","25","25","1"
"2019-08-25T00:00:00.000","Transitional Independent Living (TIL)","117","493","0.24"
"2019-08-26T00:00:00.000","Crisis Shelters","38","252","0.15"
"2019-08-26T00:00:00.000","Transitional Independent Living (HYA)","25","25","1"
"2019-08-26T00:00:00.000","Transitional Independent Living (TIL)","113","493","0.23"
"2019-08-27T00:00:00.000","Crisis Shelters","45","252","0.18"
"2019-08-27T00:00:00.000","Transitional Independent Living (HYA)","25","25","1"
"2019-08-27T00:00:00.000","Transitional Independent Living (TIL)","108","493","0.22"
"2019-08-28T00:00:00.000","Crisis Shelters","52","252","0.21"
"2019-08-28T00:00:00.000","Transitional Independent Living (HYA)","25","25","1"
"2019-08-28T00:00:00.000","Transitional Independent Living (TIL)","108","493","0.22"
"2019-08-29T00:00:00.000","Crisis Shelters","57","252","0.23"
"2019-08-29T00:00:00.000","Transitional Independent Living (HYA)","25","25","1"
"2019-08-29T00:00:00.000","Transitional Independent Living (TIL)","108","493","0.22"
"2019-08-30T00:00:00.000","Crisis Shelters","58","252","0.23"
"2019-08-30T00:00:00.000","Transitional Independent Living (HYA)","25","25","1"
"2019-08-30T00:00:00.000","Transitional Independent Living (TIL)","104","493","0.21"
"2019-08-31T00:00:00.000","Crisis Shelters","56","252","0.22"
"2019-08-31T00:00:00.000","Transitional Independent Living (HYA)","25","25","1"
"2019-08-31T00:00:00.000","Transitional Independent Living (TIL)","105","493","0.21"
"2019-09-01T00:00:00.000","Crisis Shelters","56","252","0.22"
"2019-09-01T00:00:00.000","Transitional Independent Living (HYA)","25","25","1"
"2019-09-01T00:00:00.000","Transitional Independent Living (TIL)","107","493","0.22"
"2019-09-02T00:00:00.000","Crisis Shelters","48","252","0.19"
"2019-09-02T00:00:00.000","Transitional Independent Living (HYA)","25","25","1"
"2019-09-02T00:00:00.000","Transitional Independent Living (TIL)","108","493","0.22"
"2019-09-03T00:00:00.000","Crisis Shelters","47","252","0.19"
"2019-09-03T00:00:00.000","Transitional Independent Living (HYA)","25","25","1"
"2019-09-03T00:00:00.000","Transitional Independent Living (TIL)","110","493","0.22"
"2019-09-04T00:00:00.000","Crisis Shelters","43","252","0.17"
"2019-09-04T00:00:00.000","Transitional Independent Living (HYA)","25","25","1"
"2019-09-04T00:00:00.000","Transitional Independent Living (TIL)","112","493","0.23"
"2019-09-05T00:00:00.000","Crisis Shelters","36","252","0.14"
"2019-09-05T00:00:00.000","Transitional Independent Living (HYA)","25","25","1"
"2019-09-05T00:00:00.000","Transitional Independent Living (TIL)","114","493","0.23"
"2019-09-06T00:00:00.000","Crisis Shelters","36","252","0.14"
"2019-09-06T00:00:00.000","Transitional Independent Living (HYA)","25","25","1"
"2019-09-06T00:00:00.000","Transitional Independent Living (TIL)","113","493","0.23"
"2019-09-07T00:00:00.000","Crisis Shelters","34","252","0.13"
"2019-09-07T00:00:00.000","Transitional Independent Living (HYA)","25","25","1"
"2019-09-07T00:00:00.000","Transitional Independent Living (TIL)","111","493","0.23"
"2019-09-08T00:00:00.000","Crisis Shelters","36","252","0.14"
"2019-09-08T00:00:00.000","Transitional Independent Living (HYA)","25","25","1"
"2019-09-08T00:00:00.000","Transitional Independent Living (TIL)","111","493","0.23"
"2019-09-09T00:00:00.000","Crisis Shelters","33","252","0.13"
"2019-09-09T00:00:00.000","Transitional Independent Living (HYA)","25","25","1"
"2019-09-09T00:00:00.000","Transitional Independent Living (TIL)","112","493","0.23"
"2019-09-10T00:00:00.000","Crisis Shelters","34","252","0.13"
"2019-09-10T00:00:00.000","Transitional Independent Living (HYA)","25","25","1"
"2019-09-10T00:00:00.000","Transitional Independent Living (TIL)","116","493","0.24"
"2019-09-11T00:00:00.000","Crisis Shelters","38","252","0.15"
"2019-09-11T00:00:00.000","Transitional Independent Living (HYA)","25","25","1"
"2019-09-11T00:00:00.000","Transitional Independent Living (TIL)","112","493","0.23"
"2019-09-12T00:00:00.000","Crisis Shelters","36","252","0.14"
"2019-09-12T00:00:00.000","Transitional Independent Living (HYA)","25","25","1"
"2019-09-12T00:00:00.000","Transitional Independent Living (TIL)","114","493","0.23"
"2019-09-13T00:00:00.000","Crisis Shelters","36","252","0.14"
"2019-09-13T00:00:00.000","Transitional Independent Living (HYA)","25","25","1"
"2019-09-13T00:00:00.000","Transitional Independent Living (TIL)","114","493","0.23"
"2019-09-14T00:00:00.000","Crisis Shelters","38","252","0.15"
"2019-09-14T00:00:00.000","Transitional Independent Living (HYA)","25","25","1"
"2019-09-14T00:00:00.000","Transitional Independent Living (TIL)","113","493","0.23"
"2019-09-15T00:00:00.000","Crisis Shelters","38","252","0.15"
"2019-09-15T00:00:00.000","Transitional Independent Living (HYA)","25","25","1"
"2019-09-15T00:00:00.000","Transitional Independent Living (TIL)","112","493","0.23"
"2019-09-16T00:00:00.000","Crisis Shelters","42","252","0.17"
"2019-09-16T00:00:00.000","Transitional Independent Living (HYA)","25","25","1"
"2019-09-16T00:00:00.000","Transitional Independent Living (TIL)","110","493","0.22"
"2019-09-17T00:00:00.000","Crisis Shelters","32","252","0.13"
"2019-09-17T00:00:00.000","Transitional Independent Living (HYA)","25","25","1"
"2019-09-17T00:00:00.000","Transitional Independent Living (TIL)","112","493","0.23"
"2019-09-18T00:00:00.000","Crisis Shelters","36","252","0.14"
"2019-09-18T00:00:00.000","Transitional Independent Living (HYA)","25","25","1"
"2019-09-18T00:00:00.000","Transitional Independent Living (TIL)","111","493","0.23"
"2019-09-19T00:00:00.000","Crisis Shelters","42","252","0.17"
"2019-09-19T00:00:00.000","Transitional Independent Living (HYA)","25","25","1"
"2019-09-19T00:00:00.000","Transitional Independent Living (TIL)","107","493","0.22"
"2019-09-20T00:00:00.000","Crisis Shelters","35","252","0.14"
"2019-09-20T00:00:00.000","Transitional Independent Living (HYA)","25","25","1"
"2019-09-20T00:00:00.000","Transitional Independent Living (TIL)","105","493","0.21"
"2019-09-21T00:00:00.000","Crisis Shelters","39","252","0.15"
"2019-09-21T00:00:00.000","Transitional Independent Living (HYA)","25","25","1"
"2019-09-21T00:00:00.000","Transitional Independent Living (TIL)","104","493","0.21"
"2019-09-22T00:00:00.000","Crisis Shelters","38","252","0.15"
"2019-09-22T00:00:00.000","Transitional Independent Living (HYA)","25","25","1"
"2019-09-22T00:00:00.000","Transitional Independent Living (TIL)","106","493","0.22"
"2019-09-23T00:00:00.000","Crisis Shelters","38","252","0.15"
"2019-09-23T00:00:00.000","Transitional Independent Living (HYA)","25","25","1"
"2019-09-23T00:00:00.000","Transitional Independent Living (TIL)","108","493","0.22"
"2019-09-24T00:00:00.000","Crisis Shelters","34","252","0.13"
"2019-09-24T00:00:00.000","Transitional Independent Living (HYA)","25","25","1"
"2019-09-24T00:00:00.000","Transitional Independent Living (TIL)","109","493","0.22"
"2019-09-25T00:00:00.000","Crisis Shelters","45","252","0.18"
"2019-09-25T00:00:00.000","Transitional Independent Living (HYA)","25","25","1"
"2019-09-25T00:00:00.000","Transitional Independent Living (TIL)","103","493","0.21"
"2019-09-26T00:00:00.000","Crisis Shelters","46","252","0.18"
"2019-09-26T00:00:00.000","Transitional Independent Living (HYA)","25","25","1"
"2019-09-26T00:00:00.000","Transitional Independent Living (TIL)","104","493","0.21"
"2019-09-27T00:00:00.000","Crisis Shelters","39","252","0.15"
"2019-09-27T00:00:00.000","Transitional Independent Living (HYA)","25","25","1"
"2019-09-27T00:00:00.000","Transitional Independent Living (TIL)","106","493","0.22"
"2019-09-28T00:00:00.000","Crisis Shelters","43","252","0.17"
"2019-09-28T00:00:00.000","Transitional Independent Living (HYA)","25","25","1"
"2019-09-28T00:00:00.000","Transitional Independent Living (TIL)","109","493","0.22"
"2019-09-29T00:00:00.000","Crisis Shelters","41","252","0.16"
"2019-09-29T00:00:00.000","Transitional Independent Living (HYA)","25","25","1"
"2019-09-29T00:00:00.000","Transitional Independent Living (TIL)","108","493","0.22"
"2019-09-30T00:00:00.000","Crisis Shelters","42","252","0.17"
"2019-09-30T00:00:00.000","Transitional Independent Living (HYA)","25","25","1"
"2019-09-30T00:00:00.000","Transitional Independent Living (TIL)","107","493","0.22"
"2019-10-01T00:00:00.000","Crisis Shelters","47","252","0.19"
"2019-10-01T00:00:00.000","Transitional Independent Living (HYA)","25","25","1"
"2019-10-01T00:00:00.000","Transitional Independent Living (TIL)","109","493","0.22"
"2019-10-02T00:00:00.000","Crisis Shelters","39","252","0.15"
"2019-10-02T00:00:00.000","Transitional Independent Living (HYA)","25","25","1"
"2019-10-02T00:00:00.000","Transitional Independent Living (TIL)","108","493","0.22"
"2019-10-03T00:00:00.000","Crisis Shelters","31","252","0.12"
"2019-10-03T00:00:00.000","Transitional Independent Living (HYA)","25","25","1"
"2019-10-03T00:00:00.000","Transitional Independent Living (TIL)","107","493","0.22"
"2019-10-04T00:00:00.000","Crisis Shelters","31","252","0.12"
"2019-10-04T00:00:00.000","Transitional Independent Living (HYA)","25","25","1"
"2019-10-04T00:00:00.000","Transitional Independent Living (TIL)","107","493","0.22"
"2019-10-05T00:00:00.000","Crisis Shelters","29","252","0.12"
"2019-10-05T00:00:00.000","Transitional Independent Living (HYA)","25","25","1"
"2019-10-05T00:00:00.000","Transitional Independent Living (TIL)","107","493","0.22"
"2019-10-06T00:00:00.000","Crisis Shelters","24","252","0.1"
"2019-10-06T00:00:00.000","Transitional Independent Living (HYA)","25","25","1"
"2019-10-06T00:00:00.000","Transitional Independent Living (TIL)","107","493","0.22"
"2019-10-07T00:00:00.000","Crisis Shelters","29","252","0.12"
"2019-10-07T00:00:00.000","Transitional Independent Living (HYA)","25","25","1"
"2019-10-07T00:00:00.000","Transitional Independent Living (TIL)","108","493","0.22"
"2019-10-08T00:00:00.000","Crisis Shelters","23","252","0.09"
"2019-10-08T00:00:00.000","Transitional Independent Living (HYA)","25","25","1"
"2019-10-08T00:00:00.000","Transitional Independent Living (TIL)","109","493","0.22"
"2019-10-09T00:00:00.000","Crisis Shelters","20","258","0.08"
"2019-10-09T00:00:00.000","Transitional Independent Living (HYA)","25","25","1"
"2019-10-09T00:00:00.000","Transitional Independent Living (TIL)","103","493","0.21"
"2019-10-10T00:00:00.000","Crisis Shelters","23","258","0.09"
"2019-10-10T00:00:00.000","Transitional Independent Living (HYA)","25","25","1"
"2019-10-10T00:00:00.000","Transitional Independent Living (TIL)","103","493","0.21"
"2019-10-11T00:00:00.000","Crisis Shelters","31","258","0.12"
"2019-10-11T00:00:00.000","Transitional Independent Living (HYA)","25","25","1"
"2019-10-11T00:00:00.000","Transitional Independent Living (TIL)","100","493","0.2"
"2019-10-12T00:00:00.000","Crisis Shelters","32","258","0.12"
"2019-10-12T00:00:00.000","Transitional Independent Living (HYA)","25","25","1"
"2019-10-12T00:00:00.000","Transitional Independent Living (TIL)","99","493","0.2"
"2019-10-13T00:00:00.000","Crisis Shelters","31","258","0.12"
"2019-10-13T00:00:00.000","Transitional Independent Living (HYA)","25","25","1"
"2019-10-13T00:00:00.000","Transitional Independent Living (TIL)","98","493","0.2"
"2019-10-14T00:00:00.000","Crisis Shelters","30","258","0.12"
"2019-10-14T00:00:00.000","Transitional Independent Living (HYA)","25","25","1"
"2019-10-14T00:00:00.000","Transitional Independent Living (TIL)","98","493","0.2"
"2019-10-15T00:00:00.000","Crisis Shelters","27","258","0.1"
"2019-10-15T00:00:00.000","Transitional Independent Living (HYA)","25","25","1"
"2019-10-15T00:00:00.000","Transitional Independent Living (TIL)","99","493","0.2"
"2019-10-16T00:00:00.000","Crisis Shelters","28","258","0.11"
"2019-10-16T00:00:00.000","Transitional Independent Living (HYA)","25","25","1"
"2019-10-16T00:00:00.000","Transitional Independent Living (TIL)","97","493","0.2"
"2019-10-17T00:00:00.000","Crisis Shelters","30","258","0.12"
"2019-10-17T00:00:00.000","Transitional Independent Living (HYA)","25","25","1"
"2019-10-17T00:00:00.000","Transitional Independent Living (TIL)","97","493","0.2"
"2019-10-18T00:00:00.000","Crisis Shelters","26","258","0.1"
"2019-10-18T00:00:00.000","Transitional Independent Living (HYA)","25","25","1"
"2019-10-18T00:00:00.000","Transitional Independent Living (TIL)","94","493","0.19"
"2019-10-19T00:00:00.000","Crisis Shelters","34","258","0.13"
"2019-10-19T00:00:00.000","Transitional Independent Living (HYA)","25","25","1"
"2019-10-19T00:00:00.000","Transitional Independent Living (TIL)","93","493","0.19"
"2019-10-20T00:00:00.000","Crisis Shelters","36","258","0.14"
"2019-10-20T00:00:00.000","Transitional Independent Living (HYA)","25","25","1"
"2019-10-20T00:00:00.000","Transitional Independent Living (TIL)","93","493","0.19"
"2019-10-21T00:00:00.000","Crisis Shelters","32","258","0.12"
"2019-10-21T00:00:00.000","Transitional Independent Living (HYA)","25","25","1"
"2019-10-21T00:00:00.000","Transitional Independent Living (TIL)","93","493","0.19"
"2019-10-22T00:00:00.000","Crisis Shelters","26","258","0.1"
"2019-10-22T00:00:00.000","Transitional Independent Living (HYA)","25","25","1"
"2019-10-22T00:00:00.000","Transitional Independent Living (TIL)","94","493","0.19"
"2019-10-23T00:00:00.000","Crisis Shelters","27","258","0.1"
"2019-10-23T00:00:00.000","Transitional Independent Living (HYA)","25","25","1"
"2019-10-23T00:00:00.000","Transitional Independent Living (TIL)","98","493","0.2"
"2019-10-24T00:00:00.000","Crisis Shelters","27","258","0.1"
"2019-10-24T00:00:00.000","Transitional Independent Living (HYA)","25","25","1"
"2019-10-24T00:00:00.000","Transitional Independent Living (TIL)","96","493","0.19"
"2019-10-25T00:00:00.000","Crisis Shelters","29","258","0.11"
"2019-10-25T00:00:00.000","Transitional Independent Living (HYA)","25","25","1"
"2019-10-25T00:00:00.000","Transitional Independent Living (TIL)","99","493","0.2"
"2019-10-26T00:00:00.000","Crisis Shelters","28","258","0.11"
"2019-10-26T00:00:00.000","Transitional Independent Living (HYA)","25","25","1"
"2019-10-26T00:00:00.000","Transitional Independent Living (TIL)","98","493","0.2"
"2019-10-27T00:00:00.000","Crisis Shelters","32","258","0.12"
"2019-10-27T00:00:00.000","Transitional Independent Living (HYA)","25","25","1"
"2019-10-27T00:00:00.000","Transitional Independent Living (TIL)","98","493","0.2"
"2019-10-28T00:00:00.000","Crisis Shelters","27","258","0.1"
"2019-10-28T00:00:00.000","Transitional Independent Living (HYA)","25","25","1"
"2019-10-28T00:00:00.000","Transitional Independent Living (TIL)","101","493","0.2"
"2019-10-29T00:00:00.000","Crisis Shelters","23","258","0.09"
"2019-10-29T00:00:00.000","Transitional Independent Living (HYA)","25","25","1"
"2019-10-29T00:00:00.000","Transitional Independent Living (TIL)","99","493","0.2"
"2019-10-30T00:00:00.000","Crisis Shelters","33","258","0.13"
"2019-10-30T00:00:00.000","Transitional Independent Living (HYA)","25","25","1"
"2019-10-30T00:00:00.000","Transitional Independent Living (TIL)","100","493","0.2"
"2019-10-31T00:00:00.000","Crisis Shelters","29","258","0.11"
"2019-10-31T00:00:00.000","Transitional Independent Living (HYA)","25","25","1"
"2019-10-31T00:00:00.000","Transitional Independent Living (TIL)","101","493","0.2"
"2019-11-01T00:00:00.000","Crisis Shelters","35","258","0.14"
"2019-11-01T00:00:00.000","Transitional Independent Living (HYA)","25","25","1"
"2019-11-01T00:00:00.000","Transitional Independent Living (TIL)","102","493","0.21"
"2019-11-02T00:00:00.000","Crisis Shelters","35","258","0.14"
"2019-11-02T00:00:00.000","Transitional Independent Living (HYA)","25","25","1"
"2019-11-02T00:00:00.000","Transitional Independent Living (TIL)","101","493","0.2"
"2019-11-03T00:00:00.000","Crisis Shelters","36","258","0.14"
"2019-11-03T00:00:00.000","Transitional Independent Living (HYA)","25","25","1"
"2019-11-03T00:00:00.000","Transitional Independent Living (TIL)","101","493","0.2"
"2019-11-04T00:00:00.000","Crisis Shelters","36","258","0.14"
"2019-11-04T00:00:00.000","Transitional Independent Living (HYA)","15","25","0.6"
"2019-11-04T00:00:00.000","Transitional Independent Living (TIL)","110","493","0.22"
"2019-11-05T00:00:00.000","Crisis Shelters","35","258","0.14"
"2019-11-05T00:00:00.000","Transitional Independent Living (HYA)","15","25","0.6"
"2019-11-05T00:00:00.000","Transitional Independent Living (TIL)","111","493","0.23"
"2019-11-06T00:00:00.000","Crisis Shelters","29","258","0.11"
"2019-11-06T00:00:00.000","Transitional Independent Living (HYA)","15","25","0.6"
"2019-11-06T00:00:00.000","Transitional Independent Living (TIL)","106","493","0.22"
"2019-11-07T00:00:00.000","Crisis Shelters","37","258","0.14"
"2019-11-07T00:00:00.000","Transitional Independent Living (HYA)","15","25","0.6"
"2019-11-07T00:00:00.000","Transitional Independent Living (TIL)","107","493","0.22"
"2019-11-08T00:00:00.000","Crisis Shelters","34","258","0.13"
"2019-11-08T00:00:00.000","Transitional Independent Living (HYA)","15","25","0.6"
"2019-11-08T00:00:00.000","Transitional Independent Living (TIL)","106","493","0.22"
"2019-11-09T00:00:00.000","Crisis Shelters","33","258","0.13"
"2019-11-09T00:00:00.000","Transitional Independent Living (HYA)","15","25","0.6"
"2019-11-09T00:00:00.000","Transitional Independent Living (TIL)","106","493","0.22"
"2019-11-10T00:00:00.000","Crisis Shelters","31","258","0.12"
"2019-11-10T00:00:00.000","Transitional Independent Living (HYA)","15","25","0.6"
"2019-11-10T00:00:00.000","Transitional Independent Living (TIL)","106","493","0.22"
"2019-11-11T00:00:00.000","Crisis Shelters","34","258","0.13"
"2019-11-11T00:00:00.000","Transitional Independent Living (HYA)","15","25","0.6"
"2019-11-11T00:00:00.000","Transitional Independent Living (TIL)","102","493","0.21"
"2019-11-12T00:00:00.000","Crisis Shelters","33","258","0.13"
"2019-11-12T00:00:00.000","Transitional Independent Living (HYA)","15","25","0.6"
"2019-11-12T00:00:00.000","Transitional Independent Living (TIL)","104","493","0.21"
"2019-11-13T00:00:00.000","Crisis Shelters","33","258","0.13"
"2019-11-13T00:00:00.000","Transitional Independent Living (HYA)","15","25","0.6"
"2019-11-13T00:00:00.000","Transitional Independent Living (TIL)","100","493","0.2"
"2019-11-14T00:00:00.000","Crisis Shelters","36","258","0.14"
"2019-11-14T00:00:00.000","Transitional Independent Living (HYA)","15","25","0.6"
"2019-11-14T00:00:00.000","Transitional Independent Living (TIL)","96","493","0.19"
"2019-11-15T00:00:00.000","Crisis Shelters","37","258","0.14"
"2019-11-15T00:00:00.000","Transitional Independent Living (HYA)","15","25","0.6"
"2019-11-15T00:00:00.000","Transitional Independent Living (TIL)","96","493","0.19"
"2019-11-16T00:00:00.000","Crisis Shelters","33","258","0.13"
"2019-11-16T00:00:00.000","Transitional Independent Living (HYA)","15","25","0.6"
"2019-11-16T00:00:00.000","Transitional Independent Living (TIL)","94","493","0.19"
"2019-11-17T00:00:00.000","Crisis Shelters","31","258","0.12"
"2019-11-17T00:00:00.000","Transitional Independent Living (HYA)","15","25","0.6"
"2019-11-17T00:00:00.000","Transitional Independent Living (TIL)","93","493","0.19"
"2019-11-18T00:00:00.000","Crisis Shelters","28","258","0.11"
"2019-11-18T00:00:00.000","Transitional Independent Living (HYA)","15","25","0.6"
"2019-11-18T00:00:00.000","Transitional Independent Living (TIL)","96","493","0.19"
"2019-11-19T00:00:00.000","Crisis Shelters","27","258","0.1"
"2019-11-19T00:00:00.000","Transitional Independent Living (HYA)","15","25","0.6"
"2019-11-19T00:00:00.000","Transitional Independent Living (TIL)","96","493","0.19"
"2019-11-20T00:00:00.000","Crisis Shelters","26","258","0.1"
"2019-11-20T00:00:00.000","Transitional Independent Living (HYA)","15","25","0.6"
"2019-11-20T00:00:00.000","Transitional Independent Living (TIL)","95","493","0.19"
"2019-11-21T00:00:00.000","Crisis Shelters","27","258","0.1"
"2019-11-21T00:00:00.000","Transitional Independent Living (HYA)","15","25","0.6"
"2019-11-21T00:00:00.000","Transitional Independent Living (TIL)","90","493","0.18"
"2019-11-22T00:00:00.000","Crisis Shelters","22","258","0.09"
"2019-11-22T00:00:00.000","Transitional Independent Living (HYA)","14","25","0.56"
"2019-11-22T00:00:00.000","Transitional Independent Living (TIL)","86","493","0.17"
"2019-11-23T00:00:00.000","Crisis Shelters","26","258","0.1"
"2019-11-23T00:00:00.000","Transitional Independent Living (HYA)","14","25","0.56"
"2019-11-23T00:00:00.000","Transitional Independent Living (TIL)","83","493","0.17"
"2019-11-24T00:00:00.000","Crisis Shelters","27","258","0.1"
"2019-11-24T00:00:00.000","Transitional Independent Living (HYA)","14","25","0.56"
"2019-11-24T00:00:00.000","Transitional Independent Living (TIL)","83","493","0.17"
"2019-11-25T00:00:00.000","Crisis Shelters","33","258","0.13"
"2019-11-25T00:00:00.000","Transitional Independent Living (HYA)","13","25","0.52"
"2019-11-25T00:00:00.000","Transitional Independent Living (TIL)","81","493","0.16"
"2019-11-26T00:00:00.000","Crisis Shelters","32","258","0.12"
"2019-11-26T00:00:00.000","Transitional Independent Living (HYA)","13","25","0.52"
"2019-11-26T00:00:00.000","Transitional Independent Living (TIL)","81","493","0.16"
"2019-11-27T00:00:00.000","Crisis Shelters","31","258","0.12"
"2019-11-27T00:00:00.000","Transitional Independent Living (HYA)","13","25","0.52"
"2019-11-27T00:00:00.000","Transitional Independent Living (TIL)","75","493","0.15"
"2019-11-28T00:00:00.000","Crisis Shelters","36","258","0.14"
"2019-11-28T00:00:00.000","Transitional Independent Living (HYA)","13","25","0.52"
"2019-11-28T00:00:00.000","Transitional Independent Living (TIL)","79","493","0.16"
"2019-11-29T00:00:00.000","Crisis Shelters","33","258","0.13"
"2019-11-29T00:00:00.000","Transitional Independent Living (HYA)","13","25","0.52"
"2019-11-29T00:00:00.000","Transitional Independent Living (TIL)","80","493","0.16"
"2019-11-30T00:00:00.000","Crisis Shelters","33","258","0.13"
"2019-11-30T00:00:00.000","Transitional Independent Living (HYA)","11","25","0.44"
"2019-11-30T00:00:00.000","Transitional Independent Living (TIL)","83","493","0.17"
"2019-12-01T00:00:00.000","Crisis Shelters","30","258","0.12"
"2019-12-01T00:00:00.000","Transitional Independent Living (HYA)","11","25","0.44"
"2019-12-01T00:00:00.000","Transitional Independent Living (TIL)","85","493","0.17"
"2019-12-02T00:00:00.000","Crisis Shelters","29","258","0.11"
"2019-12-02T00:00:00.000","Transitional Independent Living (HYA)","10","25","0.4"
"2019-12-02T00:00:00.000","Transitional Independent Living (TIL)","90","493","0.18"
"2019-12-03T00:00:00.000","Crisis Shelters","31","258","0.12"
"2019-12-03T00:00:00.000","Transitional Independent Living (HYA)","10","25","0.4"
"2019-12-03T00:00:00.000","Transitional Independent Living (TIL)","88","493","0.18"
"2019-12-04T00:00:00.000","Crisis Shelters","30","258","0.12"
"2019-12-04T00:00:00.000","Transitional Independent Living (HYA)","8","25","0.32"
"2019-12-04T00:00:00.000","Transitional Independent Living (TIL)","86","493","0.17"
"2019-12-05T00:00:00.000","Crisis Shelters","27","258","0.1"
"2019-12-05T00:00:00.000","Transitional Independent Living (HYA)","6","25","0.24"
"2019-12-05T00:00:00.000","Transitional Independent Living (TIL)","87","493","0.18"
"2019-12-06T00:00:00.000","Crisis Shelters","30","258","0.12"
"2019-12-06T00:00:00.000","Transitional Independent Living (HYA)","4","25","0.16"
"2019-12-06T00:00:00.000","Transitional Independent Living (TIL)","85","493","0.17"
"2019-12-07T00:00:00.000","Crisis Shelters","28","258","0.11"
"2019-12-07T00:00:00.000","Transitional Independent Living (HYA)","5","25","0.2"
"2019-12-07T00:00:00.000","Transitional Independent Living (TIL)","87","493","0.18"
"2019-12-08T00:00:00.000","Crisis Shelters","27","258","0.1"
"2019-12-08T00:00:00.000","Transitional Independent Living (HYA)","5","25","0.2"
"2019-12-08T00:00:00.000","Transitional Independent Living (TIL)","85","493","0.17"
"2019-12-09T00:00:00.000","Crisis Shelters","29","258","0.11"
"2019-12-09T00:00:00.000","Transitional Independent Living (HYA)","5","25","0.2"
"2019-12-09T00:00:00.000","Transitional Independent Living (TIL)","82","493","0.17"
"2019-12-10T00:00:00.000","Crisis Shelters","28","258","0.11"
"2019-12-10T00:00:00.000","Transitional Independent Living (HYA)","5","25","0.2"
"2019-12-10T00:00:00.000","Transitional Independent Living (TIL)","81","493","0.16"
"2019-12-11T00:00:00.000","Crisis Shelters","30","258","0.12"
"2019-12-11T00:00:00.000","Transitional Independent Living (HYA)","5","25","0.2"
"2019-12-11T00:00:00.000","Transitional Independent Living (TIL)","77","493","0.16"
"2019-12-12T00:00:00.000","Crisis Shelters","34","258","0.13"
"2019-12-12T00:00:00.000","Transitional Independent Living (HYA)","4","25","0.16"
"2019-12-12T00:00:00.000","Transitional Independent Living (TIL)","73","493","0.15"
"2019-12-13T00:00:00.000","Crisis Shelters","36","258","0.14"
"2019-12-13T00:00:00.000","Transitional Independent Living (HYA)","4","25","0.16"
"2019-12-13T00:00:00.000","Transitional Independent Living (TIL)","76","493","0.15"
"2019-12-14T00:00:00.000","Crisis Shelters","34","258","0.13"
"2019-12-14T00:00:00.000","Transitional Independent Living (HYA)","3","25","0.12"
"2019-12-14T00:00:00.000","Transitional Independent Living (TIL)","75","493","0.15"
"2019-12-15T00:00:00.000","Crisis Shelters","30","258","0.12"
"2019-12-15T00:00:00.000","Transitional Independent Living (HYA)","3","25","0.12"
"2019-12-15T00:00:00.000","Transitional Independent Living (TIL)","72","493","0.15"
"2019-12-16T00:00:00.000","Crisis Shelters","32","258","0.12"
"2019-12-16T00:00:00.000","Transitional Independent Living (HYA)","3","25","0.12"
"2019-12-16T00:00:00.000","Transitional Independent Living (TIL)","72","493","0.15"
"2019-12-17T00:00:00.000","Crisis Shelters","31","258","0.12"
"2019-12-17T00:00:00.000","Transitional Independent Living (HYA)","2","25","0.08"
"2019-12-17T00:00:00.000","Transitional Independent Living (TIL)","66","493","0.13"
"2019-12-18T00:00:00.000","Crisis Shelters","26","258","0.1"
"2019-12-18T00:00:00.000","Transitional Independent Living (HYA)","2","25","0.08"
"2019-12-18T00:00:00.000","Transitional Independent Living (TIL)","68","493","0.14"
"2019-12-19T00:00:00.000","Crisis Shelters","26","258","0.1"
"2019-12-19T00:00:00.000","Transitional Independent Living (HYA)","0","25","0"
"2019-12-19T00:00:00.000","Transitional Independent Living (TIL)","68","493","0.14"
"2019-12-20T00:00:00.000","Crisis Shelters","28","258","0.11"
"2019-12-20T00:00:00.000","Transitional Independent Living (HYA)","0","25","0"
"2019-12-20T00:00:00.000","Transitional Independent Living (TIL)","69","493","0.14"
"2019-12-21T00:00:00.000","Crisis Shelters","26","258","0.1"
"2019-12-21T00:00:00.000","Transitional Independent Living (HYA)","0","25","0"
"2019-12-21T00:00:00.000","Transitional Independent Living (TIL)","69","493","0.14"
"2019-12-22T00:00:00.000","Crisis Shelters","25","258","0.1"
"2019-12-22T00:00:00.000","Transitional Independent Living (HYA)","0","25","0"
"2019-12-22T00:00:00.000","Transitional Independent Living (TIL)","68","493","0.14"
"2019-12-23T00:00:00.000","Crisis Shelters","21","258","0.08"
"2019-12-23T00:00:00.000","Transitional Independent Living (HYA)","0","25","0"
"2019-12-23T00:00:00.000","Transitional Independent Living (TIL)","71","493","0.14"
"2019-12-24T00:00:00.000","Crisis Shelters","21","258","0.08"
"2019-12-24T00:00:00.000","Transitional Independent Living (HYA)","0","25","0"
"2019-12-24T00:00:00.000","Transitional Independent Living (TIL)","71","493","0.14"
"2019-12-25T00:00:00.000","Crisis Shelters","18","258","0.07"
"2019-12-25T00:00:00.000","Transitional Independent Living (HYA)","0","25","0"
"2019-12-25T00:00:00.000","Transitional Independent Living (TIL)","72","493","0.15"
"2019-12-26T00:00:00.000","Crisis Shelters","21","258","0.08"
"2019-12-26T00:00:00.000","Transitional Independent Living (HYA)","0","25","0"
"2019-12-26T00:00:00.000","Transitional Independent Living (TIL)","73","493","0.15"
"2019-12-27T00:00:00.000","Crisis Shelters","17","258","0.07"
"2019-12-27T00:00:00.000","Transitional Independent Living (HYA)","0","25","0"
"2019-12-27T00:00:00.000","Transitional Independent Living (TIL)","71","493","0.14"
"2019-12-28T00:00:00.000","Crisis Shelters","17","258","0.07"
"2019-12-28T00:00:00.000","Transitional Independent Living (HYA)","0","25","0"
"2019-12-28T00:00:00.000","Transitional Independent Living (TIL)","71","493","0.14"
"2019-12-29T00:00:00.000","Crisis Shelters","20","258","0.08"
"2019-12-29T00:00:00.000","Transitional Independent Living (HYA)","0","25","0"
"2019-12-29T00:00:00.000","Transitional Independent Living (TIL)","72","493","0.15"
"2019-12-30T00:00:00.000","Crisis Shelters","21","258","0.08"
"2019-12-30T00:00:00.000","Transitional Independent Living (HYA)","1","25","0.04"
"2019-12-30T00:00:00.000","Transitional Independent Living (TIL)","74","493","0.15"
"2019-12-31T00:00:00.000","Crisis Shelters","27","258","0.1"
"2019-12-31T00:00:00.000","Transitional Independent Living (HYA)","1","25","0.04"
"2019-12-31T00:00:00.000","Transitional Independent Living (TIL)","69","493","0.14"
"2020-01-01T00:00:00.000","Crisis Shelters","22","258","0.09"
"2020-01-01T00:00:00.000","Transitional Independent Living (HYA)","1","25","0.04"
"2020-01-01T00:00:00.000","Transitional Independent Living (TIL)","66","493","0.13"
"2020-01-02T00:00:00.000","Crisis Shelters","15","258","0.06"
"2020-01-02T00:00:00.000","Transitional Independent Living (HYA)","1","25","0.04"
"2020-01-02T00:00:00.000","Transitional Independent Living (TIL)","67","493","0.14"
"2020-01-03T00:00:00.000","Crisis Shelters","12","258","0.05"
"2020-01-03T00:00:00.000","Transitional Independent Living (HYA)","0","25","0"
"2020-01-03T00:00:00.000","Transitional Independent Living (TIL)","65","493","0.13"
"2020-01-04T00:00:00.000","Crisis Shelters","12","258","0.05"
"2020-01-04T00:00:00.000","Transitional Independent Living (HYA)","0","25","0"
"2020-01-04T00:00:00.000","Transitional Independent Living (TIL)","67","493","0.14"
"2020-01-05T00:00:00.000","Crisis Shelters","16","258","0.06"
"2020-01-05T00:00:00.000","Transitional Independent Living (HYA)","0","25","0"
"2020-01-05T00:00:00.000","Transitional Independent Living (TIL)","68","493","0.14"
"2020-01-06T00:00:00.000","Crisis Shelters","22","258","0.09"
"2020-01-06T00:00:00.000","Transitional Independent Living (HYA)","0","25","0"
"2020-01-06T00:00:00.000","Transitional Independent Living (TIL)","67","493","0.14"
"2020-01-07T00:00:00.000","Crisis Shelters","17","258","0.07"
"2020-01-07T00:00:00.000","Transitional Independent Living (HYA)","0","25","0"
"2020-01-07T00:00:00.000","Transitional Independent Living (TIL)","67","493","0.14"
"2020-01-08T00:00:00.000","Crisis Shelters","10","258","0.04"
"2020-01-08T00:00:00.000","Transitional Independent Living (HYA)","0","25","0"
"2020-01-08T00:00:00.000","Transitional Independent Living (TIL)","66","493","0.13"
"2020-01-09T00:00:00.000","Crisis Shelters","16","258","0.06"
"2020-01-09T00:00:00.000","Transitional Independent Living (HYA)","0","25","0"
"2020-01-09T00:00:00.000","Transitional Independent Living (TIL)","63","493","0.13"
"2020-01-10T00:00:00.000","Crisis Shelters","13","258","0.05"
"2020-01-10T00:00:00.000","Transitional Independent Living (HYA)","0","25","0"
"2020-01-10T00:00:00.000","Transitional Independent Living (TIL)","59","493","0.12"
"2020-01-11T00:00:00.000","Crisis Shelters","15","258","0.06"
"2020-01-11T00:00:00.000","Transitional Independent Living (HYA)","0","25","0"
"2020-01-11T00:00:00.000","Transitional Independent Living (TIL)","60","493","0.12"
"2020-01-12T00:00:00.000","Crisis Shelters","10","258","0.04"
"2020-01-12T00:00:00.000","Transitional Independent Living (HYA)","0","25","0"
"2020-01-12T00:00:00.000","Transitional Independent Living (TIL)","62","493","0.13"
"2020-01-13T00:00:00.000","Crisis Shelters","13","258","0.05"
"2020-01-13T00:00:00.000","Transitional Independent Living (HYA)","0","25","0"
"2020-01-13T00:00:00.000","Transitional Independent Living (TIL)","59","493","0.12"
"2020-01-14T00:00:00.000","Crisis Shelters","16","258","0.06"
"2020-01-14T00:00:00.000","Transitional Independent Living (HYA)","0","25","0"
"2020-01-14T00:00:00.000","Transitional Independent Living (TIL)","56","493","0.11"
"2020-01-15T00:00:00.000","Crisis Shelters","12","258","0.05"
"2020-01-15T00:00:00.000","Transitional Independent Living (HYA)","0","25","0"
"2020-01-15T00:00:00.000","Transitional Independent Living (TIL)","52","493","0.11"
"2020-01-16T00:00:00.000","Crisis Shelters","14","258","0.05"
"2020-01-16T00:00:00.000","Transitional Independent Living (HYA)","0","25","0"
"2020-01-16T00:00:00.000","Transitional Independent Living (TIL)","49","493","0.1"
"2020-01-17T00:00:00.000","Crisis Shelters","16","258","0.06"
"2020-01-17T00:00:00.000","Transitional Independent Living (HYA)","0","25","0"
"2020-01-17T00:00:00.000","Transitional Independent Living (TIL)","51","493","0.1"
"2020-01-18T00:00:00.000","Crisis Shelters","17","258","0.07"
"2020-01-18T00:00:00.000","Transitional Independent Living (HYA)","0","25","0"
"2020-01-18T00:00:00.000","Transitional Independent Living (TIL)","51","493","0.1"
"2020-01-19T00:00:00.000","Crisis Shelters","16","258","0.06"
"2020-01-19T00:00:00.000","Transitional Independent Living (HYA)","0","25","0"
"2020-01-19T00:00:00.000","Transitional Independent Living (TIL)","52","493","0.11"
"2020-01-20T00:00:00.000","Crisis Shelters","15","258","0.06"
"2020-01-20T00:00:00.000","Transitional Independent Living (HYA)","0","25","0"
"2020-01-20T00:00:00.000","Transitional Independent Living (TIL)","54","493","0.11"
"2020-01-21T00:00:00.000","Crisis Shelters","16","258","0.06"
"2020-01-21T00:00:00.000","Transitional Independent Living (HYA)","0","25","0"
"2020-01-21T00:00:00.000","Transitional Independent Living (TIL)","53","493","0.11"
"2020-01-22T00:00:00.000","Crisis Shelters","18","258","0.07"
"2020-01-22T00:00:00.000","Transitional Independent Living (HYA)","0","25","0"
"2020-01-22T00:00:00.000","Transitional Independent Living (TIL)","54","493","0.11"
"2020-01-23T00:00:00.000","Crisis Shelters","13","258","0.05"
"2020-01-23T00:00:00.000","Transitional Independent Living (HYA)","0","25","0"
"2020-01-23T00:00:00.000","Transitional Independent Living (TIL)","49","493","0.1"
"2020-01-24T00:00:00.000","Crisis Shelters","18","258","0.07"
"2020-01-24T00:00:00.000","Transitional Independent Living (HYA)","0","25","0"
"2020-01-24T00:00:00.000","Transitional Independent Living (TIL)","51","493","0.1"
"2020-01-25T00:00:00.000","Crisis Shelters","25","258","0.1"
"2020-01-25T00:00:00.000","Transitional Independent Living (HYA)","0","25","0"
"2020-01-25T00:00:00.000","Transitional Independent Living (TIL)","51","493","0.1"
"2020-01-26T00:00:00.000","Crisis Shelters","25","258","0.1"
"2020-01-26T00:00:00.000","Transitional Independent Living (HYA)","0","25","0"
"2020-01-26T00:00:00.000","Transitional Independent Living (TIL)","50","493","0.1"
"2020-01-27T00:00:00.000","Crisis Shelters","19","258","0.07"
"2020-01-27T00:00:00.000","Transitional Independent Living (HYA)","0","25","0"
"2020-01-27T00:00:00.000","Transitional Independent Living (TIL)","47","493","0.1"
"2020-01-28T00:00:00.000","Crisis Shelters","22","258","0.09"
"2020-01-28T00:00:00.000","Transitional Independent Living (HYA)","0","25","0"
"2020-01-28T00:00:00.000","Transitional Independent Living (TIL)","46","493","0.09"
"2020-01-29T00:00:00.000","Crisis Shelters","24","258","0.09"
"2020-01-29T00:00:00.000","Transitional Independent Living (HYA)","0","25","0"
"2020-01-29T00:00:00.000","Transitional Independent Living (TIL)","45","493","0.09"
"2020-01-30T00:00:00.000","Crisis Shelters","21","258","0.08"
"2020-01-30T00:00:00.000","Transitional Independent Living (HYA)","0","25","0"
"2020-01-30T00:00:00.000","Transitional Independent Living (TIL)","48","493","0.1"
"2020-01-31T00:00:00.000","Crisis Shelters","23","258","0.09"
"2020-01-31T00:00:00.000","Transitional Independent Living (HYA)","0","25","0"
"2020-01-31T00:00:00.000","Transitional Independent Living (TIL)","50","493","0.1"
"2020-02-01T00:00:00.000","Crisis Shelters","22","258","0.09"
"2020-02-01T00:00:00.000","Transitional Independent Living (HYA)","0","25","0"
"2020-02-01T00:00:00.000","Transitional Independent Living (TIL)","49","493","0.1"
"2020-02-02T00:00:00.000","Crisis Shelters","21","258","0.08"
"2020-02-02T00:00:00.000","Transitional Independent Living (HYA)","0","25","0"
"2020-02-02T00:00:00.000","Transitional Independent Living (TIL)","52","493","0.11"
"2020-02-03T00:00:00.000","Crisis Shelters","13","258","0.05"
"2020-02-03T00:00:00.000","Transitional Independent Living (HYA)","0","25","0"
"2020-02-03T00:00:00.000","Transitional Independent Living (TIL)","53","493","0.11"
"2020-02-04T00:00:00.000","Crisis Shelters","11","258","0.04"
"2020-02-04T00:00:00.000","Transitional Independent Living (HYA)","0","25","0"
"2020-02-04T00:00:00.000","Transitional Independent Living (TIL)","52","493","0.11"
"2020-02-05T00:00:00.000","Crisis Shelters","15","258","0.06"
"2020-02-05T00:00:00.000","Transitional Independent Living (HYA)","0","25","0"
"2020-02-05T00:00:00.000","Transitional Independent Living (TIL)","53","493","0.11"
"2020-02-06T00:00:00.000","Crisis Shelters","19","258","0.07"
"2020-02-06T00:00:00.000","Transitional Independent Living (HYA)","0","25","0"
"2020-02-06T00:00:00.000","Transitional Independent Living (TIL)","51","493","0.1"
"2020-02-07T00:00:00.000","Crisis Shelters","30","258","0.12"
"2020-02-07T00:00:00.000","Transitional Independent Living (HYA)","0","25","0"
"2020-02-07T00:00:00.000","Transitional Independent Living (TIL)","47","493","0.1"
"2020-02-08T00:00:00.000","Crisis Shelters","23","258","0.09"
"2020-02-08T00:00:00.000","Transitional Independent Living (HYA)","0","25","0"
"2020-02-08T00:00:00.000","Transitional Independent Living (TIL)","45","493","0.09"
"2020-02-09T00:00:00.000","Crisis Shelters","27","258","0.1"
"2020-02-09T00:00:00.000","Transitional Independent Living (HYA)","0","25","0"
"2020-02-09T00:00:00.000","Transitional Independent Living (TIL)","43","493","0.09"
"2020-02-10T00:00:00.000","Crisis Shelters","28","258","0.11"
"2020-02-10T00:00:00.000","Transitional Independent Living (HYA)","0","25","0"
"2020-02-10T00:00:00.000","Transitional Independent Living (TIL)","42","493","0.09"
"2020-02-11T00:00:00.000","Crisis Shelters","24","258","0.09"
"2020-02-11T00:00:00.000","Transitional Independent Living (HYA)","0","25","0"
"2020-02-11T00:00:00.000","Transitional Independent Living (TIL)","44","493","0.09"
"2020-02-12T00:00:00.000","Crisis Shelters","21","258","0.08"
"2020-02-12T00:00:00.000","Transitional Independent Living (HYA)","0","25","0"
"2020-02-12T00:00:00.000","Transitional Independent Living (TIL)","45","493","0.09"
"2020-02-13T00:00:00.000","Crisis Shelters","20","258","0.08"
"2020-02-13T00:00:00.000","Transitional Independent Living (HYA)","0","25","0"
"2020-02-13T00:00:00.000","Transitional Independent Living (TIL)","43","493","0.09"
"2020-02-14T00:00:00.000","Crisis Shelters","10","258","0.04"
"2020-02-14T00:00:00.000","Transitional Independent Living (HYA)","0","25","0"
"2020-02-14T00:00:00.000","Transitional Independent Living (TIL)","43","493","0.09"
"2020-02-15T00:00:00.000","Crisis Shelters","14","258","0.05"
"2020-02-15T00:00:00.000","Transitional Independent Living (HYA)","0","25","0"
"2020-02-15T00:00:00.000","Transitional Independent Living (TIL)","44","493","0.09"
"2020-02-16T00:00:00.000","Crisis Shelters","10","258","0.04"
"2020-02-16T00:00:00.000","Transitional Independent Living (HYA)","0","25","0"
"2020-02-16T00:00:00.000","Transitional Independent Living (TIL)","44","494","0.09"
"2020-02-17T00:00:00.000","Crisis Shelters","13","258","0.05"
"2020-02-17T00:00:00.000","Transitional Independent Living (HYA)","0","25","0"
"2020-02-17T00:00:00.000","Transitional Independent Living (TIL)","45","494","0.09"
"2020-02-18T00:00:00.000","Crisis Shelters","19","258","0.07"
"2020-02-18T00:00:00.000","Transitional Independent Living (HYA)","0","25","0"
"2020-02-18T00:00:00.000","Transitional Independent Living (TIL)","46","494","0.09"
"2020-02-19T00:00:00.000","Crisis Shelters","20","258","0.08"
"2020-02-19T00:00:00.000","Transitional Independent Living (HYA)","0","25","0"
"2020-02-19T00:00:00.000","Transitional Independent Living (TIL)","46","494","0.09"
"2020-02-20T00:00:00.000","Crisis Shelters","24","258","0.09"
"2020-02-20T00:00:00.000","Transitional Independent Living (HYA)","1","25","0.04"
"2020-02-20T00:00:00.000","Transitional Independent Living (TIL)","48","494","0.1"
"2020-02-21T00:00:00.000","Crisis Shelters","23","258","0.09"
"2020-02-21T00:00:00.000","Transitional Independent Living (HYA)","0","25","0"
"2020-02-21T00:00:00.000","Transitional Independent Living (TIL)","48","494","0.1"
"2020-02-22T00:00:00.000","Crisis Shelters","20","258","0.08"
"2020-02-22T00:00:00.000","Transitional Independent Living (HYA)","0","25","0"
"2020-02-22T00:00:00.000","Transitional Independent Living (TIL)","46","494","0.09"
"2020-02-23T00:00:00.000","Crisis Shelters","17","258","0.07"
"2020-02-23T00:00:00.000","Transitional Independent Living (HYA)","0","25","0"
"2020-02-23T00:00:00.000","Transitional Independent Living (TIL)","46","494","0.09"
"2020-02-24T00:00:00.000","Crisis Shelters","17","258","0.07"
"2020-02-24T00:00:00.000","Transitional Independent Living (HYA)","1","25","0.04"
"2020-02-24T00:00:00.000","Transitional Independent Living (TIL)","47","494","0.1"
"2020-02-25T00:00:00.000","Crisis Shelters","14","258","0.05"
"2020-02-25T00:00:00.000","Transitional Independent Living (HYA)","1","25","0.04"
"2020-02-25T00:00:00.000","Transitional Independent Living (TIL)","46","494","0.09"
"2020-02-26T00:00:00.000","Crisis Shelters","12","258","0.05"
"2020-02-26T00:00:00.000","Transitional Independent Living (HYA)","0","25","0"
"2020-02-26T00:00:00.000","Transitional Independent Living (TIL)","50","494","0.1"
"2020-02-27T00:00:00.000","Crisis Shelters","21","258","0.08"
"2020-02-27T00:00:00.000","Transitional Independent Living (HYA)","1","25","0.04"
"2020-02-27T00:00:00.000","Transitional Independent Living (TIL)","48","494","0.1"
"2020-02-28T00:00:00.000","Crisis Shelters","20","258","0.08"
"2020-02-28T00:00:00.000","Transitional Independent Living (HYA)","3","25","0.12"
"2020-02-28T00:00:00.000","Transitional Independent Living (TIL)","48","494","0.1"
"2020-02-29T00:00:00.000","Crisis Shelters","17","258","0.07"
"2020-02-29T00:00:00.000","Transitional Independent Living (HYA)","3","25","0.12"
"2020-02-29T00:00:00.000","Transitional Independent Living (TIL)","50","494","0.1"
"2020-03-01T00:00:00.000","Crisis Shelters","21","258","0.08"
"2020-03-01T00:00:00.000","Transitional Independent Living (HYA)","3","25","0.12"
"2020-03-01T00:00:00.000","Transitional Independent Living (TIL)","49","494","0.1"
"2020-03-02T00:00:00.000","Crisis Shelters","23","258","0.09"
"2020-03-02T00:00:00.000","Transitional Independent Living (HYA)","3","25","0.12"
"2020-03-02T00:00:00.000","Transitional Independent Living (TIL)","47","494","0.1"
"2020-03-03T00:00:00.000","Crisis Shelters","20","258","0.08"
"2020-03-03T00:00:00.000","Transitional Independent Living (HYA)","1","25","0.04"
"2020-03-03T00:00:00.000","Transitional Independent Living (TIL)","44","494","0.09"
"2020-03-04T00:00:00.000","Crisis Shelters","34","258","0.13"
"2020-03-04T00:00:00.000","Transitional Independent Living (HYA)","2","25","0.08"
"2020-03-04T00:00:00.000","Transitional Independent Living (TIL)","38","494","0.08"
"2020-03-05T00:00:00.000","Crisis Shelters","32","258","0.12"
"2020-03-05T00:00:00.000","Transitional Independent Living (HYA)","1","25","0.04"
"2020-03-05T00:00:00.000","Transitional Independent Living (TIL)","35","494","0.07"
"2020-03-06T00:00:00.000","Crisis Shelters","39","258","0.15"
"2020-03-06T00:00:00.000","Transitional Independent Living (HYA)","1","25","0.04"
"2020-03-06T00:00:00.000","Transitional Independent Living (TIL)","33","494","0.07"
"2020-03-07T00:00:00.000","Crisis Shelters","37","258","0.14"
"2020-03-07T00:00:00.000","Transitional Independent Living (HYA)","1","25","0.04"
"2020-03-07T00:00:00.000","Transitional Independent Living (TIL)","33","494","0.07"
"2020-03-08T00:00:00.000","Crisis Shelters","35","258","0.14"
"2020-03-08T00:00:00.000","Transitional Independent Living (HYA)","1","25","0.04"
"2020-03-08T00:00:00.000","Transitional Independent Living (TIL)","37","494","0.07"
"2020-03-09T00:00:00.000","Crisis Shelters","34","258","0.13"
"2020-03-09T00:00:00.000","Transitional Independent Living (HYA)","1","25","0.04"
"2020-03-09T00:00:00.000","Transitional Independent Living (TIL)","37","494","0.07"
"2020-03-10T00:00:00.000","Crisis Shelters","29","258","0.11"
"2020-03-10T00:00:00.000","Transitional Independent Living (HYA)","2","25","0.08"
"2020-03-10T00:00:00.000","Transitional Independent Living (TIL)","38","494","0.08"
"2020-03-11T00:00:00.000","Crisis Shelters","36","258","0.14"
"2020-03-11T00:00:00.000","Transitional Independent Living (HYA)","2","25","0.08"
"2020-03-11T00:00:00.000","Transitional Independent Living (TIL)","37","494","0.07"
"2020-03-12T00:00:00.000","Crisis Shelters","40","258","0.16"
"2020-03-12T00:00:00.000","Transitional Independent Living (HYA)","4","25","0.16"
"2020-03-12T00:00:00.000","Transitional Independent Living (TIL)","35","494","0.07"
"2020-03-13T00:00:00.000","Crisis Shelters","41","258","0.16"
"2020-03-13T00:00:00.000","Transitional Independent Living (HYA)","2","25","0.08"
"2020-03-13T00:00:00.000","Transitional Independent Living (TIL)","39","494","0.08"
"2020-03-14T00:00:00.000","Crisis Shelters","39","258","0.15"
"2020-03-14T00:00:00.000","Transitional Independent Living (HYA)","2","25","0.08"
"2020-03-14T00:00:00.000","Transitional Independent Living (TIL)","38","494","0.08"
"2020-03-15T00:00:00.000","Crisis Shelters","41","258","0.16"
"2020-03-15T00:00:00.000","Transitional Independent Living (HYA)","2","25","0.08"
"2020-03-15T00:00:00.000","Transitional Independent Living (TIL)","39","494","0.08"
"2020-03-16T00:00:00.000","Crisis Shelters","31","258","0.12"
"2020-03-16T00:00:00.000","Transitional Independent Living (HYA)","2","25","0.08"
"2020-03-16T00:00:00.000","Transitional Independent Living (TIL)","40","494","0.08"
"2020-03-17T00:00:00.000","Crisis Shelters","28","258","0.11"
"2020-03-17T00:00:00.000","Transitional Independent Living (HYA)","1","25","0.04"
"2020-03-17T00:00:00.000","Transitional Independent Living (TIL)","41","494","0.08"
"2020-03-18T00:00:00.000","Crisis Shelters","32","258","0.12"
"2020-03-18T00:00:00.000","Transitional Independent Living (HYA)","1","25","0.04"
"2020-03-18T00:00:00.000","Transitional Independent Living (TIL)","44","494","0.09"
"2020-03-19T00:00:00.000","Crisis Shelters","28","258","0.11"
"2020-03-19T00:00:00.000","Transitional Independent Living (HYA)","1","25","0.04"
"2020-03-19T00:00:00.000","Transitional Independent Living (TIL)","44","494","0.09"
"2020-03-20T00:00:00.000","Crisis Shelters","35","258","0.14"
"2020-03-20T00:00:00.000","Transitional Independent Living (HYA)","2","25","0.08"
"2020-03-20T00:00:00.000","Transitional Independent Living (TIL)","42","494","0.09"
"2020-03-21T00:00:00.000","Crisis Shelters","38","258","0.15"
"2020-03-21T00:00:00.000","Transitional Independent Living (HYA)","3","25","0.12"
"2020-03-21T00:00:00.000","Transitional Independent Living (TIL)","43","494","0.09"
"2020-03-22T00:00:00.000","Crisis Shelters","33","258","0.13"
"2020-03-22T00:00:00.000","Transitional Independent Living (HYA)","3","25","0.12"
"2020-03-22T00:00:00.000","Transitional Independent Living (TIL)","43","494","0.09"
"2020-03-23T00:00:00.000","Crisis Shelters","28","258","0.11"
"2020-03-23T00:00:00.000","Transitional Independent Living (HYA)","3","25","0.12"
"2020-03-23T00:00:00.000","Transitional Independent Living (TIL)","45","494","0.09"
"2020-03-24T00:00:00.000","Crisis Shelters","27","258","0.1"
"2020-03-24T00:00:00.000","Transitional Independent Living (HYA)","3","25","0.12"
"2020-03-24T00:00:00.000","Transitional Independent Living (TIL)","49","494","0.1"
"2020-03-25T00:00:00.000","Crisis Shelters","28","258","0.11"
"2020-03-25T00:00:00.000","Transitional Independent Living (HYA)","3","25","0.12"
"2020-03-25T00:00:00.000","Transitional Independent Living (TIL)","50","494","0.1"
"2020-03-26T00:00:00.000","Crisis Shelters","35","258","0.14"
"2020-03-26T00:00:00.000","Transitional Independent Living (HYA)","2","25","0.08"
"2020-03-26T00:00:00.000","Transitional Independent Living (TIL)","48","494","0.1"
"2020-03-27T00:00:00.000","Crisis Shelters","43","258","0.17"
"2020-03-27T00:00:00.000","Transitional Independent Living (HYA)","2","25","0.08"
"2020-03-27T00:00:00.000","Transitional Independent Living (TIL)","51","494","0.1"
"2020-03-28T00:00:00.000","Crisis Shelters","50","258","0.19"
"2020-03-28T00:00:00.000","Transitional Independent Living (HYA)","2","25","0.08"
"2020-03-28T00:00:00.000","Transitional Independent Living (TIL)","49","494","0.1"
"2020-03-29T00:00:00.000","Crisis Shelters","50","258","0.19"
"2020-03-29T00:00:00.000","Transitional Independent Living (HYA)","2","25","0.08"
"2020-03-29T00:00:00.000","Transitional Independent Living (TIL)","52","494","0.11"
"2020-03-30T00:00:00.000","Crisis Shelters","57","258","0.22"
"2020-03-30T00:00:00.000","Transitional Independent Living (HYA)","1","25","0.04"
"2020-03-30T00:00:00.000","Transitional Independent Living (TIL)","53","494","0.11"
"2020-03-31T00:00:00.000","Crisis Shelters","64","258","0.25"
"2020-03-31T00:00:00.000","Transitional Independent Living (HYA)","1","25","0.04"
"2020-03-31T00:00:00.000","Transitional Independent Living (TIL)","55","494","0.11"
"2020-04-01T00:00:00.000","Crisis Shelters","67","258","0.26"
"2020-04-01T00:00:00.000","Transitional Independent Living (HYA)","1","25","0.04"
"2020-04-01T00:00:00.000","Transitional Independent Living (TIL)","58","494","0.12"
"2020-04-02T00:00:00.000","Crisis Shelters","73","258","0.28"
"2020-04-02T00:00:00.000","Transitional Independent Living (HYA)","1","25","0.04"
"2020-04-02T00:00:00.000","Transitional Independent Living (TIL)","58","494","0.12"
"2020-04-03T00:00:00.000","Crisis Shelters","76","258","0.29"
"2020-04-03T00:00:00.000","Transitional Independent Living (HYA)","2","25","0.08"
"2020-04-03T00:00:00.000","Transitional Independent Living (TIL)","58","494","0.12"
"2020-04-04T00:00:00.000","Crisis Shelters","79","258","0.31"
"2020-04-04T00:00:00.000","Transitional Independent Living (HYA)","2","25","0.08"
"2020-04-04T00:00:00.000","Transitional Independent Living (TIL)","59","494","0.12"
"2020-04-05T00:00:00.000","Crisis Shelters","80","258","0.31"
"2020-04-05T00:00:00.000","Transitional Independent Living (HYA)","2","25","0.08"
"2020-04-05T00:00:00.000","Transitional Independent Living (TIL)","61","494","0.12"
"2020-04-06T00:00:00.000","Crisis Shelters","81","258","0.31"
"2020-04-06T00:00:00.000","Transitional Independent Living (HYA)","2","25","0.08"
"2020-04-06T00:00:00.000","Transitional Independent Living (TIL)","62","494","0.13"
"2020-04-07T00:00:00.000","Crisis Shelters","76","258","0.29"
"2020-04-07T00:00:00.000","Transitional Independent Living (HYA)","2","25","0.08"
"2020-04-07T00:00:00.000","Transitional Independent Living (TIL)","65","494","0.13"
"2020-04-08T00:00:00.000","Crisis Shelters","77","258","0.3"
"2020-04-08T00:00:00.000","Transitional Independent Living (HYA)","2","25","0.08"
"2020-04-08T00:00:00.000","Transitional Independent Living (TIL)","64","494","0.13"
"2020-04-09T00:00:00.000","Crisis Shelters","75","258","0.29"
"2020-04-09T00:00:00.000","Transitional Independent Living (HYA)","2","25","0.08"
"2020-04-09T00:00:00.000","Transitional Independent Living (TIL)","66","494","0.13"
"2020-04-10T00:00:00.000","Crisis Shelters","78","258","0.3"
"2020-04-10T00:00:00.000","Transitional Independent Living (HYA)","2","25","0.08"
"2020-04-10T00:00:00.000","Transitional Independent Living (TIL)","71","494","0.14"
"2020-04-11T00:00:00.000","Crisis Shelters","79","258","0.31"
"2020-04-11T00:00:00.000","Transitional Independent Living (HYA)","1","25","0.04"
"2020-04-11T00:00:00.000","Transitional Independent Living (TIL)","71","494","0.14"
"2020-04-12T00:00:00.000","Crisis Shelters","83","258","0.32"
"2020-04-12T00:00:00.000","Transitional Independent Living (HYA)","1","25","0.04"
"2020-04-12T00:00:00.000","Transitional Independent Living (TIL)","71","494","0.14"
"2020-04-13T00:00:00.000","Crisis Shelters","79","258","0.31"
"2020-04-13T00:00:00.000","Transitional Independent Living (HYA)","1","25","0.04"
"2020-04-13T00:00:00.000","Transitional Independent Living (TIL)","70","494","0.14"
"2020-04-14T00:00:00.000","Crisis Shelters","76","258","0.29"
"2020-04-14T00:00:00.000","Transitional Independent Living (HYA)","1","25","0.04"
"2020-04-14T00:00:00.000","Transitional Independent Living (TIL)","72","494","0.15"
"2020-04-15T00:00:00.000","Crisis Shelters","73","258","0.28"
"2020-04-15T00:00:00.000","Transitional Independent Living (HYA)","1","25","0.04"
"2020-04-15T00:00:00.000","Transitional Independent Living (TIL)","74","494","0.15"
"2020-04-16T00:00:00.000","Crisis Shelters","70","258","0.27"
"2020-04-16T00:00:00.000","Transitional Independent Living (HYA)","1","25","0.04"
"2020-04-16T00:00:00.000","Transitional Independent Living (TIL)","75","494","0.15"
"2020-04-17T00:00:00.000","Crisis Shelters","72","258","0.28"
"2020-04-17T00:00:00.000","Transitional Independent Living (HYA)","1","25","0.04"
"2020-04-17T00:00:00.000","Transitional Independent Living (TIL)","77","494","0.16"
"2020-04-18T00:00:00.000","Crisis Shelters","75","258","0.29"
"2020-04-18T00:00:00.000","Transitional Independent Living (HYA)","1","25","0.04"
"2020-04-18T00:00:00.000","Transitional Independent Living (TIL)","80","494","0.16"
"2020-04-19T00:00:00.000","Crisis Shelters","76","258","0.29"
"2020-04-19T00:00:00.000","Transitional Independent Living (HYA)","1","25","0.04"
"2020-04-19T00:00:00.000","Transitional Independent Living (TIL)","79","494","0.16"
"2020-04-20T00:00:00.000","Crisis Shelters","82","258","0.32"
"2020-04-20T00:00:00.000","Transitional Independent Living (HYA)","1","25","0.04"
"2020-04-20T00:00:00.000","Transitional Independent Living (TIL)","81","494","0.16"
"2020-04-21T00:00:00.000","Crisis Shelters","83","258","0.32"
"2020-04-21T00:00:00.000","Transitional Independent Living (HYA)","2","25","0.08"
"2020-04-21T00:00:00.000","Transitional Independent Living (TIL)","84","494","0.17"
"2020-04-22T00:00:00.000","Crisis Shelters","79","258","0.31"
"2020-04-22T00:00:00.000","Transitional Independent Living (HYA)","1","25","0.04"
"2020-04-22T00:00:00.000","Transitional Independent Living (TIL)","80","494","0.16"
"2020-04-23T00:00:00.000","Crisis Shelters","76","258","0.29"
"2020-04-23T00:00:00.000","Transitional Independent Living (HYA)","2","25","0.08"
"2020-04-23T00:00:00.000","Transitional Independent Living (TIL)","80","494","0.16"
"2020-04-24T00:00:00.000","Crisis Shelters","75","258","0.29"
"2020-04-24T00:00:00.000","Transitional Independent Living (HYA)","2","25","0.08"
"2020-04-24T00:00:00.000","Transitional Independent Living (TIL)","81","494","0.16"
"2020-04-25T00:00:00.000","Crisis Shelters","73","258","0.28"
"2020-04-25T00:00:00.000","Transitional Independent Living (HYA)","2","25","0.08"
"2020-04-25T00:00:00.000","Transitional Independent Living (TIL)","82","494","0.17"
"2020-04-26T00:00:00.000","Crisis Shelters","77","258","0.3"
"2020-04-26T00:00:00.000","Transitional Independent Living (HYA)","2","25","0.08"
"2020-04-26T00:00:00.000","Transitional Independent Living (TIL)","80","494","0.16"
"2020-04-27T00:00:00.000","Crisis Shelters","74","258","0.29"
"2020-04-27T00:00:00.000","Transitional Independent Living (HYA)","2","25","0.08"
"2020-04-27T00:00:00.000","Transitional Independent Living (TIL)","78","494","0.16"
"2020-04-28T00:00:00.000","Crisis Shelters","76","258","0.29"
"2020-04-28T00:00:00.000","Transitional Independent Living (HYA)","2","25","0.08"
"2020-04-28T00:00:00.000","Transitional Independent Living (TIL)","79","494","0.16"
"2020-04-29T00:00:00.000","Crisis Shelters","71","258","0.28"
"2020-04-29T00:00:00.000","Transitional Independent Living (HYA)","2","25","0.08"
"2020-04-29T00:00:00.000","Transitional Independent Living (TIL)","81","494","0.16"
"2020-04-30T00:00:00.000","Crisis Shelters","74","258","0.29"
"2020-04-30T00:00:00.000","Transitional Independent Living (HYA)","2","25","0.08"
"2020-04-30T00:00:00.000","Transitional Independent Living (TIL)","81","494","0.16"
"2020-05-01T00:00:00.000","Crisis Shelters","79","258","0.31"
"2020-05-01T00:00:00.000","Transitional Independent Living (HYA)","2","25","0.08"
"2020-05-01T00:00:00.000","Transitional Independent Living (TIL)","82","494","0.17"
"2020-05-02T00:00:00.000","Crisis Shelters","80","258","0.31"
"2020-05-02T00:00:00.000","Transitional Independent Living (HYA)","2","25","0.08"
"2020-05-02T00:00:00.000","Transitional Independent Living (TIL)","82","494","0.17"
"2020-05-03T00:00:00.000","Crisis Shelters","80","258","0.31"
"2020-05-03T00:00:00.000","Transitional Independent Living (HYA)","2","25","0.08"
"2020-05-03T00:00:00.000","Transitional Independent Living (TIL)","82","494","0.17"
"2020-05-04T00:00:00.000","Crisis Shelters","87","258","0.34"
"2020-05-04T00:00:00.000","Transitional Independent Living (HYA)","2","25","0.08"
"2020-05-04T00:00:00.000","Transitional Independent Living (TIL)","80","494","0.16"
"2020-05-05T00:00:00.000","Crisis Shelters","81","258","0.31"
"2020-05-05T00:00:00.000","Transitional Independent Living (HYA)","2","25","0.08"
"2020-05-05T00:00:00.000","Transitional Independent Living (TIL)","83","494","0.17"
"2020-05-06T00:00:00.000","Crisis Shelters","75","258","0.29"
"2020-05-06T00:00:00.000","Transitional Independent Living (HYA)","1","25","0.04"
"2020-05-06T00:00:00.000","Transitional Independent Living (TIL)","79","494","0.16"
"2020-05-07T00:00:00.000","Crisis Shelters","77","258","0.3"
"2020-05-07T00:00:00.000","Transitional Independent Living (HYA)","1","25","0.04"
"2020-05-07T00:00:00.000","Transitional Independent Living (TIL)","80","494","0.16"
"2020-05-08T00:00:00.000","Crisis Shelters","74","258","0.29"
"2020-05-08T00:00:00.000","Transitional Independent Living (HYA)","1","25","0.04"
"2020-05-08T00:00:00.000","Transitional Independent Living (TIL)","82","494","0.17"
"2020-05-09T00:00:00.000","Crisis Shelters","77","258","0.3"
"2020-05-09T00:00:00.000","Transitional Independent Living (HYA)","1","25","0.04"
"2020-05-09T00:00:00.000","Transitional Independent Living (TIL)","85","494","0.17"
"2020-05-10T00:00:00.000","Crisis Shelters","76","258","0.29"
"2020-05-10T00:00:00.000","Transitional Independent Living (HYA)","1","25","0.04"
"2020-05-10T00:00:00.000","Transitional Independent Living (TIL)","86","494","0.17"
"2020-05-11T00:00:00.000","Crisis Shelters","77","258","0.3"
"2020-05-11T00:00:00.000","Transitional Independent Living (HYA)","1","25","0.04"
"2020-05-11T00:00:00.000","Transitional Independent Living (TIL)","86","494","0.17"
"2020-05-12T00:00:00.000","Crisis Shelters","79","258","0.31"
"2020-05-12T00:00:00.000","Transitional Independent Living (HYA)","2","25","0.08"
"2020-05-12T00:00:00.000","Transitional Independent Living (TIL)","84","494","0.17"
"2020-05-13T00:00:00.000","Crisis Shelters","77","258","0.3"
"2020-05-13T00:00:00.000","Transitional Independent Living (HYA)","1","25","0.04"
"2020-05-13T00:00:00.000","Transitional Independent Living (TIL)","81","494","0.16"
"2020-05-14T00:00:00.000","Crisis Shelters","76","258","0.29"
"2020-05-14T00:00:00.000","Transitional Independent Living (HYA)","1","25","0.04"
"2020-05-14T00:00:00.000","Transitional Independent Living (TIL)","81","494","0.16"
"2020-05-15T00:00:00.000","Crisis Shelters","80","258","0.31"
"2020-05-15T00:00:00.000","Transitional Independent Living (HYA)","1","25","0.04"
"2020-05-15T00:00:00.000","Transitional Independent Living (TIL)","80","494","0.16"
"2020-05-16T00:00:00.000","Crisis Shelters","81","258","0.31"
"2020-05-16T00:00:00.000","Transitional Independent Living (HYA)","1","25","0.04"
"2020-05-16T00:00:00.000","Transitional Independent Living (TIL)","80","494","0.16"
"2020-05-17T00:00:00.000","Crisis Shelters","82","258","0.32"
"2020-05-17T00:00:00.000","Transitional Independent Living (HYA)","2","25","0.08"
"2020-05-17T00:00:00.000","Transitional Independent Living (TIL)","79","494","0.16"
"2020-05-18T00:00:00.000","Crisis Shelters","80","258","0.31"
"2020-05-18T00:00:00.000","Transitional Independent Living (HYA)","2","25","0.08"
"2020-05-18T00:00:00.000","Transitional Independent Living (TIL)","78","494","0.16"
"2020-05-19T00:00:00.000","Crisis Shelters","72","258","0.28"
"2020-05-19T00:00:00.000","Transitional Independent Living (HYA)","2","25","0.08"
"2020-05-19T00:00:00.000","Transitional Independent Living (TIL)","69","494","0.14"
"2020-05-20T00:00:00.000","Crisis Shelters","73","258","0.28"
"2020-05-20T00:00:00.000","Transitional Independent Living (HYA)","1","25","0.04"
"2020-05-20T00:00:00.000","Transitional Independent Living (TIL)","66","494","0.13"
"2020-05-21T00:00:00.000","Crisis Shelters","71","258","0.28"
"2020-05-21T00:00:00.000","Transitional Independent Living (HYA)","1","25","0.04"
"2020-05-21T00:00:00.000","Transitional Independent Living (TIL)","67","494","0.14"
"2020-05-22T00:00:00.000","Crisis Shelters","73","258","0.28"
"2020-05-22T00:00:00.000","Transitional Independent Living (HYA)","1","25","0.04"
"2020-05-22T00:00:00.000","Transitional Independent Living (TIL)","71","494","0.14"
"2020-05-23T00:00:00.000","Crisis Shelters","75","258","0.29"
"2020-05-23T00:00:00.000","Transitional Independent Living (HYA)","2","25","0.08"
"2020-05-23T00:00:00.000","Transitional Independent Living (TIL)","74","494","0.15"
"2020-05-24T00:00:00.000","Crisis Shelters","77","258","0.3"
"2020-05-24T00:00:00.000","Transitional Independent Living (HYA)","2","25","0.08"
"2020-05-24T00:00:00.000","Transitional Independent Living (TIL)","73","494","0.15"
"2020-05-25T00:00:00.000","Crisis Shelters","83","258","0.32"
"2020-05-25T00:00:00.000","Transitional Independent Living (HYA)","2","25","0.08"
"2020-05-25T00:00:00.000","Transitional Independent Living (TIL)","73","494","0.15"
"2020-05-26T00:00:00.000","Crisis Shelters","84","258","0.33"
"2020-05-26T00:00:00.000","Transitional Independent Living (HYA)","2","25","0.08"
"2020-05-26T00:00:00.000","Transitional Independent Living (TIL)","70","494","0.14"
"2020-05-27T00:00:00.000","Crisis Shelters","82","258","0.32"
"2020-05-27T00:00:00.000","Transitional Independent Living (HYA)","3","25","0.12"
"2020-05-27T00:00:00.000","Transitional Independent Living (TIL)","74","494","0.15"
"2020-05-28T00:00:00.000","Crisis Shelters","82","258","0.32"
"2020-05-28T00:00:00.000","Transitional Independent Living (HYA)","2","25","0.08"
"2020-05-28T00:00:00.000","Transitional Independent Living (TIL)","74","494","0.15"
"2020-05-29T00:00:00.000","Crisis Shelters","81","258","0.31"
"2020-05-29T00:00:00.000","Transitional Independent Living (HYA)","2","25","0.08"
"2020-05-29T00:00:00.000","Transitional Independent Living (TIL)","73","494","0.15"
"2020-05-30T00:00:00.000","Crisis Shelters","82","258","0.32"
"2020-05-30T00:00:00.000","Transitional Independent Living (HYA)","2","25","0.08"
"2020-05-30T00:00:00.000","Transitional Independent Living (TIL)","73","494","0.15"
"2020-05-31T00:00:00.000","Crisis Shelters","78","258","0.3"
"2020-05-31T00:00:00.000","Transitional Independent Living (HYA)","2","25","0.08"
"2020-05-31T00:00:00.000","Transitional Independent Living (TIL)","73","494","0.15"
"2020-06-01T00:00:00.000","Crisis Shelters","85","258","0.33"
"2020-06-01T00:00:00.000","Transitional Independent Living (HYA)","4","25","0.16"
"2020-06-01T00:00:00.000","Transitional Independent Living (TIL)","70","494","0.14"
"2020-06-02T00:00:00.000","Crisis Shelters","83","258","0.32"
"2020-06-02T00:00:00.000","Transitional Independent Living (HYA)","3","25","0.12"
"2020-06-02T00:00:00.000","Transitional Independent Living (TIL)","72","494","0.15"
"2020-06-03T00:00:00.000","Crisis Shelters","80","258","0.31"
"2020-06-03T00:00:00.000","Transitional Independent Living (HYA)","3","25","0.12"
"2020-06-03T00:00:00.000","Transitional Independent Living (TIL)","71","494","0.14"
"2020-06-04T00:00:00.000","Crisis Shelters","83","258","0.32"
"2020-06-04T00:00:00.000","Transitional Independent Living (HYA)","2","25","0.08"
"2020-06-04T00:00:00.000","Transitional Independent Living (TIL)","71","494","0.14"
"2020-06-05T00:00:00.000","Crisis Shelters","82","258","0.32"
"2020-06-05T00:00:00.000","Transitional Independent Living (HYA)","2","25","0.08"
"2020-06-05T00:00:00.000","Transitional Independent Living (TIL)","73","494","0.15"
"2020-06-06T00:00:00.000","Crisis Shelters","82","258","0.32"
"2020-06-06T00:00:00.000","Transitional Independent Living (HYA)","2","25","0.08"
"2020-06-06T00:00:00.000","Transitional Independent Living (TIL)","73","494","0.15"
"2020-06-07T00:00:00.000","Crisis Shelters","84","258","0.33"
"2020-06-07T00:00:00.000","Transitional Independent Living (HYA)","2","25","0.08"
"2020-06-07T00:00:00.000","Transitional Independent Living (TIL)","79","494","0.16"
"2020-06-08T00:00:00.000","Crisis Shelters","77","258","0.3"
"2020-06-08T00:00:00.000","Transitional Independent Living (HYA)","2","25","0.08"
"2020-06-08T00:00:00.000","Transitional Independent Living (TIL)","81","494","0.16"
"2020-06-09T00:00:00.000","Crisis Shelters","85","258","0.33"
"2020-06-09T00:00:00.000","Transitional Independent Living (HYA)","2","25","0.08"
"2020-06-09T00:00:00.000","Transitional Independent Living (TIL)","76","494","0.15"
"2020-06-10T00:00:00.000","Crisis Shelters","81","258","0.31"
"2020-06-10T00:00:00.000","Transitional Independent Living (HYA)","1","25","0.04"
"2020-06-10T00:00:00.000","Transitional Independent Living (TIL)","76","494","0.15"
"2020-06-11T00:00:00.000","Crisis Shelters","90","258","0.35"
"2020-06-11T00:00:00.000","Transitional Independent Living (HYA)","1","25","0.04"
"2020-06-11T00:00:00.000","Transitional Independent Living (TIL)","77","494","0.16"
"2020-06-12T00:00:00.000","Crisis Shelters","97","258","0.38"
"2020-06-12T00:00:00.000","Transitional Independent Living (HYA)","1","25","0.04"
"2020-06-12T00:00:00.000","Transitional Independent Living (TIL)","78","494","0.16"
"2020-06-13T00:00:00.000","Crisis Shelters","95","258","0.37"
"2020-06-13T00:00:00.000","Transitional Independent Living (HYA)","1","25","0.04"
"2020-06-13T00:00:00.000","Transitional Independent Living (TIL)","82","494","0.17"
"2020-06-14T00:00:00.000","Crisis Shelters","95","258","0.37"
"2020-06-14T00:00:00.000","Transitional Independent Living (HYA)","1","25","0.04"
"2020-06-14T00:00:00.000","Transitional Independent Living (TIL)","82","494","0.17"
"2020-06-15T00:00:00.000","Crisis Shelters","99","258","0.38"
"2020-06-15T00:00:00.000","Transitional Independent Living (HYA)","1","25","0.04"
"2020-06-15T00:00:00.000","Transitional Independent Living (TIL)","84","494","0.17"
"2020-06-16T00:00:00.000","Crisis Shelters","92","258","0.36"
"2020-06-16T00:00:00.000","Transitional Independent Living (HYA)","1","25","0.04"
"2020-06-16T00:00:00.000","Transitional Independent Living (TIL)","86","494","0.17"
"2020-06-17T00:00:00.000","Crisis Shelters","93","258","0.36"
"2020-06-17T00:00:00.000","Transitional Independent Living (HYA)","1","25","0.04"
"2020-06-17T00:00:00.000","Transitional Independent Living (TIL)","90","494","0.18"
"2020-06-18T00:00:00.000","Crisis Shelters","94","258","0.36"
"2020-06-18T00:00:00.000","Transitional Independent Living (HYA)","1","25","0.04"
"2020-06-18T00:00:00.000","Transitional Independent Living (TIL)","91","494","0.18"
"2020-06-19T00:00:00.000","Crisis Shelters","100","258","0.39"
"2020-06-19T00:00:00.000","Transitional Independent Living (HYA)","1","25","0.04"
"2020-06-19T00:00:00.000","Transitional Independent Living (TIL)","91","494","0.18"
"2020-06-20T00:00:00.000","Crisis Shelters","97","258","0.38"
"2020-06-20T00:00:00.000","Transitional Independent Living (HYA)","1","25","0.04"
"2020-06-20T00:00:00.000","Transitional Independent Living (TIL)","90","494","0.18"
"2020-06-21T00:00:00.000","Crisis Shelters","103","258","0.4"
"2020-06-21T00:00:00.000","Transitional Independent Living (HYA)","2","25","0.08"
"2020-06-21T00:00:00.000","Transitional Independent Living (TIL)","91","494","0.18"
"2020-06-22T00:00:00.000","Crisis Shelters","106","258","0.41"
"2020-06-22T00:00:00.000","Transitional Independent Living (HYA)","2","25","0.08"
"2020-06-22T00:00:00.000","Transitional Independent Living (TIL)","94","494","0.19"
"2020-06-23T00:00:00.000","Crisis Shelters","99","258","0.38"
"2020-06-23T00:00:00.000","Transitional Independent Living (HYA)","2","25","0.08"
"2020-06-23T00:00:00.000","Transitional Independent Living (TIL)","96","494","0.19"
"2020-06-24T00:00:00.000","Crisis Shelters","97","258","0.38"
"2020-06-24T00:00:00.000","Transitional Independent Living (HYA)","2","25","0.08"
"2020-06-24T00:00:00.000","Transitional Independent Living (TIL)","97","494","0.2"
"2020-06-25T00:00:00.000","Crisis Shelters","96","258","0.37"
"2020-06-25T00:00:00.000","Transitional Independent Living (HYA)","2","25","0.08"
"2020-06-25T00:00:00.000","Transitional Independent Living (TIL)","99","494","0.2"
"2020-06-26T00:00:00.000","Crisis Shelters","99","258","0.38"
"2020-06-26T00:00:00.000","Transitional Independent Living (HYA)","2","25","0.08"
"2020-06-26T00:00:00.000","Transitional Independent Living (TIL)","97","494","0.2"
"2020-06-27T00:00:00.000","Crisis Shelters","100","258","0.39"
"2020-06-27T00:00:00.000","Transitional Independent Living (HYA)","2","25","0.08"
"2020-06-27T00:00:00.000","Transitional Independent Living (TIL)","97","494","0.2"
"2020-06-28T00:00:00.000","Crisis Shelters","101","258","0.39"
"2020-06-28T00:00:00.000","Transitional Independent Living (HYA)","2","25","0.08"
"2020-06-28T00:00:00.000","Transitional Independent Living (TIL)","99","494","0.2"
"2020-06-29T00:00:00.000","Crisis Shelters","98","258","0.38"
"2020-06-29T00:00:00.000","Transitional Independent Living (HYA)","2","25","0.08"
"2020-06-29T00:00:00.000","Transitional Independent Living (TIL)","98","494","0.2"
"2020-06-30T00:00:00.000","Crisis Shelters","97","258","0.38"
"2020-06-30T00:00:00.000","Transitional Independent Living (HYA)","4","25","0.16"
"2020-06-30T00:00:00.000","Transitional Independent Living (TIL)","101","494","0.2"
"2020-07-01T00:00:00.000","Crisis Shelters","89","258","0.34"
"2020-07-01T00:00:00.000","Transitional Independent Living (HYA)","3","25","0.12"
"2020-07-01T00:00:00.000","Transitional Independent Living (TIL)","99","494","0.2"
"2020-07-02T00:00:00.000","Crisis Shelters","97","258","0.38"
"2020-07-02T00:00:00.000","Transitional Independent Living (HYA)","3","25","0.12"
"2020-07-02T00:00:00.000","Transitional Independent Living (TIL)","103","494","0.21"
"2020-07-03T00:00:00.000","Crisis Shelters","94","258","0.36"
"2020-07-03T00:00:00.000","Transitional Independent Living (HYA)","3","25","0.12"
"2020-07-03T00:00:00.000","Transitional Independent Living (TIL)","103","494","0.21"
"2020-07-04T00:00:00.000","Crisis Shelters","97","258","0.38"
"2020-07-04T00:00:00.000","Transitional Independent Living (HYA)","3","25","0.12"
"2020-07-04T00:00:00.000","Transitional Independent Living (TIL)","105","494","0.21"
"2020-07-05T00:00:00.000","Crisis Shelters","105","258","0.41"
"2020-07-05T00:00:00.000","Transitional Independent Living (HYA)","4","25","0.16"
"2020-07-05T00:00:00.000","Transitional Independent Living (TIL)","108","494","0.22"
"2020-07-06T00:00:00.000","Crisis Shelters","107","258","0.41"
"2020-07-06T00:00:00.000","Transitional Independent Living (HYA)","4","25","0.16"
"2020-07-06T00:00:00.000","Transitional Independent Living (TIL)","112","494","0.23"
"2020-07-07T00:00:00.000","Crisis Shelters","104","258","0.4"
"2020-07-07T00:00:00.000","Transitional Independent Living (HYA)","5","25","0.2"
"2020-07-07T00:00:00.000","Transitional Independent Living (TIL)","110","494","0.22"
"2020-07-08T00:00:00.000","Crisis Shelters","103","258","0.4"
"2020-07-08T00:00:00.000","Transitional Independent Living (HYA)","5","25","0.2"
"2020-07-08T00:00:00.000","Transitional Independent Living (TIL)","115","494","0.23"
"2020-07-09T00:00:00.000","Crisis Shelters","103","258","0.4"
"2020-07-09T00:00:00.000","Transitional Independent Living (HYA)","5","25","0.2"
"2020-07-09T00:00:00.000","Transitional Independent Living (TIL)","111","494","0.22"
"2020-07-10T00:00:00.000","Crisis Shelters","101","258","0.39"
"2020-07-10T00:00:00.000","Transitional Independent Living (HYA)","5","25","0.2"
"2020-07-10T00:00:00.000","Transitional Independent Living (TIL)","112","494","0.23"
"2020-07-11T00:00:00.000","Crisis Shelters","103","258","0.4"
"2020-07-11T00:00:00.000","Transitional Independent Living (HYA)","5","25","0.2"
"2020-07-11T00:00:00.000","Transitional Independent Living (TIL)","114","494","0.23"
"2020-07-12T00:00:00.000","Crisis Shelters","105","258","0.41"
"2020-07-12T00:00:00.000","Transitional Independent Living (HYA)","5","25","0.2"
"2020-07-12T00:00:00.000","Transitional Independent Living (TIL)","115","494","0.23"
"2020-07-13T00:00:00.000","Crisis Shelters","96","258","0.37"
"2020-07-13T00:00:00.000","Transitional Independent Living (HYA)","3","25","0.12"
"2020-07-13T00:00:00.000","Transitional Independent Living (TIL)","123","494","0.25"
"2020-07-14T00:00:00.000","Crisis Shelters","90","258","0.35"
"2020-07-14T00:00:00.000","Transitional Independent Living (HYA)","3","25","0.12"
"2020-07-14T00:00:00.000","Transitional Independent Living (TIL)","125","494","0.25"
"2020-07-15T00:00:00.000","Crisis Shelters","90","258","0.35"
"2020-07-15T00:00:00.000","Transitional Independent Living (HYA)","4","25","0.16"
"2020-07-15T00:00:00.000","Transitional Independent Living (TIL)","126","494","0.26"
"2020-07-16T00:00:00.000","Crisis Shelters","87","258","0.34"
"2020-07-16T00:00:00.000","Transitional Independent Living (HYA)","4","25","0.16"
"2020-07-16T00:00:00.000","Transitional Independent Living (TIL)","129","494","0.26"
"2020-07-17T00:00:00.000","Crisis Shelters","88","258","0.34"
"2020-07-17T00:00:00.000","Transitional Independent Living (HYA)","4","25","0.16"
"2020-07-17T00:00:00.000","Transitional Independent Living (TIL)","129","494","0.26"
"2020-07-18T00:00:00.000","Crisis Shelters","89","258","0.34"
"2020-07-18T00:00:00.000","Transitional Independent Living (HYA)","4","25","0.16"
"2020-07-18T00:00:00.000","Transitional Independent Living (TIL)","129","494","0.26"
"2020-07-19T00:00:00.000","Crisis Shelters","92","258","0.36"
"2020-07-19T00:00:00.000","Transitional Independent Living (HYA)","4","25","0.16"
"2020-07-19T00:00:00.000","Transitional Independent Living (TIL)","128","494","0.26"
"2020-07-20T00:00:00.000","Crisis Shelters","97","258","0.38"
"2020-07-20T00:00:00.000","Transitional Independent Living (HYA)","4","25","0.16"
"2020-07-20T00:00:00.000","Transitional Independent Living (TIL)","124","494","0.25"
"2020-07-21T00:00:00.000","Crisis Shelters","99","258","0.38"
"2020-07-21T00:00:00.000","Transitional Independent Living (HYA)","4","25","0.16"
"2020-07-21T00:00:00.000","Transitional Independent Living (TIL)","118","494","0.24"
"2020-07-22T00:00:00.000","Crisis Shelters","98","258","0.38"
"2020-07-22T00:00:00.000","Transitional Independent Living (HYA)","3","25","0.12"
"2020-07-22T00:00:00.000","Transitional Independent Living (TIL)","118","494","0.24"
"2020-07-23T00:00:00.000","Crisis Shelters","96","258","0.37"
"2020-07-23T00:00:00.000","Transitional Independent Living (HYA)","3","25","0.12"
"2020-07-23T00:00:00.000","Transitional Independent Living (TIL)","118","494","0.24"
"2020-07-24T00:00:00.000","Crisis Shelters","91","258","0.35"
"2020-07-24T00:00:00.000","Transitional Independent Living (HYA)","3","25","0.12"
"2020-07-24T00:00:00.000","Transitional Independent Living (TIL)","115","494","0.23"
"2020-07-25T00:00:00.000","Crisis Shelters","90","258","0.35"
"2020-07-25T00:00:00.000","Transitional Independent Living (HYA)","3","25","0.12"
"2020-07-25T00:00:00.000","Transitional Independent Living (TIL)","114","494","0.23"
"2020-07-26T00:00:00.000","Crisis Shelters","89","258","0.34"
"2020-07-26T00:00:00.000","Transitional Independent Living (HYA)","3","25","0.12"
"2020-07-26T00:00:00.000","Transitional Independent Living (TIL)","116","494","0.23"
"2020-07-27T00:00:00.000","Crisis Shelters","85","258","0.33"
"2020-07-27T00:00:00.000","Transitional Independent Living (HYA)","2","25","0.08"
"2020-07-27T00:00:00.000","Transitional Independent Living (TIL)","118","494","0.24"
"2020-07-28T00:00:00.000","Crisis Shelters","85","258","0.33"
"2020-07-28T00:00:00.000","Transitional Independent Living (HYA)","2","25","0.08"
"2020-07-28T00:00:00.000","Transitional Independent Living (TIL)","114","494","0.23"
"2020-07-29T00:00:00.000","Crisis Shelters","82","258","0.32"
"2020-07-29T00:00:00.000","Transitional Independent Living (HYA)","3","25","0.12"
"2020-07-29T00:00:00.000","Transitional Independent Living (TIL)","113","494","0.23"
"2020-07-30T00:00:00.000","Crisis Shelters","77","258","0.3"
"2020-07-30T00:00:00.000","Transitional Independent Living (HYA)","3","25","0.12"
"2020-07-30T00:00:00.000","Transitional Independent Living (TIL)","115","494","0.23"
"2020-07-31T00:00:00.000","Crisis Shelters","82","258","0.32"
"2020-07-31T00:00:00.000","Transitional Independent Living (HYA)","3","25","0.12"
"2020-07-31T00:00:00.000","Transitional Independent Living (TIL)","114","494","0.23"
"2020-08-01T00:00:00.000","Crisis Shelters","88","258","0.34"
"2020-08-01T00:00:00.000","Transitional Independent Living (HYA)","3","25","0.12"
"2020-08-01T00:00:00.000","Transitional Independent Living (TIL)","113","494","0.23"
"2020-08-02T00:00:00.000","Crisis Shelters","83","258","0.32"
"2020-08-02T00:00:00.000","Transitional Independent Living (HYA)","3","25","0.12"
"2020-08-02T00:00:00.000","Transitional Independent Living (TIL)","114","494","0.23"
"2020-08-03T00:00:00.000","Crisis Shelters","78","258","0.3"
"2020-08-03T00:00:00.000","Transitional Independent Living (HYA)","3","25","0.12"
"2020-08-03T00:00:00.000","Transitional Independent Living (TIL)","114","494","0.23"
"2020-08-04T00:00:00.000","Crisis Shelters","80","258","0.31"
"2020-08-04T00:00:00.000","Transitional Independent Living (HYA)","3","25","0.12"
"2020-08-04T00:00:00.000","Transitional Independent Living (TIL)","118","494","0.24"
"2020-08-05T00:00:00.000","Crisis Shelters","78","258","0.3"
"2020-08-05T00:00:00.000","Transitional Independent Living (HYA)","2","25","0.08"
"2020-08-05T00:00:00.000","Transitional Independent Living (TIL)","117","494","0.24"
"2020-08-06T00:00:00.000","Crisis Shelters","78","258","0.3"
"2020-08-06T00:00:00.000","Transitional Independent Living (HYA)","2","25","0.08"
"2020-08-06T00:00:00.000","Transitional Independent Living (TIL)","116","494","0.23"
"2020-08-07T00:00:00.000","Crisis Shelters","81","258","0.31"
"2020-08-07T00:00:00.000","Transitional Independent Living (HYA)","2","25","0.08"
"2020-08-07T00:00:00.000","Transitional Independent Living (TIL)","114","494","0.23"
"2020-08-08T00:00:00.000","Crisis Shelters","80","258","0.31"
"2020-08-08T00:00:00.000","Transitional Independent Living (HYA)","2","25","0.08"
"2020-08-08T00:00:00.000","Transitional Independent Living (TIL)","114","494","0.23"
"2020-08-09T00:00:00.000","Crisis Shelters","83","258","0.32"
"2020-08-09T00:00:00.000","Transitional Independent Living (HYA)","3","25","0.12"
"2020-08-09T00:00:00.000","Transitional Independent Living (TIL)","113","494","0.23"
"2020-08-10T00:00:00.000","Crisis Shelters","81","258","0.31"
"2020-08-10T00:00:00.000","Transitional Independent Living (HYA)","3","25","0.12"
"2020-08-10T00:00:00.000","Transitional Independent Living (TIL)","112","494","0.23"
"2020-08-11T00:00:00.000","Crisis Shelters","82","258","0.32"
"2020-08-11T00:00:00.000","Transitional Independent Living (HYA)","3","25","0.12"
"2020-08-11T00:00:00.000","Transitional Independent Living (TIL)","110","494","0.22"
"2020-08-12T00:00:00.000","Crisis Shelters","80","258","0.31"
"2020-08-12T00:00:00.000","Transitional Independent Living (HYA)","3","25","0.12"
"2020-08-12T00:00:00.000","Transitional Independent Living (TIL)","113","494","0.23"
"2020-08-13T00:00:00.000","Crisis Shelters","83","258","0.32"
"2020-08-13T00:00:00.000","Transitional Independent Living (HYA)","2","25","0.08"
"2020-08-13T00:00:00.000","Transitional Independent Living (TIL)","119","494","0.24"
"2020-08-14T00:00:00.000","Crisis Shelters","83","258","0.32"
"2020-08-14T00:00:00.000","Transitional Independent Living (HYA)","2","25","0.08"
"2020-08-14T00:00:00.000","Transitional Independent Living (TIL)","118","494","0.24"
"2020-08-15T00:00:00.000","Crisis Shelters","96","258","0.37"
"2020-08-15T00:00:00.000","Transitional Independent Living (HYA)","2","25","0.08"
"2020-08-15T00:00:00.000","Transitional Independent Living (TIL)","119","494","0.24"
"2020-08-16T00:00:00.000","Crisis Shelters","95","258","0.37"
"2020-08-16T00:00:00.000","Transitional Independent Living (HYA)","2","25","0.08"
"2020-08-16T00:00:00.000","Transitional Independent Living (TIL)","120","494","0.24"
"2020-08-17T00:00:00.000","Crisis Shelters","95","258","0.37"
"2020-08-17T00:00:00.000","Transitional Independent Living (HYA)","2","25","0.08"
"2020-08-17T00:00:00.000","Transitional Independent Living (TIL)","118","494","0.24"
"2020-08-18T00:00:00.000","Crisis Shelters","88","258","0.34"
"2020-08-18T00:00:00.000","Transitional Independent Living (HYA)","2","25","0.08"
"2020-08-18T00:00:00.000","Transitional Independent Living (TIL)","118","494","0.24"
"2020-08-19T00:00:00.000","Crisis Shelters","89","258","0.34"
"2020-08-19T00:00:00.000","Transitional Independent Living (HYA)","3","25","0.12"
"2020-08-19T00:00:00.000","Transitional Independent Living (TIL)","116","494","0.23"
"2020-08-20T00:00:00.000","Crisis Shelters","87","258","0.34"
"2020-08-20T00:00:00.000","Transitional Independent Living (HYA)","2","25","0.08"
"2020-08-20T00:00:00.000","Transitional Independent Living (TIL)","117","494","0.24"
"2020-08-21T00:00:00.000","Crisis Shelters","91","258","0.35"
"2020-08-21T00:00:00.000","Transitional Independent Living (HYA)","1","25","0.04"
"2020-08-21T00:00:00.000","Transitional Independent Living (TIL)","116","494","0.23"
"2020-08-22T00:00:00.000","Crisis Shelters","94","258","0.36"
"2020-08-22T00:00:00.000","Transitional Independent Living (HYA)","1","25","0.04"
"2020-08-22T00:00:00.000","Transitional Independent Living (TIL)","118","494","0.24"
"2020-08-23T00:00:00.000","Crisis Shelters","96","258","0.37"
"2020-08-23T00:00:00.000","Transitional Independent Living (HYA)","1","25","0.04"
"2020-08-23T00:00:00.000","Transitional Independent Living (TIL)","118","494","0.24"
"2020-08-24T00:00:00.000","Crisis Shelters","95","258","0.37"
"2020-08-24T00:00:00.000","Transitional Independent Living (HYA)","1","25","0.04"
"2020-08-24T00:00:00.000","Transitional Independent Living (TIL)","117","494","0.24"
"2020-08-25T00:00:00.000","Crisis Shelters","102","258","0.4"
"2020-08-25T00:00:00.000","Transitional Independent Living (HYA)","1","25","0.04"
"2020-08-25T00:00:00.000","Transitional Independent Living (TIL)","114","494","0.23"
"2020-08-26T00:00:00.000","Crisis Shelters","101","258","0.39"
"2020-08-26T00:00:00.000","Transitional Independent Living (HYA)","1","25","0.04"
"2020-08-26T00:00:00.000","Transitional Independent Living (TIL)","112","494","0.23"
"2020-08-27T00:00:00.000","Crisis Shelters","101","258","0.39"
"2020-08-27T00:00:00.000","Transitional Independent Living (HYA)","1","25","0.04"
"2020-08-27T00:00:00.000","Transitional Independent Living (TIL)","112","494","0.23"
"2020-08-28T00:00:00.000","Crisis Shelters","98","258","0.38"
"2020-08-28T00:00:00.000","Transitional Independent Living (HYA)","1","25","0.04"
"2020-08-28T00:00:00.000","Transitional Independent Living (TIL)","117","494","0.24"
"2020-08-29T00:00:00.000","Crisis Shelters","96","258","0.37"
"2020-08-29T00:00:00.000","Transitional Independent Living (HYA)","0","25","0"
"2020-08-29T00:00:00.000","Transitional Independent Living (TIL)","120","494","0.24"
"2020-08-30T00:00:00.000","Crisis Shelters","100","258","0.39"
"2020-08-30T00:00:00.000","Transitional Independent Living (HYA)","0","25","0"
"2020-08-30T00:00:00.000","Transitional Independent Living (TIL)","121","494","0.24"
"2020-08-31T00:00:00.000","Crisis Shelters","90","258","0.35"
"2020-08-31T00:00:00.000","Transitional Independent Living (HYA)","0","25","0"
"2020-08-31T00:00:00.000","Transitional Independent Living (TIL)","120","494","0.24"
"2020-09-01T00:00:00.000","Crisis Shelters","88","258","0.34"
"2020-09-01T00:00:00.000","Transitional Independent Living (HYA)","0","25","0"
"2020-09-01T00:00:00.000","Transitional Independent Living (TIL)","121","494","0.24"
"2020-09-02T00:00:00.000","Crisis Shelters","93","258","0.36"
"2020-09-02T00:00:00.000","Transitional Independent Living (HYA)","0","25","0"
"2020-09-02T00:00:00.000","Transitional Independent Living (TIL)","120","494","0.24"
"2020-09-03T00:00:00.000","Crisis Shelters","85","258","0.33"
"2020-09-03T00:00:00.000","Transitional Independent Living (HYA)","1","25","0.04"
"2020-09-03T00:00:00.000","Transitional Independent Living (TIL)","121","494","0.24"
"2020-09-04T00:00:00.000","Crisis Shelters","85","258","0.33"
"2020-09-04T00:00:00.000","Transitional Independent Living (HYA)","2","25","0.08"
"2020-09-04T00:00:00.000","Transitional Independent Living (TIL)","119","494","0.24"
"2020-09-05T00:00:00.000","Crisis Shelters","82","258","0.32"
"2020-09-05T00:00:00.000","Transitional Independent Living (HYA)","2","25","0.08"
"2020-09-05T00:00:00.000","Transitional Independent Living (TIL)","120","494","0.24"
"2020-09-06T00:00:00.000","Crisis Shelters","87","258","0.34"
"2020-09-06T00:00:00.000","Transitional Independent Living (HYA)","2","25","0.08"
"2020-09-06T00:00:00.000","Transitional Independent Living (TIL)","119","494","0.24"
"2020-09-07T00:00:00.000","Crisis Shelters","88","258","0.34"
"2020-09-07T00:00:00.000","Transitional Independent Living (HYA)","1","25","0.04"
"2020-09-07T00:00:00.000","Transitional Independent Living (TIL)","117","494","0.24"
"2020-09-08T00:00:00.000","Crisis Shelters","80","258","0.31"
"2020-09-08T00:00:00.000","Transitional Independent Living (HYA)","1","25","0.04"
"2020-09-08T00:00:00.000","Transitional Independent Living (TIL)","119","494","0.24"
"2020-09-09T00:00:00.000","Crisis Shelters","80","258","0.31"
"2020-09-09T00:00:00.000","Transitional Independent Living (HYA)","1","25","0.04"
"2020-09-09T00:00:00.000","Transitional Independent Living (TIL)","119","494","0.24"
"2020-09-10T00:00:00.000","Crisis Shelters","76","258","0.29"
"2020-09-10T00:00:00.000","Transitional Independent Living (HYA)","1","25","0.04"
"2020-09-10T00:00:00.000","Transitional Independent Living (TIL)","119","494","0.24"
"2020-09-11T00:00:00.000","Crisis Shelters","74","258","0.29"
"2020-09-11T00:00:00.000","Transitional Independent Living (HYA)","1","25","0.04"
"2020-09-11T00:00:00.000","Transitional Independent Living (TIL)","117","494","0.24"
"2020-09-12T00:00:00.000","Crisis Shelters","70","258","0.27"
"2020-09-12T00:00:00.000","Transitional Independent Living (HYA)","1","25","0.04"
"2020-09-12T00:00:00.000","Transitional Independent Living (TIL)","118","494","0.24"
"2020-09-13T00:00:00.000","Crisis Shelters","73","258","0.28"
"2020-09-13T00:00:00.000","Transitional Independent Living (HYA)","1","25","0.04"
"2020-09-13T00:00:00.000","Transitional Independent Living (TIL)","119","494","0.24"
"2020-09-14T00:00:00.000","Crisis Shelters","71","258","0.28"
"2020-09-14T00:00:00.000","Transitional Independent Living (HYA)","1","25","0.04"
"2020-09-14T00:00:00.000","Transitional Independent Living (TIL)","120","494","0.24"
"2020-09-15T00:00:00.000","Crisis Shelters","71","258","0.28"
"2020-09-15T00:00:00.000","Transitional Independent Living (HYA)","1","25","0.04"
"2020-09-15T00:00:00.000","Transitional Independent Living (TIL)","121","494","0.24"
"2020-09-16T00:00:00.000","Crisis Shelters","73","258","0.28"
"2020-09-16T00:00:00.000","Transitional Independent Living (HYA)","1","25","0.04"
"2020-09-16T00:00:00.000","Transitional Independent Living (TIL)","121","494","0.24"
"2020-09-17T00:00:00.000","Crisis Shelters","76","258","0.29"
"2020-09-17T00:00:00.000","Transitional Independent Living (HYA)","1","25","0.04"
"2020-09-17T00:00:00.000","Transitional Independent Living (TIL)","122","494","0.25"
"2020-09-18T00:00:00.000","Crisis Shelters","70","258","0.27"
"2020-09-18T00:00:00.000","Transitional Independent Living (HYA)","1","25","0.04"
"2020-09-18T00:00:00.000","Transitional Independent Living (TIL)","124","494","0.25"
"2020-09-19T00:00:00.000","Crisis Shelters","67","258","0.26"
"2020-09-19T00:00:00.000","Transitional Independent Living (HYA)","1","25","0.04"
"2020-09-19T00:00:00.000","Transitional Independent Living (TIL)","126","494","0.26"
"2020-09-20T00:00:00.000","Crisis Shelters","68","258","0.26"
"2020-09-20T00:00:00.000","Transitional Independent Living (HYA)","1","25","0.04"
"2020-09-20T00:00:00.000","Transitional Independent Living (TIL)","126","494","0.26"
"2020-09-21T00:00:00.000","Crisis Shelters","69","258","0.27"
"2020-09-21T00:00:00.000","Transitional Independent Living (HYA)","1","25","0.04"
"2020-09-21T00:00:00.000","Transitional Independent Living (TIL)","127","494","0.26"
"2020-09-22T00:00:00.000","Crisis Shelters","66","258","0.26"
"2020-09-22T00:00:00.000","Transitional Independent Living (HYA)","2","25","0.08"
"2020-09-22T00:00:00.000","Transitional Independent Living (TIL)","128","494","0.26"
"2020-09-23T00:00:00.000","Crisis Shelters","66","258","0.26"
"2020-09-23T00:00:00.000","Transitional Independent Living (HYA)","1","25","0.04"
"2020-09-23T00:00:00.000","Transitional Independent Living (TIL)","125","494","0.25"
"2020-09-24T00:00:00.000","Crisis Shelters","72","258","0.28"
"2020-09-24T00:00:00.000","Transitional Independent Living (HYA)","1","25","0.04"
"2020-09-24T00:00:00.000","Transitional Independent Living (TIL)","121","494","0.24"
"2020-09-25T00:00:00.000","Crisis Shelters","76","258","0.29"
"2020-09-25T00:00:00.000","Transitional Independent Living (HYA)","1","25","0.04"
"2020-09-25T00:00:00.000","Transitional Independent Living (TIL)","123","494","0.25"
"2020-09-26T00:00:00.000","Crisis Shelters","79","258","0.31"
"2020-09-26T00:00:00.000","Transitional Independent Living (HYA)","0","25","0"
"2020-09-26T00:00:00.000","Transitional Independent Living (TIL)","125","494","0.25"
"2020-09-27T00:00:00.000","Crisis Shelters","77","258","0.3"
"2020-09-27T00:00:00.000","Transitional Independent Living (HYA)","0","25","0"
"2020-09-27T00:00:00.000","Transitional Independent Living (TIL)","126","494","0.26"
"2020-09-28T00:00:00.000","Crisis Shelters","75","258","0.29"
"2020-09-28T00:00:00.000","Transitional Independent Living (HYA)","0","25","0"
"2020-09-28T00:00:00.000","Transitional Independent Living (TIL)","123","494","0.25"
"2020-09-29T00:00:00.000","Crisis Shelters","76","258","0.29"
"2020-09-29T00:00:00.000","Transitional Independent Living (HYA)","0","25","0"
"2020-09-29T00:00:00.000","Transitional Independent Living (TIL)","123","494","0.25"
"2020-09-30T00:00:00.000","Crisis Shelters","77","258","0.3"
"2020-09-30T00:00:00.000","Transitional Independent Living (HYA)","0","25","0"
"2020-09-30T00:00:00.000","Transitional Independent Living (TIL)","125","494","0.25"
"2020-10-01T00:00:00.000","Crisis Shelters","72","258","0.28"
"2020-10-01T00:00:00.000","Transitional Independent Living (HYA)","0","25","0"
"2020-10-01T00:00:00.000","Transitional Independent Living (TIL)","128","494","0.26"
"2020-10-02T00:00:00.000","Crisis Shelters","71","258","0.28"
"2020-10-02T00:00:00.000","Transitional Independent Living (HYA)","2","25","0.08"
"2020-10-02T00:00:00.000","Transitional Independent Living (TIL)","129","494","0.26"
"2020-10-03T00:00:00.000","Crisis Shelters","69","258","0.27"
"2020-10-03T00:00:00.000","Transitional Independent Living (HYA)","1","25","0.04"
"2020-10-03T00:00:00.000","Transitional Independent Living (TIL)","131","494","0.27"
"2020-10-04T00:00:00.000","Crisis Shelters","77","258","0.3"
"2020-10-04T00:00:00.000","Transitional Independent Living (HYA)","1","25","0.04"
"2020-10-04T00:00:00.000","Transitional Independent Living (TIL)","133","494","0.27"
"2020-10-05T00:00:00.000","Crisis Shelters","72","258","0.28"
"2020-10-05T00:00:00.000","Transitional Independent Living (HYA)","0","25","0"
"2020-10-05T00:00:00.000","Transitional Independent Living (TIL)","131","494","0.27"
"2020-10-06T00:00:00.000","Crisis Shelters","70","258","0.27"
"2020-10-06T00:00:00.000","Transitional Independent Living (HYA)","0","25","0"
"2020-10-06T00:00:00.000","Transitional Independent Living (TIL)","129","494","0.26"
"2020-10-07T00:00:00.000","Crisis Shelters","72","258","0.28"
"2020-10-07T00:00:00.000","Transitional Independent Living (HYA)","0","25","0"
"2020-10-07T00:00:00.000","Transitional Independent Living (TIL)","128","494","0.26"
"2020-10-08T00:00:00.000","Crisis Shelters","70","258","0.27"
"2020-10-08T00:00:00.000","Transitional Independent Living (HYA)","0","25","0"
"2020-10-08T00:00:00.000","Transitional Independent Living (TIL)","128","494","0.26"
"2020-10-09T00:00:00.000","Crisis Shelters","78","258","0.3"
"2020-10-09T00:00:00.000","Transitional Independent Living (HYA)","0","25","0"
"2020-10-09T00:00:00.000","Transitional Independent Living (TIL)","130","494","0.26"
"2020-10-10T00:00:00.000","Crisis Shelters","79","258","0.31"
"2020-10-10T00:00:00.000","Transitional Independent Living (HYA)","0","25","0"
"2020-10-10T00:00:00.000","Transitional Independent Living (TIL)","131","494","0.27"
"2020-10-11T00:00:00.000","Crisis Shelters","81","258","0.31"
"2020-10-11T00:00:00.000","Transitional Independent Living (HYA)","0","25","0"
"2020-10-11T00:00:00.000","Transitional Independent Living (TIL)","131","494","0.27"
"2020-10-12T00:00:00.000","Crisis Shelters","82","258","0.32"
"2020-10-12T00:00:00.000","Transitional Independent Living (HYA)","0","25","0"
"2020-10-12T00:00:00.000","Transitional Independent Living (TIL)","131","494","0.27"
"2020-10-13T00:00:00.000","Crisis Shelters","79","258","0.31"
"2020-10-13T00:00:00.000","Transitional Independent Living (HYA)","1","25","0.04"
"2020-10-13T00:00:00.000","Transitional Independent Living (TIL)","131","494","0.27"
"2020-10-14T00:00:00.000","Crisis Shelters","81","258","0.31"
"2020-10-14T00:00:00.000","Transitional Independent Living (HYA)","1","25","0.04"
"2020-10-14T00:00:00.000","Transitional Independent Living (TIL)","128","494","0.26"
"2020-10-15T00:00:00.000","Crisis Shelters","84","258","0.33"
"2020-10-15T00:00:00.000","Transitional Independent Living (HYA)","1","25","0.04"
"2020-10-15T00:00:00.000","Transitional Independent Living (TIL)","129","494","0.26"
"2020-10-16T00:00:00.000","Crisis Shelters","75","258","0.29"
"2020-10-16T00:00:00.000","Transitional Independent Living (HYA)","1","25","0.04"
"2020-10-16T00:00:00.000","Transitional Independent Living (TIL)","128","494","0.26"
"2020-10-17T00:00:00.000","Crisis Shelters","75","258","0.29"
"2020-10-17T00:00:00.000","Transitional Independent Living (HYA)","1","25","0.04"
"2020-10-17T00:00:00.000","Transitional Independent Living (TIL)","125","494","0.25"
"2020-10-18T00:00:00.000","Crisis Shelters","71","258","0.28"
"2020-10-18T00:00:00.000","Transitional Independent Living (HYA)","1","25","0.04"
"2020-10-18T00:00:00.000","Transitional Independent Living (TIL)","125","494","0.25"
"2020-10-19T00:00:00.000","Crisis Shelters","70","258","0.27"
"2020-10-19T00:00:00.000","Transitional Independent Living (HYA)","1","25","0.04"
"2020-10-19T00:00:00.000","Transitional Independent Living (TIL)","126","494","0.26"
"2020-10-20T00:00:00.000","Crisis Shelters","68","258","0.26"
"2020-10-20T00:00:00.000","Transitional Independent Living (HYA)","1","25","0.04"
"2020-10-20T00:00:00.000","Transitional Independent Living (TIL)","126","494","0.26"
"2020-10-21T00:00:00.000","Crisis Shelters","70","258","0.27"
"2020-10-21T00:00:00.000","Transitional Independent Living (HYA)","1","25","0.04"
"2020-10-21T00:00:00.000","Transitional Independent Living (TIL)","126","494","0.26"
"2020-10-22T00:00:00.000","Crisis Shelters","68","258","0.26"
"2020-10-22T00:00:00.000","Transitional Independent Living (HYA)","1","25","0.04"
"2020-10-22T00:00:00.000","Transitional Independent Living (TIL)","123","494","0.25"
"2020-10-23T00:00:00.000","Crisis Shelters","81","258","0.31"
"2020-10-23T00:00:00.000","Transitional Independent Living (HYA)","1","25","0.04"
"2020-10-23T00:00:00.000","Transitional Independent Living (TIL)","116","494","0.23"
"2020-10-24T00:00:00.000","Crisis Shelters","85","258","0.33"
"2020-10-24T00:00:00.000","Transitional Independent Living (HYA)","0","25","0"
"2020-10-24T00:00:00.000","Transitional Independent Living (TIL)","115","494","0.23"
"2020-10-25T00:00:00.000","Crisis Shelters","86","258","0.33"
"2020-10-25T00:00:00.000","Transitional Independent Living (HYA)","0","25","0"
"2020-10-25T00:00:00.000","Transitional Independent Living (TIL)","116","494","0.23"
"2020-10-26T00:00:00.000","Crisis Shelters","83","258","0.32"
"2020-10-26T00:00:00.000","Transitional Independent Living (HYA)","0","25","0"
"2020-10-26T00:00:00.000","Transitional Independent Living (TIL)","116","494","0.23"
"2020-10-27T00:00:00.000","Crisis Shelters","77","258","0.3"
"2020-10-27T00:00:00.000","Transitional Independent Living (HYA)","0","25","0"
"2020-10-27T00:00:00.000","Transitional Independent Living (TIL)","112","494","0.23"
"2020-10-28T00:00:00.000","Crisis Shelters","79","258","0.31"
"2020-10-28T00:00:00.000","Transitional Independent Living (HYA)","0","25","0"
"2020-10-28T00:00:00.000","Transitional Independent Living (TIL)","109","494","0.22"
"2020-10-29T00:00:00.000","Crisis Shelters","79","258","0.31"
"2020-10-29T00:00:00.000","Transitional Independent Living (HYA)","0","25","0"
"2020-10-29T00:00:00.000","Transitional Independent Living (TIL)","107","494","0.22"
"2020-10-30T00:00:00.000","Crisis Shelters","78","258","0.3"
"2020-10-30T00:00:00.000","Transitional Independent Living (HYA)","1","25","0.04"
"2020-10-30T00:00:00.000","Transitional Independent Living (TIL)","105","494","0.21"
"2020-10-31T00:00:00.000","Crisis Shelters","86","258","0.33"
"2020-10-31T00:00:00.000","Transitional Independent Living (HYA)","1","25","0.04"
"2020-10-31T00:00:00.000","Transitional Independent Living (TIL)","105","494","0.21"
"2020-11-01T00:00:00.000","Crisis Shelters","80","258","0.31"
"2020-11-01T00:00:00.000","Transitional Independent Living (HYA)","1","25","0.04"
"2020-11-01T00:00:00.000","Transitional Independent Living (TIL)","106","494","0.21"
"2020-11-02T00:00:00.000","Crisis Shelters","80","258","0.31"
"2020-11-02T00:00:00.000","Transitional Independent Living (HYA)","0","25","0"
"2020-11-02T00:00:00.000","Transitional Independent Living (TIL)","107","494","0.22"
"2020-11-03T00:00:00.000","Crisis Shelters","71","258","0.28"
"2020-11-03T00:00:00.000","Transitional Independent Living (HYA)","0","25","0"
"2020-11-03T00:00:00.000","Transitional Independent Living (TIL)","106","494","0.21"
"2020-11-04T00:00:00.000","Crisis Shelters","76","258","0.29"
"2020-11-04T00:00:00.000","Transitional Independent Living (HYA)","0","25","0"
"2020-11-04T00:00:00.000","Transitional Independent Living (TIL)","104","494","0.21"
"2020-11-05T00:00:00.000","Crisis Shelters","79","258","0.31"
"2020-11-05T00:00:00.000","Transitional Independent Living (HYA)","0","25","0"
"2020-11-05T00:00:00.000","Transitional Independent Living (TIL)","98","494","0.2"
"2020-11-06T00:00:00.000","Crisis Shelters","73","258","0.28"
"2020-11-06T00:00:00.000","Transitional Independent Living (HYA)","0","25","0"
"2020-11-06T00:00:00.000","Transitional Independent Living (TIL)","101","494","0.2"
"2020-11-07T00:00:00.000","Crisis Shelters","78","258","0.3"
"2020-11-07T00:00:00.000","Transitional Independent Living (HYA)","0","25","0"
"2020-11-07T00:00:00.000","Transitional Independent Living (TIL)","102","494","0.21"
"2020-11-08T00:00:00.000","Crisis Shelters","74","258","0.29"
"2020-11-08T00:00:00.000","Transitional Independent Living (HYA)","0","25","0"
"2020-11-08T00:00:00.000","Transitional Independent Living (TIL)","104","494","0.21"
"2020-11-09T00:00:00.000","Crisis Shelters","72","258","0.28"
"2020-11-09T00:00:00.000","Transitional Independent Living (HYA)","0","25","0"
"2020-11-09T00:00:00.000","Transitional Independent Living (TIL)","106","494","0.21"
"2020-11-10T00:00:00.000","Crisis Shelters","72","258","0.28"
"2020-11-10T00:00:00.000","Transitional Independent Living (HYA)","0","25","0"
"2020-11-10T00:00:00.000","Transitional Independent Living (TIL)","106","494","0.21"
"2020-11-11T00:00:00.000","Crisis Shelters","78","258","0.3"
"2020-11-11T00:00:00.000","Transitional Independent Living (HYA)","0","25","0"
"2020-11-11T00:00:00.000","Transitional Independent Living (TIL)","105","494","0.21"
"2020-11-12T00:00:00.000","Crisis Shelters","76","258","0.29"
"2020-11-12T00:00:00.000","Transitional Independent Living (HYA)","0","25","0"
"2020-11-12T00:00:00.000","Transitional Independent Living (TIL)","105","494","0.21"
"2020-11-13T00:00:00.000","Crisis Shelters","75","258","0.29"
"2020-11-13T00:00:00.000","Transitional Independent Living (HYA)","0","25","0"
"2020-11-13T00:00:00.000","Transitional Independent Living (TIL)","107","494","0.22"
"2020-11-14T00:00:00.000","Crisis Shelters","68","258","0.26"
"2020-11-14T00:00:00.000","Transitional Independent Living (HYA)","1","25","0.04"
"2020-11-14T00:00:00.000","Transitional Independent Living (TIL)","108","494","0.22"
"2020-11-15T00:00:00.000","Crisis Shelters","70","258","0.27"
"2020-11-15T00:00:00.000","Transitional Independent Living (HYA)","1","25","0.04"
"2020-11-15T00:00:00.000","Transitional Independent Living (TIL)","110","494","0.22"
"2020-11-16T00:00:00.000","Crisis Shelters","70","258","0.27"
"2020-11-16T00:00:00.000","Transitional Independent Living (HYA)","2","25","0.08"
"2020-11-16T00:00:00.000","Transitional Independent Living (TIL)","111","494","0.22"
"2020-11-17T00:00:00.000","Crisis Shelters","66","258","0.26"
"2020-11-17T00:00:00.000","Transitional Independent Living (HYA)","2","25","0.08"
"2020-11-17T00:00:00.000","Transitional Independent Living (TIL)","107","494","0.22"
"2020-11-18T00:00:00.000","Crisis Shelters","67","258","0.26"
"2020-11-18T00:00:00.000","Transitional Independent Living (HYA)","1","25","0.04"
"2020-11-18T00:00:00.000","Transitional Independent Living (TIL)","103","494","0.21"
"2020-11-19T00:00:00.000","Crisis Shelters","70","258","0.27"
"2020-11-19T00:00:00.000","Transitional Independent Living (HYA)","0","25","0"
"2020-11-19T00:00:00.000","Transitional Independent Living (TIL)","104","494","0.21"
"2020-11-20T00:00:00.000","Crisis Shelters","70","258","0.27"
"2020-11-20T00:00:00.000","Transitional Independent Living (HYA)","0","25","0"
"2020-11-20T00:00:00.000","Transitional Independent Living (TIL)","101","494","0.2"
"2020-11-21T00:00:00.000","Crisis Shelters","74","258","0.29"
"2020-11-21T00:00:00.000","Transitional Independent Living (HYA)","0","25","0"
"2020-11-21T00:00:00.000","Transitional Independent Living (TIL)","101","494","0.2"
"2020-11-22T00:00:00.000","Crisis Shelters","78","258","0.3"
"2020-11-22T00:00:00.000","Transitional Independent Living (HYA)","0","25","0"
"2020-11-22T00:00:00.000","Transitional Independent Living (TIL)","100","494","0.2"
"2020-11-23T00:00:00.000","Crisis Shelters","77","258","0.3"
"2020-11-23T00:00:00.000","Transitional Independent Living (HYA)","0","25","0"
"2020-11-23T00:00:00.000","Transitional Independent Living (TIL)","102","494","0.21"
"2020-11-24T00:00:00.000","Crisis Shelters","72","258","0.28"
"2020-11-24T00:00:00.000","Transitional Independent Living (HYA)","0","25","0"
"2020-11-24T00:00:00.000","Transitional Independent Living (TIL)","100","494","0.2"
"2020-11-25T00:00:00.000","Crisis Shelters","75","258","0.29"
"2020-11-25T00:00:00.000","Transitional Independent Living (HYA)","0","25","0"
"2020-11-25T00:00:00.000","Transitional Independent Living (TIL)","99","494","0.2"
"2020-11-26T00:00:00.000","Crisis Shelters","78","258","0.3"
"2020-11-26T00:00:00.000","Transitional Independent Living (HYA)","0","25","0"
"2020-11-26T00:00:00.000","Transitional Independent Living (TIL)","99","494","0.2"
"2020-11-27T00:00:00.000","Crisis Shelters","78","258","0.3"
"2020-11-27T00:00:00.000","Transitional Independent Living (HYA)","0","25","0"
"2020-11-27T00:00:00.000","Transitional Independent Living (TIL)","101","494","0.2"
"2020-11-28T00:00:00.000","Crisis Shelters","79","258","0.31"
"2020-11-28T00:00:00.000","Transitional Independent Living (HYA)","0","25","0"
"2020-11-28T00:00:00.000","Transitional Independent Living (TIL)","102","494","0.21"
"2020-11-29T00:00:00.000","Crisis Shelters","75","258","0.29"
"2020-11-29T00:00:00.000","Transitional Independent Living (HYA)","0","25","0"
"2020-11-29T00:00:00.000","Transitional Independent Living (TIL)","105","494","0.21"
"2020-11-30T00:00:00.000","Crisis Shelters","78","258","0.3"
"2020-11-30T00:00:00.000","Transitional Independent Living (HYA)","0","25","0"
"2020-11-30T00:00:00.000","Transitional Independent Living (TIL)","105","494","0.21"
"2020-12-01T00:00:00.000","Crisis Shelters","72","258","0.28"
"2020-12-01T00:00:00.000","Transitional Independent Living (HYA)","2","25","0.08"
"2020-12-01T00:00:00.000","Transitional Independent Living (TIL)","105","494","0.21"
"2020-12-02T00:00:00.000","Crisis Shelters","69","258","0.27"
"2020-12-02T00:00:00.000","Transitional Independent Living (HYA)","1","25","0.04"
"2020-12-02T00:00:00.000","Transitional Independent Living (TIL)","105","494","0.21"
"2020-12-03T00:00:00.000","Crisis Shelters","70","258","0.27"
"2020-12-03T00:00:00.000","Transitional Independent Living (HYA)","1","25","0.04"
"2020-12-03T00:00:00.000","Transitional Independent Living (TIL)","103","494","0.21"
"2020-12-04T00:00:00.000","Crisis Shelters","74","258","0.29"
"2020-12-04T00:00:00.000","Transitional Independent Living (HYA)","1","25","0.04"
"2020-12-04T00:00:00.000","Transitional Independent Living (TIL)","99","494","0.2"
"2020-12-05T00:00:00.000","Crisis Shelters","74","258","0.29"
"2020-12-05T00:00:00.000","Transitional Independent Living (HYA)","1","25","0.04"
"2020-12-05T00:00:00.000","Transitional Independent Living (TIL)","96","494","0.19"
"2020-12-06T00:00:00.000","Crisis Shelters","72","258","0.28"
"2020-12-06T00:00:00.000","Transitional Independent Living (HYA)","1","25","0.04"
"2020-12-06T00:00:00.000","Transitional Independent Living (TIL)","96","494","0.19"
"2020-12-07T00:00:00.000","Crisis Shelters","67","258","0.26"
"2020-12-07T00:00:00.000","Transitional Independent Living (HYA)","1","25","0.04"
"2020-12-07T00:00:00.000","Transitional Independent Living (TIL)","98","494","0.2"
"2020-12-08T00:00:00.000","Crisis Shelters","72","258","0.28"
"2020-12-08T00:00:00.000","Transitional Independent Living (HYA)","1","25","0.04"
"2020-12-08T00:00:00.000","Transitional Independent Living (TIL)","95","494","0.19"
"2020-12-09T00:00:00.000","Crisis Shelters","74","258","0.29"
"2020-12-09T00:00:00.000","Transitional Independent Living (HYA)","1","25","0.04"
"2020-12-09T00:00:00.000","Transitional Independent Living (TIL)","95","494","0.19"
"2020-12-10T00:00:00.000","Crisis Shelters","77","258","0.3"
"2020-12-10T00:00:00.000","Transitional Independent Living (HYA)","1","25","0.04"
"2020-12-10T00:00:00.000","Transitional Independent Living (TIL)","94","494","0.19"
"2020-12-11T00:00:00.000","Crisis Shelters","79","258","0.31"
"2020-12-11T00:00:00.000","Transitional Independent Living (HYA)","1","25","0.04"
"2020-12-11T00:00:00.000","Transitional Independent Living (TIL)","97","494","0.2"
"2020-12-12T00:00:00.000","Crisis Shelters","76","258","0.29"
"2020-12-12T00:00:00.000","Transitional Independent Living (HYA)","1","25","0.04"
"2020-12-12T00:00:00.000","Transitional Independent Living (TIL)","98","494","0.2"
"2020-12-13T00:00:00.000","Crisis Shelters","78","258","0.3"
"2020-12-13T00:00:00.000","Transitional Independent Living (HYA)","1","25","0.04"
"2020-12-13T00:00:00.000","Transitional Independent Living (TIL)","98","494","0.2"
"2020-12-14T00:00:00.000","Crisis Shelters","78","258","0.3"
"2020-12-14T00:00:00.000","Transitional Independent Living (HYA)","1","25","0.04"
"2020-12-14T00:00:00.000","Transitional Independent Living (TIL)","96","494","0.19"
"2020-12-15T00:00:00.000","Crisis Shelters","72","258","0.28"
"2020-12-15T00:00:00.000","Transitional Independent Living (HYA)","1","25","0.04"
"2020-12-15T00:00:00.000","Transitional Independent Living (TIL)","98","494","0.2"
"2020-12-16T00:00:00.000","Crisis Shelters","66","258","0.26"
"2020-12-16T00:00:00.000","Transitional Independent Living (HYA)","1","25","0.04"
"2020-12-16T00:00:00.000","Transitional Independent Living (TIL)","98","494","0.2"
"2020-12-17T00:00:00.000","Crisis Shelters","72","258","0.28"
"2020-12-17T00:00:00.000","Transitional Independent Living (HYA)","1","25","0.04"
"2020-12-17T00:00:00.000","Transitional Independent Living (TIL)","100","494","0.2"
"2020-12-18T00:00:00.000","Crisis Shelters","72","258","0.28"
"2020-12-18T00:00:00.000","Transitional Independent Living (HYA)","1","25","0.04"
"2020-12-18T00:00:00.000","Transitional Independent Living (TIL)","101","494","0.2"
"2020-12-19T00:00:00.000","Crisis Shelters","71","258","0.28"
"2020-12-19T00:00:00.000","Transitional Independent Living (HYA)","1","25","0.04"
"2020-12-19T00:00:00.000","Transitional Independent Living (TIL)","101","494","0.2"
"2020-12-20T00:00:00.000","Crisis Shelters","75","258","0.29"
"2020-12-20T00:00:00.000","Transitional Independent Living (HYA)","1","25","0.04"
"2020-12-20T00:00:00.000","Transitional Independent Living (TIL)","102","494","0.21"
"2020-12-21T00:00:00.000","Crisis Shelters","74","258","0.29"
"2020-12-21T00:00:00.000","Transitional Independent Living (HYA)","1","25","0.04"
"2020-12-21T00:00:00.000","Transitional Independent Living (TIL)","103","494","0.21"
"2020-12-22T00:00:00.000","Crisis Shelters","71","258","0.28"
"2020-12-22T00:00:00.000","Transitional Independent Living (HYA)","1","25","0.04"
"2020-12-22T00:00:00.000","Transitional Independent Living (TIL)","101","494","0.2"
"2020-12-23T00:00:00.000","Crisis Shelters","75","258","0.29"
"2020-12-23T00:00:00.000","Transitional Independent Living (HYA)","1","25","0.04"
"2020-12-23T00:00:00.000","Transitional Independent Living (TIL)","102","494","0.21"
"2020-12-24T00:00:00.000","Crisis Shelters","77","258","0.3"
"2020-12-24T00:00:00.000","Transitional Independent Living (HYA)","1","25","0.04"
"2020-12-24T00:00:00.000","Transitional Independent Living (TIL)","102","494","0.21"
"2020-12-25T00:00:00.000","Crisis Shelters","74","258","0.29"
"2020-12-25T00:00:00.000","Transitional Independent Living (HYA)","1","25","0.04"
"2020-12-25T00:00:00.000","Transitional Independent Living (TIL)","102","494","0.21"
"2020-12-26T00:00:00.000","Crisis Shelters","73","258","0.28"
"2020-12-26T00:00:00.000","Transitional Independent Living (HYA)","1","25","0.04"
"2020-12-26T00:00:00.000","Transitional Independent Living (TIL)","104","494","0.21"
"2020-12-27T00:00:00.000","Crisis Shelters","78","258","0.3"
"2020-12-27T00:00:00.000","Transitional Independent Living (HYA)","2","25","0.08"
"2020-12-27T00:00:00.000","Transitional Independent Living (TIL)","104","494","0.21"
"2020-12-28T00:00:00.000","Crisis Shelters","76","258","0.29"
"2020-12-28T00:00:00.000","Transitional Independent Living (HYA)","3","25","0.12"
"2020-12-28T00:00:00.000","Transitional Independent Living (TIL)","106","494","0.21"
"2020-12-29T00:00:00.000","Crisis Shelters","76","258","0.29"
"2020-12-29T00:00:00.000","Transitional Independent Living (HYA)","4","25","0.16"
"2020-12-29T00:00:00.000","Transitional Independent Living (TIL)","104","494","0.21"
"2020-12-30T00:00:00.000","Crisis Shelters","74","258","0.29"
"2020-12-30T00:00:00.000","Transitional Independent Living (HYA)","4","25","0.16"
"2020-12-30T00:00:00.000","Transitional Independent Living (TIL)","103","494","0.21"
"2020-12-31T00:00:00.000","Crisis Shelters","70","258","0.27"
"2020-12-31T00:00:00.000","Crisis Shelters (HYA)","15","15","1"
"2020-12-31T00:00:00.000","Transitional Independent Living (HYA)","4","25","0.16"
"2020-12-31T00:00:00.000","Transitional Independent Living (TIL)","99","494","0.2"
"2021-01-01T00:00:00.000","Crisis Shelters","69","258","0.27"
"2021-01-01T00:00:00.000","Crisis Shelters (HYA)","15","15","1"
"2021-01-01T00:00:00.000","Transitional Independent Living (HYA)","4","25","0.16"
"2021-01-01T00:00:00.000","Transitional Independent Living (TIL)","103","494","0.21"
"2021-01-02T00:00:00.000","Crisis Shelters","67","258","0.26"
"2021-01-02T00:00:00.000","Crisis Shelters (HYA)","14","15","0.93"
"2021-01-02T00:00:00.000","Transitional Independent Living (HYA)","4","25","0.16"
"2021-01-02T00:00:00.000","Transitional Independent Living (TIL)","106","494","0.21"
"2021-01-03T00:00:00.000","Crisis Shelters","68","258","0.26"
"2021-01-03T00:00:00.000","Crisis Shelters (HYA)","9","15","0.6"
"2021-01-03T00:00:00.000","Transitional Independent Living (HYA)","4","25","0.16"
"2021-01-03T00:00:00.000","Transitional Independent Living (TIL)","110","494","0.22"
"2021-01-04T00:00:00.000","Crisis Shelters","69","258","0.27"
"2021-01-04T00:00:00.000","Crisis Shelters (HYA)","7","15","0.47"
"2021-01-04T00:00:00.000","Transitional Independent Living (HYA)","4","25","0.16"
"2021-01-04T00:00:00.000","Transitional Independent Living (TIL)","107","494","0.22"
"2021-01-05T00:00:00.000","Crisis Shelters","73","258","0.28"
"2021-01-05T00:00:00.000","Crisis Shelters (HYA)","7","15","0.47"
"2021-01-05T00:00:00.000","Transitional Independent Living (HYA)","4","25","0.16"
"2021-01-05T00:00:00.000","Transitional Independent Living (TIL)","105","494","0.21"
"2021-01-06T00:00:00.000","Crisis Shelters","68","258","0.26"
"2021-01-06T00:00:00.000","Crisis Shelters (HYA)","6","15","0.4"
"2021-01-06T00:00:00.000","Transitional Independent Living (HYA)","4","25","0.16"
"2021-01-06T00:00:00.000","Transitional Independent Living (TIL)","108","494","0.22"
"2021-01-07T00:00:00.000","Crisis Shelters","69","258","0.27"
"2021-01-07T00:00:00.000","Crisis Shelters (HYA)","6","15","0.4"
"2021-01-07T00:00:00.000","Transitional Independent Living (HYA)","4","25","0.16"
"2021-01-07T00:00:00.000","Transitional Independent Living (TIL)","111","494","0.22"
"2021-01-08T00:00:00.000","Crisis Shelters","68","258","0.26"
"2021-01-08T00:00:00.000","Crisis Shelters (HYA)","6","15","0.4"
"2021-01-08T00:00:00.000","Transitional Independent Living (HYA)","3","25","0.12"
"2021-01-08T00:00:00.000","Transitional Independent Living (TIL)","117","494","0.24"
"2021-01-09T00:00:00.000","Crisis Shelters","75","258","0.29"
"2021-01-09T00:00:00.000","Crisis Shelters (HYA)","6","15","0.4"
"2021-01-09T00:00:00.000","Transitional Independent Living (HYA)","3","25","0.12"
"2021-01-09T00:00:00.000","Transitional Independent Living (TIL)","116","494","0.23"
"2021-01-10T00:00:00.000","Crisis Shelters","77","258","0.3"
"2021-01-10T00:00:00.000","Crisis Shelters (HYA)","6","15","0.4"
"2021-01-10T00:00:00.000","Transitional Independent Living (HYA)","3","25","0.12"
"2021-01-10T00:00:00.000","Transitional Independent Living (TIL)","118","494","0.24"
"2021-01-11T00:00:00.000","Crisis Shelters","87","258","0.34"
"2021-01-11T00:00:00.000","Crisis Shelters (HYA)","6","15","0.4"
"2021-01-11T00:00:00.000","Transitional Independent Living (HYA)","3","25","0.12"
"2021-01-11T00:00:00.000","Transitional Independent Living (TIL)","115","494","0.23"
"2021-01-12T00:00:00.000","Crisis Shelters","92","258","0.36"
"2021-01-12T00:00:00.000","Crisis Shelters (HYA)","6","15","0.4"
"2021-01-12T00:00:00.000","Transitional Independent Living (HYA)","3","25","0.12"
"2021-01-12T00:00:00.000","Transitional Independent Living (TIL)","115","494","0.23"
"2021-01-13T00:00:00.000","Crisis Shelters","90","258","0.35"
"2021-01-13T00:00:00.000","Crisis Shelters (HYA)","3","15","0.2"
"2021-01-13T00:00:00.000","Transitional Independent Living (HYA)","2","25","0.08"
"2021-01-13T00:00:00.000","Transitional Independent Living (TIL)","113","494","0.23"
"2021-01-14T00:00:00.000","Crisis Shelters","91","258","0.35"
"2021-01-14T00:00:00.000","Crisis Shelters (HYA)","3","15","0.2"
"2021-01-14T00:00:00.000","Transitional Independent Living (HYA)","1","25","0.04"
"2021-01-14T00:00:00.000","Transitional Independent Living (TIL)","110","494","0.22"
"2021-01-15T00:00:00.000","Crisis Shelters","95","258","0.37"
"2021-01-15T00:00:00.000","Crisis Shelters (HYA)","3","15","0.2"
"2021-01-15T00:00:00.000","Transitional Independent Living (HYA)","1","25","0.04"
"2021-01-15T00:00:00.000","Transitional Independent Living (TIL)","111","494","0.22"
"2021-01-16T00:00:00.000","Crisis Shelters","97","258","0.38"
"2021-01-16T00:00:00.000","Crisis Shelters (HYA)","3","15","0.2"
"2021-01-16T00:00:00.000","Transitional Independent Living (HYA)","1","25","0.04"
"2021-01-16T00:00:00.000","Transitional Independent Living (TIL)","111","494","0.22"
"2021-01-17T00:00:00.000","Crisis Shelters","97","258","0.38"
"2021-01-17T00:00:00.000","Crisis Shelters (HYA)","3","15","0.2"
"2021-01-17T00:00:00.000","Transitional Independent Living (HYA)","1","25","0.04"
"2021-01-17T00:00:00.000","Transitional Independent Living (TIL)","112","494","0.23"
"2021-01-18T00:00:00.000","Crisis Shelters","99","258","0.38"
"2021-01-18T00:00:00.000","Crisis Shelters (HYA)","3","15","0.2"
"2021-01-18T00:00:00.000","Transitional Independent Living (HYA)","1","25","0.04"
"2021-01-18T00:00:00.000","Transitional Independent Living (TIL)","111","494","0.22"
"2021-01-19T00:00:00.000","Crisis Shelters","95","258","0.37"
"2021-01-19T00:00:00.000","Crisis Shelters (HYA)","3","15","0.2"
"2021-01-19T00:00:00.000","Transitional Independent Living (HYA)","2","25","0.08"
"2021-01-19T00:00:00.000","Transitional Independent Living (TIL)","112","494","0.23"
"2021-01-20T00:00:00.000","Crisis Shelters","98","258","0.38"
"2021-01-20T00:00:00.000","Crisis Shelters (HYA)","3","15","0.2"
"2021-01-20T00:00:00.000","Transitional Independent Living (HYA)","2","25","0.08"
"2021-01-20T00:00:00.000","Transitional Independent Living (TIL)","107","494","0.22"
"2021-01-21T00:00:00.000","Crisis Shelters","98","258","0.38"
"2021-01-21T00:00:00.000","Crisis Shelters (HYA)","3","15","0.2"
"2021-01-21T00:00:00.000","Transitional Independent Living (HYA)","2","25","0.08"
"2021-01-21T00:00:00.000","Transitional Independent Living (TIL)","107","494","0.22"
"2021-01-22T00:00:00.000","Crisis Shelters","91","258","0.35"
"2021-01-22T00:00:00.000","Crisis Shelters (HYA)","3","15","0.2"
"2021-01-22T00:00:00.000","Transitional Independent Living (HYA)","2","25","0.08"
"2021-01-22T00:00:00.000","Transitional Independent Living (TIL)","110","494","0.22"
"2021-01-23T00:00:00.000","Crisis Shelters","93","258","0.36"
"2021-01-23T00:00:00.000","Crisis Shelters (HYA)","3","15","0.2"
"2021-01-23T00:00:00.000","Transitional Independent Living (HYA)","2","25","0.08"
"2021-01-23T00:00:00.000","Transitional Independent Living (TIL)","112","494","0.23"
"2021-01-24T00:00:00.000","Crisis Shelters","92","258","0.36"
"2021-01-24T00:00:00.000","Crisis Shelters (HYA)","3","15","0.2"
"2021-01-24T00:00:00.000","Transitional Independent Living (HYA)","2","25","0.08"
"2021-01-24T00:00:00.000","Transitional Independent Living (TIL)","111","494","0.22"
"2021-01-25T00:00:00.000","Crisis Shelters","90","258","0.35"
"2021-01-25T00:00:00.000","Crisis Shelters (HYA)","3","15","0.2"
"2021-01-25T00:00:00.000","Transitional Independent Living (HYA)","1","25","0.04"
"2021-01-25T00:00:00.000","Transitional Independent Living (TIL)","111","494","0.22"
"2021-01-26T00:00:00.000","Crisis Shelters","100","258","0.39"
"2021-01-26T00:00:00.000","Crisis Shelters (HYA)","3","15","0.2"
"2021-01-26T00:00:00.000","Transitional Independent Living (HYA)","1","25","0.04"
"2021-01-26T00:00:00.000","Transitional Independent Living (TIL)","111","494","0.22"
"2021-01-27T00:00:00.000","Crisis Shelters","105","258","0.41"
"2021-01-27T00:00:00.000","Crisis Shelters (HYA)","3","15","0.2"
"2021-01-27T00:00:00.000","Transitional Independent Living (HYA)","1","25","0.04"
"2021-01-27T00:00:00.000","Transitional Independent Living (TIL)","109","494","0.22"
"2021-01-28T00:00:00.000","Crisis Shelters","105","258","0.41"
"2021-01-28T00:00:00.000","Crisis Shelters (HYA)","3","15","0.2"
"2021-01-28T00:00:00.000","Transitional Independent Living (HYA)","2","25","0.08"
"2021-01-28T00:00:00.000","Transitional Independent Living (TIL)","110","494","0.22"
"2021-01-29T00:00:00.000","Crisis Shelters","110","258","0.43"
"2021-01-29T00:00:00.000","Crisis Shelters (HYA)","3","15","0.2"
"2021-01-29T00:00:00.000","Transitional Independent Living (HYA)","3","25","0.12"
"2021-01-29T00:00:00.000","Transitional Independent Living (TIL)","108","494","0.22"
"2021-01-30T00:00:00.000","Crisis Shelters","115","258","0.45"
"2021-01-30T00:00:00.000","Crisis Shelters (HYA)","3","15","0.2"
"2021-01-30T00:00:00.000","Transitional Independent Living (HYA)","3","25","0.12"
"2021-01-30T00:00:00.000","Transitional Independent Living (TIL)","107","494","0.22"
"2021-01-31T00:00:00.000","Crisis Shelters","113","258","0.44"
"2021-01-31T00:00:00.000","Crisis Shelters (HYA)","3","15","0.2"
"2021-01-31T00:00:00.000","Transitional Independent Living (HYA)","4","25","0.16"
"2021-01-31T00:00:00.000","Transitional Independent Living (TIL)","107","494","0.22"
"2021-02-01T00:00:00.000","Crisis Shelters","111","258","0.43"
"2021-02-01T00:00:00.000","Crisis Shelters (HYA)","4","15","0.27"
"2021-02-01T00:00:00.000","Transitional Independent Living (HYA)","4","25","0.16"
"2021-02-01T00:00:00.000","Transitional Independent Living (TIL)","106","494","0.21"
"2021-02-02T00:00:00.000","Crisis Shelters","109","258","0.42"
"2021-02-02T00:00:00.000","Crisis Shelters (HYA)","4","15","0.27"
"2021-02-02T00:00:00.000","Transitional Independent Living (HYA)","4","25","0.16"
"2021-02-02T00:00:00.000","Transitional Independent Living (TIL)","108","494","0.22"
"2021-02-03T00:00:00.000","Crisis Shelters","113","258","0.44"
"2021-02-03T00:00:00.000","Crisis Shelters (HYA)","4","15","0.27"
"2021-02-03T00:00:00.000","Transitional Independent Living (HYA)","3","25","0.12"
"2021-02-03T00:00:00.000","Transitional Independent Living (TIL)","108","494","0.22"
"2021-02-04T00:00:00.000","Crisis Shelters","110","258","0.43"
"2021-02-04T00:00:00.000","Crisis Shelters (HYA)","4","15","0.27"
"2021-02-04T00:00:00.000","Transitional Independent Living (HYA)","3","25","0.12"
"2021-02-04T00:00:00.000","Transitional Independent Living (TIL)","109","494","0.22"
"2021-02-05T00:00:00.000","Crisis Shelters","109","258","0.42"
"2021-02-05T00:00:00.000","Crisis Shelters (HYA)","4","15","0.27"
"2021-02-05T00:00:00.000","Transitional Independent Living (HYA)","3","25","0.12"
"2021-02-05T00:00:00.000","Transitional Independent Living (TIL)","111","494","0.22"
"2021-02-06T00:00:00.000","Crisis Shelters","110","258","0.43"
"2021-02-06T00:00:00.000","Crisis Shelters (HYA)","4","15","0.27"
"2021-02-06T00:00:00.000","Transitional Independent Living (HYA)","3","25","0.12"
"2021-02-06T00:00:00.000","Transitional Independent Living (TIL)","108","494","0.22"
"2021-02-07T00:00:00.000","Crisis Shelters","108","258","0.42"
"2021-02-07T00:00:00.000","Crisis Shelters (HYA)","4","15","0.27"
"2021-02-07T00:00:00.000","Transitional Independent Living (HYA)","3","25","0.12"
"2021-02-07T00:00:00.000","Transitional Independent Living (TIL)","111","494","0.22"
"2021-02-08T00:00:00.000","Crisis Shelters","107","258","0.41"
"2021-02-08T00:00:00.000","Crisis Shelters (HYA)","4","15","0.27"
"2021-02-08T00:00:00.000","Transitional Independent Living (HYA)","3","25","0.12"
"2021-02-08T00:00:00.000","Transitional Independent Living (TIL)","110","494","0.22"
"2021-02-09T00:00:00.000","Crisis Shelters","100","258","0.39"
"2021-02-09T00:00:00.000","Crisis Shelters (HYA)","4","15","0.27"
"2021-02-09T00:00:00.000","Transitional Independent Living (HYA)","2","25","0.08"
"2021-02-09T00:00:00.000","Transitional Independent Living (TIL)","111","494","0.22"
"2021-02-10T00:00:00.000","Crisis Shelters","100","258","0.39"
"2021-02-10T00:00:00.000","Crisis Shelters (HYA)","1","15","0.07"
"2021-02-10T00:00:00.000","Transitional Independent Living (HYA)","2","25","0.08"
"2021-02-10T00:00:00.000","Transitional Independent Living (TIL)","118","494","0.24"
"2021-02-11T00:00:00.000","Crisis Shelters","98","258","0.38"
"2021-02-11T00:00:00.000","Crisis Shelters (HYA)","1","15","0.07"
"2021-02-11T00:00:00.000","Transitional Independent Living (HYA)","2","25","0.08"
"2021-02-11T00:00:00.000","Transitional Independent Living (TIL)","114","494","0.23"
"2021-02-12T00:00:00.000","Crisis Shelters","98","258","0.38"
"2021-02-12T00:00:00.000","Crisis Shelters (HYA)","1","15","0.07"
"2021-02-12T00:00:00.000","Transitional Independent Living (HYA)","3","25","0.12"
"2021-02-12T00:00:00.000","Transitional Independent Living (TIL)","114","494","0.23"
"2021-02-13T00:00:00.000","Crisis Shelters","97","258","0.38"
"2021-02-13T00:00:00.000","Crisis Shelters (HYA)","1","15","0.07"
"2021-02-13T00:00:00.000","Transitional Independent Living (HYA)","3","25","0.12"
"2021-02-13T00:00:00.000","Transitional Independent Living (TIL)","112","494","0.23"
"2021-02-14T00:00:00.000","Crisis Shelters","96","258","0.37"
"2021-02-14T00:00:00.000","Crisis Shelters (HYA)","1","15","0.07"
"2021-02-14T00:00:00.000","Transitional Independent Living (HYA)","3","25","0.12"
"2021-02-14T00:00:00.000","Transitional Independent Living (TIL)","112","494","0.23"
"2021-02-15T00:00:00.000","Crisis Shelters","93","258","0.36"
"2021-02-15T00:00:00.000","Crisis Shelters (HYA)","1","15","0.07"
"2021-02-15T00:00:00.000","Transitional Independent Living (HYA)","3","25","0.12"
"2021-02-15T00:00:00.000","Transitional Independent Living (TIL)","113","494","0.23"
"2021-02-16T00:00:00.000","Crisis Shelters","90","258","0.35"
"2021-02-16T00:00:00.000","Crisis Shelters (HYA)","0","15","0"
"2021-02-16T00:00:00.000","Transitional Independent Living (HYA)","3","25","0.12"
"2021-02-16T00:00:00.000","Transitional Independent Living (TIL)","111","494","0.22"
"2021-02-17T00:00:00.000","Crisis Shelters","85","258","0.33"
"2021-02-17T00:00:00.000","Crisis Shelters (HYA)","0","15","0"
"2021-02-17T00:00:00.000","Transitional Independent Living (HYA)","3","25","0.12"
"2021-02-17T00:00:00.000","Transitional Independent Living (TIL)","115","494","0.23"
"2021-02-18T00:00:00.000","Crisis Shelters","83","258","0.32"
"2021-02-18T00:00:00.000","Crisis Shelters (HYA)","0","15","0"
"2021-02-18T00:00:00.000","Transitional Independent Living (HYA)","3","25","0.12"
"2021-02-18T00:00:00.000","Transitional Independent Living (TIL)","114","494","0.23"
"2021-02-19T00:00:00.000","Crisis Shelters","81","258","0.31"
"2021-02-19T00:00:00.000","Crisis Shelters (HYA)","0","15","0"
"2021-02-19T00:00:00.000","Transitional Independent Living (HYA)","3","25","0.12"
"2021-02-19T00:00:00.000","Transitional Independent Living (TIL)","115","494","0.23"
"2021-02-20T00:00:00.000","Crisis Shelters","75","258","0.29"
"2021-02-20T00:00:00.000","Crisis Shelters (HYA)","0","15","0"
"2021-02-20T00:00:00.000","Transitional Independent Living (HYA)","3","25","0.12"
"2021-02-20T00:00:00.000","Transitional Independent Living (TIL)","114","494","0.23"
"2021-02-21T00:00:00.000","Crisis Shelters","78","258","0.3"
"2021-02-21T00:00:00.000","Crisis Shelters (HYA)","0","15","0"
"2021-02-21T00:00:00.000","Transitional Independent Living (HYA)","3","25","0.12"
"2021-02-21T00:00:00.000","Transitional Independent Living (TIL)","114","494","0.23"
"2021-02-22T00:00:00.000","Crisis Shelters","83","258","0.32"
"2021-02-22T00:00:00.000","Crisis Shelters (HYA)","0","15","0"
"2021-02-22T00:00:00.000","Transitional Independent Living (HYA)","3","25","0.12"
"2021-02-22T00:00:00.000","Transitional Independent Living (TIL)","107","494","0.22"
"2021-02-23T00:00:00.000","Crisis Shelters","81","258","0.31"
"2021-02-23T00:00:00.000","Crisis Shelters (HYA)","0","15","0"
"2021-02-23T00:00:00.000","Transitional Independent Living (HYA)","3","25","0.12"
"2021-02-23T00:00:00.000","Transitional Independent Living (TIL)","107","494","0.22"
"2021-02-24T00:00:00.000","Crisis Shelters","77","258","0.3"
"2021-02-24T00:00:00.000","Crisis Shelters (HYA)","0","15","0"
"2021-02-24T00:00:00.000","Transitional Independent Living (HYA)","3","25","0.12"
"2021-02-24T00:00:00.000","Transitional Independent Living (TIL)","110","494","0.22"
"2021-02-25T00:00:00.000","Crisis Shelters","80","258","0.31"
"2021-02-25T00:00:00.000","Crisis Shelters (HYA)","0","15","0"
"2021-02-25T00:00:00.000","Transitional Independent Living (HYA)","3","25","0.12"
"2021-02-25T00:00:00.000","Transitional Independent Living (TIL)","109","494","0.22"
"2021-02-26T00:00:00.000","Crisis Shelters","81","258","0.31"
"2021-02-26T00:00:00.000","Crisis Shelters (HYA)","0","15","0"
"2021-02-26T00:00:00.000","Transitional Independent Living (HYA)","3","25","0.12"
"2021-02-26T00:00:00.000","Transitional Independent Living (TIL)","106","494","0.21"
"2021-02-27T00:00:00.000","Crisis Shelters","78","258","0.3"
"2021-02-27T00:00:00.000","Crisis Shelters (HYA)","0","15","0"
"2021-02-27T00:00:00.000","Transitional Independent Living (HYA)","3","25","0.12"
"2021-02-27T00:00:00.000","Transitional Independent Living (TIL)","107","494","0.22"
"2021-02-28T00:00:00.000","Crisis Shelters","84","258","0.33"
"2021-02-28T00:00:00.000","Crisis Shelters (HYA)","0","15","0"
"2021-02-28T00:00:00.000","Transitional Independent Living (HYA)","3","25","0.12"
"2021-02-28T00:00:00.000","Transitional Independent Living (TIL)","108","494","0.22"
"2021-03-01T00:00:00.000","Crisis Shelters","87","258","0.34"
"2021-03-01T00:00:00.000","Crisis Shelters (HYA)","0","15","0"
"2021-03-01T00:00:00.000","Transitional Independent Living (HYA)","2","25","0.08"
"2021-03-01T00:00:00.000","Transitional Independent Living (TIL)","110","494","0.22"
"2021-03-02T00:00:00.000","Crisis Shelters","88","258","0.34"
"2021-03-02T00:00:00.000","Crisis Shelters (HYA)","0","15","0"
"2021-03-02T00:00:00.000","Transitional Independent Living (HYA)","2","25","0.08"
"2021-03-02T00:00:00.000","Transitional Independent Living (TIL)","110","494","0.22"
"2021-03-03T00:00:00.000","Crisis Shelters","90","258","0.35"
"2021-03-03T00:00:00.000","Crisis Shelters (HYA)","0","15","0"
"2021-03-03T00:00:00.000","Transitional Independent Living (HYA)","2","25","0.08"
"2021-03-03T00:00:00.000","Transitional Independent Living (TIL)","111","494","0.22"
"2021-03-04T00:00:00.000","Crisis Shelters","90","258","0.35"
"2021-03-04T00:00:00.000","Crisis Shelters (HYA)","0","15","0"
"2021-03-04T00:00:00.000","Transitional Independent Living (HYA)","2","25","0.08"
"2021-03-04T00:00:00.000","Transitional Independent Living (TIL)","114","494","0.23"
"2021-03-05T00:00:00.000","Crisis Shelters","89","258","0.34"
"2021-03-05T00:00:00.000","Crisis Shelters (HYA)","0","15","0"
"2021-03-05T00:00:00.000","Transitional Independent Living (HYA)","2","25","0.08"
"2021-03-05T00:00:00.000","Transitional Independent Living (TIL)","113","494","0.23"
"2021-03-06T00:00:00.000","Crisis Shelters","87","258","0.34"
"2021-03-06T00:00:00.000","Crisis Shelters (HYA)","0","15","0"
"2021-03-06T00:00:00.000","Transitional Independent Living (HYA)","2","25","0.08"
"2021-03-06T00:00:00.000","Transitional Independent Living (TIL)","112","494","0.23"
"2021-03-07T00:00:00.000","Crisis Shelters","84","258","0.33"
"2021-03-07T00:00:00.000","Crisis Shelters (HYA)","1","15","0.07"
"2021-03-07T00:00:00.000","Transitional Independent Living (HYA)","2","25","0.08"
"2021-03-07T00:00:00.000","Transitional Independent Living (TIL)","114","494","0.23"
"2021-03-08T00:00:00.000","Crisis Shelters","78","258","0.3"
"2021-03-08T00:00:00.000","Crisis Shelters (HYA)","1","15","0.07"
"2021-03-08T00:00:00.000","Transitional Independent Living (HYA)","2","25","0.08"
"2021-03-08T00:00:00.000","Transitional Independent Living (TIL)","115","494","0.23"
"2021-03-09T00:00:00.000","Crisis Shelters","76","258","0.29"
"2021-03-09T00:00:00.000","Crisis Shelters (HYA)","3","15","0.2"
"2021-03-09T00:00:00.000","Transitional Independent Living (HYA)","2","25","0.08"
"2021-03-09T00:00:00.000","Transitional Independent Living (TIL)","114","494","0.23"
"2021-03-10T00:00:00.000","Crisis Shelters","79","258","0.31"
"2021-03-10T00:00:00.000","Crisis Shelters (HYA)","21","35","0.6"
"2021-03-10T00:00:00.000","Transitional Independent Living (HYA)","2","25","0.08"
"2021-03-10T00:00:00.000","Transitional Independent Living (TIL)","112","494","0.23"
"2021-03-11T00:00:00.000","Crisis Shelters","77","258","0.3"
"2021-03-11T00:00:00.000","Crisis Shelters (HYA)","21","35","0.6"
"2021-03-11T00:00:00.000","Transitional Independent Living (HYA)","1","25","0.04"
"2021-03-11T00:00:00.000","Transitional Independent Living (TIL)","109","494","0.22"
"2021-03-12T00:00:00.000","Crisis Shelters","76","258","0.29"
"2021-03-12T00:00:00.000","Crisis Shelters (HYA)","19","35","0.54"
"2021-03-12T00:00:00.000","Transitional Independent Living (HYA)","1","25","0.04"
"2021-03-12T00:00:00.000","Transitional Independent Living (TIL)","112","494","0.23"
"2021-03-13T00:00:00.000","Crisis Shelters","79","258","0.31"
"2021-03-13T00:00:00.000","Crisis Shelters (HYA)","19","35","0.54"
"2021-03-13T00:00:00.000","Transitional Independent Living (HYA)","1","25","0.04"
"2021-03-13T00:00:00.000","Transitional Independent Living (TIL)","112","494","0.23"
"2021-03-14T00:00:00.000","Crisis Shelters","81","258","0.31"
"2021-03-14T00:00:00.000","Crisis Shelters (HYA)","19","35","0.54"
"2021-03-14T00:00:00.000","Transitional Independent Living (HYA)","1","25","0.04"
"2021-03-14T00:00:00.000","Transitional Independent Living (TIL)","112","494","0.23"
"2021-03-15T00:00:00.000","Crisis Shelters","76","258","0.29"
"2021-03-15T00:00:00.000","Crisis Shelters (HYA)","18","35","0.51"
"2021-03-15T00:00:00.000","Transitional Independent Living (HYA)","1","25","0.04"
"2021-03-15T00:00:00.000","Transitional Independent Living (TIL)","113","494","0.23"
"2021-03-16T00:00:00.000","Crisis Shelters","76","258","0.29"
"2021-03-16T00:00:00.000","Crisis Shelters (HYA)","18","35","0.51"
"2021-03-16T00:00:00.000","Transitional Independent Living (HYA)","1","25","0.04"
"2021-03-16T00:00:00.000","Transitional Independent Living (TIL)","111","494","0.22"
"2021-03-17T00:00:00.000","Crisis Shelters","83","258","0.32"
"2021-03-17T00:00:00.000","Crisis Shelters (HYA)","16","35","0.46"
"2021-03-17T00:00:00.000","Transitional Independent Living (HYA)","1","25","0.04"
"2021-03-17T00:00:00.000","Transitional Independent Living (TIL)","113","495","0.23"
"2021-03-18T00:00:00.000","Crisis Shelters","84","258","0.33"
"2021-03-18T00:00:00.000","Crisis Shelters (HYA)","16","35","0.46"
"2021-03-18T00:00:00.000","Transitional Independent Living (HYA)","1","25","0.04"
"2021-03-18T00:00:00.000","Transitional Independent Living (TIL)","112","495","0.23"
"2021-03-19T00:00:00.000","Crisis Shelters","89","258","0.34"
"2021-03-19T00:00:00.000","Crisis Shelters (HYA)","16","35","0.46"
"2021-03-19T00:00:00.000","Transitional Independent Living (HYA)","1","25","0.04"
"2021-03-19T00:00:00.000","Transitional Independent Living (TIL)","113","495","0.23"
"2021-03-20T00:00:00.000","Crisis Shelters","92","258","0.36"
"2021-03-20T00:00:00.000","Crisis Shelters (HYA)","16","35","0.46"
"2021-03-20T00:00:00.000","Transitional Independent Living (HYA)","1","25","0.04"
"2021-03-20T00:00:00.000","Transitional Independent Living (TIL)","113","495","0.23"
"2021-03-21T00:00:00.000","Crisis Shelters","94","258","0.36"
"2021-03-21T00:00:00.000","Crisis Shelters (HYA)","15","35","0.43"
"2021-03-21T00:00:00.000","Transitional Independent Living (HYA)","1","25","0.04"
"2021-03-21T00:00:00.000","Transitional Independent Living (TIL)","113","495","0.23"
"2021-03-22T00:00:00.000","Crisis Shelters","92","258","0.36"
"2021-03-22T00:00:00.000","Crisis Shelters (HYA)","15","35","0.43"
"2021-03-22T00:00:00.000","Transitional Independent Living (HYA)","1","25","0.04"
"2021-03-22T00:00:00.000","Transitional Independent Living (TIL)","114","495","0.23"
"2021-03-23T00:00:00.000","Crisis Shelters","87","258","0.34"
"2021-03-23T00:00:00.000","Crisis Shelters (HYA)","15","35","0.43"
"2021-03-23T00:00:00.000","Transitional Independent Living (HYA)","0","25","0"
"2021-03-23T00:00:00.000","Transitional Independent Living (TIL)","113","495","0.23"
"2021-03-24T00:00:00.000","Crisis Shelters","86","258","0.33"
"2021-03-24T00:00:00.000","Crisis Shelters (HYA)","15","35","0.43"
"2021-03-24T00:00:00.000","Transitional Independent Living (HYA)","1","25","0.04"
"2021-03-24T00:00:00.000","Transitional Independent Living (TIL)","114","495","0.23"
"2021-03-25T00:00:00.000","Crisis Shelters","93","258","0.36"
"2021-03-25T00:00:00.000","Crisis Shelters (HYA)","14","35","0.4"
"2021-03-25T00:00:00.000","Transitional Independent Living (HYA)","2","25","0.08"
"2021-03-25T00:00:00.000","Transitional Independent Living (TIL)","111","495","0.22"
"2021-03-26T00:00:00.000","Crisis Shelters","92","258","0.36"
"2021-03-26T00:00:00.000","Crisis Shelters (HYA)","13","35","0.37"
"2021-03-26T00:00:00.000","Transitional Independent Living (HYA)","2","25","0.08"
"2021-03-26T00:00:00.000","Transitional Independent Living (TIL)","108","495","0.22"
"2021-03-27T00:00:00.000","Crisis Shelters","90","258","0.35"
"2021-03-27T00:00:00.000","Crisis Shelters (HYA)","12","35","0.34"
"2021-03-27T00:00:00.000","Transitional Independent Living (HYA)","2","25","0.08"
"2021-03-27T00:00:00.000","Transitional Independent Living (TIL)","111","495","0.22"
"2021-03-28T00:00:00.000","Crisis Shelters","87","258","0.34"
"2021-03-28T00:00:00.000","Crisis Shelters (HYA)","11","35","0.31"
"2021-03-28T00:00:00.000","Transitional Independent Living (HYA)","2","25","0.08"
"2021-03-28T00:00:00.000","Transitional Independent Living (TIL)","113","495","0.23"
"2021-03-29T00:00:00.000","Crisis Shelters","87","258","0.34"
"2021-03-29T00:00:00.000","Crisis Shelters (HYA)","11","35","0.31"
"2021-03-29T00:00:00.000","Transitional Independent Living (HYA)","3","25","0.12"
"2021-03-29T00:00:00.000","Transitional Independent Living (TIL)","116","495","0.23"
"2021-03-30T00:00:00.000","Crisis Shelters","85","258","0.33"
"2021-03-30T00:00:00.000","Crisis Shelters (HYA)","10","35","0.29"
"2021-03-30T00:00:00.000","Transitional Independent Living (HYA)","3","25","0.12"
"2021-03-30T00:00:00.000","Transitional Independent Living (TIL)","120","495","0.24"
"2021-03-31T00:00:00.000","Crisis Shelters","80","258","0.31"
"2021-03-31T00:00:00.000","Crisis Shelters (HYA)","10","35","0.29"
"2021-03-31T00:00:00.000","Transitional Independent Living (HYA)","3","25","0.12"
"2021-03-31T00:00:00.000","Transitional Independent Living (TIL)","123","495","0.25"
"2021-04-01T00:00:00.000","Crisis Shelters","82","258","0.32"
"2021-04-01T00:00:00.000","Crisis Shelters (HYA)","9","35","0.26"
"2021-04-01T00:00:00.000","Transitional Independent Living (HYA)","3","25","0.12"
"2021-04-01T00:00:00.000","Transitional Independent Living (TIL)","125","495","0.25"
"2021-04-02T00:00:00.000","Crisis Shelters","79","258","0.31"
"2021-04-02T00:00:00.000","Crisis Shelters (HYA)","12","35","0.34"
"2021-04-02T00:00:00.000","Transitional Independent Living (HYA)","3","25","0.12"
"2021-04-02T00:00:00.000","Transitional Independent Living (TIL)","127","495","0.26"
"2021-04-03T00:00:00.000","Crisis Shelters","74","258","0.29"
"2021-04-03T00:00:00.000","Crisis Shelters (HYA)","12","35","0.34"
"2021-04-03T00:00:00.000","Transitional Independent Living (HYA)","3","25","0.12"
"2021-04-03T00:00:00.000","Transitional Independent Living (TIL)","131","495","0.26"
"2021-04-04T00:00:00.000","Crisis Shelters","74","258","0.29"
"2021-04-04T00:00:00.000","Crisis Shelters (HYA)","12","35","0.34"
"2021-04-04T00:00:00.000","Transitional Independent Living (HYA)","3","25","0.12"
"2021-04-04T00:00:00.000","Transitional Independent Living (TIL)","131","495","0.26"
"2021-04-05T00:00:00.000","Crisis Shelters","74","258","0.29"
"2021-04-05T00:00:00.000","Crisis Shelters (HYA)","8","35","0.23"
"2021-04-05T00:00:00.000","Transitional Independent Living (HYA)","3","25","0.12"
"2021-04-05T00:00:00.000","Transitional Independent Living (TIL)","130","495","0.26"
"2021-04-06T00:00:00.000","Crisis Shelters","77","258","0.3"
"2021-04-06T00:00:00.000","Crisis Shelters (HYA)","9","35","0.26"
"2021-04-06T00:00:00.000","Transitional Independent Living (HYA)","3","25","0.12"
"2021-04-06T00:00:00.000","Transitional Independent Living (TIL)","130","495","0.26"
"2021-04-07T00:00:00.000","Crisis Shelters","73","258","0.28"
"2021-04-07T00:00:00.000","Crisis Shelters (HYA)","7","35","0.2"
"2021-04-07T00:00:00.000","Transitional Independent Living (HYA)","2","25","0.08"
"2021-04-07T00:00:00.000","Transitional Independent Living (TIL)","130","495","0.26"
"2021-04-08T00:00:00.000","Crisis Shelters","72","258","0.28"
"2021-04-08T00:00:00.000","Crisis Shelters (HYA)","3","35","0.09"
"2021-04-08T00:00:00.000","Transitional Independent Living (HYA)","1","25","0.04"
"2021-04-08T00:00:00.000","Transitional Independent Living (TIL)","129","495","0.26"
"2021-04-09T00:00:00.000","Crisis Shelters","74","258","0.29"
"2021-04-09T00:00:00.000","Crisis Shelters (HYA)","5","35","0.14"
"2021-04-09T00:00:00.000","Transitional Independent Living (HYA)","1","25","0.04"
"2021-04-09T00:00:00.000","Transitional Independent Living (TIL)","129","495","0.26"
"2021-04-10T00:00:00.000","Crisis Shelters","74","258","0.29"
"2021-04-10T00:00:00.000","Crisis Shelters (HYA)","6","35","0.17"
"2021-04-10T00:00:00.000","Transitional Independent Living (HYA)","1","25","0.04"
"2021-04-10T00:00:00.000","Transitional Independent Living (TIL)","129","495","0.26"
"2021-04-11T00:00:00.000","Crisis Shelters","67","258","0.26"
"2021-04-11T00:00:00.000","Crisis Shelters (HYA)","6","35","0.17"
"2021-04-11T00:00:00.000","Transitional Independent Living (HYA)","1","25","0.04"
"2021-04-11T00:00:00.000","Transitional Independent Living (TIL)","130","495","0.26"
"2021-04-12T00:00:00.000","Crisis Shelters","67","258","0.26"
"2021-04-12T00:00:00.000","Crisis Shelters (HYA)","6","35","0.17"
"2021-04-12T00:00:00.000","Transitional Independent Living (HYA)","1","25","0.04"
"2021-04-12T00:00:00.000","Transitional Independent Living (TIL)","131","495","0.26"
"2021-04-13T00:00:00.000","Crisis Shelters","66","258","0.26"
"2021-04-13T00:00:00.000","Crisis Shelters (HYA)","8","35","0.23"
"2021-04-13T00:00:00.000","Transitional Independent Living (HYA)","0","25","0"
"2021-04-13T00:00:00.000","Transitional Independent Living (TIL)","131","495","0.26"
"2021-04-14T00:00:00.000","Crisis Shelters","69","258","0.27"
"2021-04-14T00:00:00.000","Crisis Shelters (HYA)","9","35","0.26"
"2021-04-14T00:00:00.000","Transitional Independent Living (HYA)","0","25","0"
"2021-04-14T00:00:00.000","Transitional Independent Living (TIL)","133","495","0.27"
"2021-04-15T00:00:00.000","Crisis Shelters","75","258","0.29"
"2021-04-15T00:00:00.000","Crisis Shelters (HYA)","9","35","0.26"
"2021-04-15T00:00:00.000","Transitional Independent Living (HYA)","0","25","0"
"2021-04-15T00:00:00.000","Transitional Independent Living (TIL)","129","495","0.26"
"2021-04-16T00:00:00.000","Crisis Shelters","79","258","0.31"
"2021-04-16T00:00:00.000","Crisis Shelters (HYA)","9","35","0.26"
"2021-04-16T00:00:00.000","Transitional Independent Living (HYA)","1","25","0.04"
"2021-04-16T00:00:00.000","Transitional Independent Living (TIL)","131","495","0.26"
"2021-04-17T00:00:00.000","Crisis Shelters","80","258","0.31"
"2021-04-17T00:00:00.000","Crisis Shelters (HYA)","8","35","0.23"
"2021-04-17T00:00:00.000","Transitional Independent Living (HYA)","1","25","0.04"
"2021-04-17T00:00:00.000","Transitional Independent Living (TIL)","130","495","0.26"
"2021-04-18T00:00:00.000","Crisis Shelters","78","258","0.3"
"2021-04-18T00:00:00.000","Crisis Shelters (HYA)","8","35","0.23"
"2021-04-18T00:00:00.000","Transitional Independent Living (HYA)","1","25","0.04"
"2021-04-18T00:00:00.000","Transitional Independent Living (TIL)","129","495","0.26"
"2021-04-19T00:00:00.000","Crisis Shelters","74","250","0.3"
"2021-04-19T00:00:00.000","Crisis Shelters (HYA)","6","35","0.17"
"2021-04-19T00:00:00.000","Transitional Independent Living (HYA)","1","25","0.04"
"2021-04-19T00:00:00.000","Transitional Independent Living (TIL)","129","495","0.26"
"2021-04-20T00:00:00.000","Crisis Shelters","72","250","0.29"
"2021-04-20T00:00:00.000","Crisis Shelters (HYA)","6","35","0.17"
"2021-04-20T00:00:00.000","Transitional Independent Living (HYA)","1","25","0.04"
"2021-04-20T00:00:00.000","Transitional Independent Living (TIL)","128","495","0.26"
"2021-04-21T00:00:00.000","Crisis Shelters","64","250","0.26"
"2021-04-21T00:00:00.000","Crisis Shelters (HYA)","9","35","0.26"
"2021-04-21T00:00:00.000","Transitional Independent Living (HYA)","1","25","0.04"
"2021-04-21T00:00:00.000","Transitional Independent Living (TIL)","127","495","0.26"
"2021-04-22T00:00:00.000","Crisis Shelters","68","250","0.27"
"2021-04-22T00:00:00.000","Crisis Shelters (HYA)","9","35","0.26"
"2021-04-22T00:00:00.000","Transitional Independent Living (HYA)","1","25","0.04"
"2021-04-22T00:00:00.000","Transitional Independent Living (TIL)","129","495","0.26"
"2021-04-23T00:00:00.000","Crisis Shelters","67","250","0.27"
"2021-04-23T00:00:00.000","Crisis Shelters (HYA)","10","35","0.29"
"2021-04-23T00:00:00.000","Transitional Independent Living (HYA)","2","25","0.08"
"2021-04-23T00:00:00.000","Transitional Independent Living (TIL)","127","495","0.26"
"2021-04-24T00:00:00.000","Crisis Shelters","70","250","0.28"
"2021-04-24T00:00:00.000","Crisis Shelters (HYA)","11","35","0.31"
"2021-04-24T00:00:00.000","Transitional Independent Living (HYA)","2","25","0.08"
"2021-04-24T00:00:00.000","Transitional Independent Living (TIL)","126","495","0.25"
"2021-04-25T00:00:00.000","Crisis Shelters","71","250","0.28"
"2021-04-25T00:00:00.000","Crisis Shelters (HYA)","11","35","0.31"
"2021-04-25T00:00:00.000","Transitional Independent Living (HYA)","3","25","0.12"
"2021-04-25T00:00:00.000","Transitional Independent Living (TIL)","127","495","0.26"
"2021-04-26T00:00:00.000","Crisis Shelters","79","250","0.32"
"2021-04-26T00:00:00.000","Crisis Shelters (HYA)","11","35","0.31"
"2021-04-26T00:00:00.000","Transitional Independent Living (HYA)","4","25","0.16"
"2021-04-26T00:00:00.000","Transitional Independent Living (TIL)","129","495","0.26"
"2021-04-27T00:00:00.000","Crisis Shelters","81","250","0.32"
"2021-04-27T00:00:00.000","Crisis Shelters (HYA)","9","35","0.26"
"2021-04-27T00:00:00.000","Transitional Independent Living (HYA)","4","25","0.16"
"2021-04-27T00:00:00.000","Transitional Independent Living (TIL)","129","495","0.26"
"2021-04-28T00:00:00.000","Crisis Shelters","78","250","0.31"
"2021-04-28T00:00:00.000","Crisis Shelters (HYA)","9","35","0.26"
"2021-04-28T00:00:00.000","Transitional Independent Living (HYA)","4","25","0.16"
"2021-04-28T00:00:00.000","Transitional Independent Living (TIL)","129","495","0.26"
"2021-04-29T00:00:00.000","Crisis Shelters","70","250","0.28"
"2021-04-29T00:00:00.000","Crisis Shelters (HYA)","5","35","0.14"
"2021-04-29T00:00:00.000","Transitional Independent Living (HYA)","3","25","0.12"
"2021-04-29T00:00:00.000","Transitional Independent Living (TIL)","126","495","0.25"
"2021-04-30T00:00:00.000","Crisis Shelters","71","250","0.28"
"2021-04-30T00:00:00.000","Crisis Shelters (HYA)","4","35","0.11"
"2021-04-30T00:00:00.000","Transitional Independent Living (HYA)","3","25","0.12"
"2021-04-30T00:00:00.000","Transitional Independent Living (TIL)","128","495","0.26"
"2021-05-01T00:00:00.000","Crisis Shelters","72","250","0.29"
"2021-05-01T00:00:00.000","Crisis Shelters (HYA)","5","35","0.14"
"2021-05-01T00:00:00.000","Transitional Independent Living (HYA)","3","25","0.12"
"2021-05-01T00:00:00.000","Transitional Independent Living (TIL)","132","495","0.27"
"2021-05-02T00:00:00.000","Crisis Shelters","70","250","0.28"
"2021-05-02T00:00:00.000","Crisis Shelters (HYA)","4","35","0.11"
"2021-05-02T00:00:00.000","Transitional Independent Living (HYA)","3","25","0.12"
"2021-05-02T00:00:00.000","Transitional Independent Living (TIL)","134","495","0.27"
"2021-05-03T00:00:00.000","Crisis Shelters","71","250","0.28"
"2021-05-03T00:00:00.000","Crisis Shelters (HYA)","4","35","0.11"
"2021-05-03T00:00:00.000","Transitional Independent Living (HYA)","3","25","0.12"
"2021-05-03T00:00:00.000","Transitional Independent Living (TIL)","136","495","0.27"
"2021-05-04T00:00:00.000","Crisis Shelters","66","250","0.26"
"2021-05-04T00:00:00.000","Crisis Shelters (HYA)","3","35","0.09"
"2021-05-04T00:00:00.000","Transitional Independent Living (HYA)","3","25","0.12"
"2021-05-04T00:00:00.000","Transitional Independent Living (TIL)","139","495","0.28"
"2021-05-05T00:00:00.000","Crisis Shelters","64","250","0.26"
"2021-05-05T00:00:00.000","Crisis Shelters (HYA)","3","35","0.09"
"2021-05-05T00:00:00.000","Transitional Independent Living (HYA)","3","25","0.12"
"2021-05-05T00:00:00.000","Transitional Independent Living (TIL)","140","495","0.28"
"2021-05-06T00:00:00.000","Crisis Shelters","67","250","0.27"
"2021-05-06T00:00:00.000","Crisis Shelters (HYA)","4","35","0.11"
"2021-05-06T00:00:00.000","Transitional Independent Living (HYA)","3","25","0.12"
"2021-05-06T00:00:00.000","Transitional Independent Living (TIL)","142","495","0.29"
"2021-05-07T00:00:00.000","Crisis Shelters","74","250","0.3"
"2021-05-07T00:00:00.000","Crisis Shelters (HYA)","2","35","0.06"
"2021-05-07T00:00:00.000","Transitional Independent Living (HYA)","3","25","0.12"
"2021-05-07T00:00:00.000","Transitional Independent Living (TIL)","142","495","0.29"
"2021-05-08T00:00:00.000","Crisis Shelters","67","250","0.27"
"2021-05-08T00:00:00.000","Crisis Shelters (HYA)","0","35","0"
"2021-05-08T00:00:00.000","Transitional Independent Living (HYA)","3","25","0.12"
"2021-05-08T00:00:00.000","Transitional Independent Living (TIL)","145","495","0.29"
"2021-05-09T00:00:00.000","Crisis Shelters","67","250","0.27"
"2021-05-09T00:00:00.000","Crisis Shelters (HYA)","1","35","0.03"
"2021-05-09T00:00:00.000","Transitional Independent Living (HYA)","3","25","0.12"
"2021-05-09T00:00:00.000","Transitional Independent Living (TIL)","143","495","0.29"
"2021-05-10T00:00:00.000","Crisis Shelters","68","250","0.27"
"2021-05-10T00:00:00.000","Crisis Shelters (HYA)","4","35","0.11"
"2021-05-10T00:00:00.000","Transitional Independent Living (HYA)","3","25","0.12"
"2021-05-10T00:00:00.000","Transitional Independent Living (TIL)","141","495","0.28"
"2021-05-11T00:00:00.000","Crisis Shelters","69","250","0.28"
"2021-05-11T00:00:00.000","Crisis Shelters (HYA)","4","35","0.11"
"2021-05-11T00:00:00.000","Transitional Independent Living (HYA)","2","25","0.08"
"2021-05-11T00:00:00.000","Transitional Independent Living (TIL)","141","495","0.28"
"2021-05-12T00:00:00.000","Crisis Shelters","70","250","0.28"
"2021-05-12T00:00:00.000","Crisis Shelters (HYA)","5","35","0.14"
"2021-05-12T00:00:00.000","Transitional Independent Living (HYA)","1","25","0.04"
"2021-05-12T00:00:00.000","Transitional Independent Living (TIL)","142","495","0.29"
"2021-05-13T00:00:00.000","Crisis Shelters","69","250","0.28"
"2021-05-13T00:00:00.000","Crisis Shelters (HYA)","4","35","0.11"
"2021-05-13T00:00:00.000","Transitional Independent Living (HYA)","1","25","0.04"
"2021-05-13T00:00:00.000","Transitional Independent Living (TIL)","141","495","0.28"
"2021-05-14T00:00:00.000","Crisis Shelters","73","250","0.29"
"2021-05-14T00:00:00.000","Crisis Shelters (HYA)","4","35","0.11"
"2021-05-14T00:00:00.000","Transitional Independent Living (HYA)","0","25","0"
"2021-05-14T00:00:00.000","Transitional Independent Living (TIL)","139","495","0.28"
"2021-05-15T00:00:00.000","Crisis Shelters","75","250","0.3"
"2021-05-15T00:00:00.000","Crisis Shelters (HYA)","4","35","0.11"
"2021-05-15T00:00:00.000","Transitional Independent Living (HYA)","0","25","0"
"2021-05-15T00:00:00.000","Transitional Independent Living (TIL)","140","495","0.28"
"2021-05-16T00:00:00.000","Crisis Shelters","74","250","0.3"
"2021-05-16T00:00:00.000","Crisis Shelters (HYA)","4","35","0.11"
"2021-05-16T00:00:00.000","Transitional Independent Living (HYA)","0","25","0"
"2021-05-16T00:00:00.000","Transitional Independent Living (TIL)","141","495","0.28"
"2021-05-17T00:00:00.000","Crisis Shelters","67","250","0.27"
"2021-05-17T00:00:00.000","Crisis Shelters (HYA)","0","35","0"
"2021-05-17T00:00:00.000","Transitional Independent Living (HYA)","0","25","0"
"2021-05-17T00:00:00.000","Transitional Independent Living (TIL)","139","495","0.28"
"2021-05-18T00:00:00.000","Crisis Shelters","71","250","0.28"
"2021-05-18T00:00:00.000","Crisis Shelters (HYA)","0","35","0"
"2021-05-18T00:00:00.000","Transitional Independent Living (HYA)","0","25","0"
"2021-05-18T00:00:00.000","Transitional Independent Living (TIL)","140","495","0.28"
"2021-05-19T00:00:00.000","Crisis Shelters","74","250","0.3"
"2021-05-19T00:00:00.000","Crisis Shelters (HYA)","0","35","0"
"2021-05-19T00:00:00.000","Transitional Independent Living (HYA)","0","25","0"
"2021-05-19T00:00:00.000","Transitional Independent Living (TIL)","146","495","0.29"
"2021-05-20T00:00:00.000","Crisis Shelters","72","250","0.29"
"2021-05-20T00:00:00.000","Crisis Shelters (HYA)","1","35","0.03"
"2021-05-20T00:00:00.000","Transitional Independent Living (HYA)","0","25","0"
"2021-05-20T00:00:00.000","Transitional Independent Living (TIL)","140","495","0.28"
"2021-05-21T00:00:00.000","Crisis Shelters","73","250","0.29"
"2021-05-21T00:00:00.000","Crisis Shelters (HYA)","1","35","0.03"
"2021-05-21T00:00:00.000","Transitional Independent Living (HYA)","0","25","0"
"2021-05-21T00:00:00.000","Transitional Independent Living (TIL)","143","495","0.29"
"2021-05-22T00:00:00.000","Crisis Shelters","71","250","0.28"
"2021-05-22T00:00:00.000","Crisis Shelters (HYA)","2","35","0.06"
"2021-05-22T00:00:00.000","Transitional Independent Living (HYA)","0","25","0"
"2021-05-22T00:00:00.000","Transitional Independent Living (TIL)","143","495","0.29"
"2021-05-23T00:00:00.000","Crisis Shelters","75","250","0.3"
"2021-05-23T00:00:00.000","Crisis Shelters (HYA)","1","35","0.03"
"2021-05-23T00:00:00.000","Transitional Independent Living (HYA)","0","25","0"
"2021-05-23T00:00:00.000","Transitional Independent Living (TIL)","143","495","0.29"
"2021-05-24T00:00:00.000","Crisis Shelters","72","250","0.29"
"2021-05-24T00:00:00.000","Crisis Shelters (HYA)","1","35","0.03"
"2021-05-24T00:00:00.000","Transitional Independent Living (HYA)","0","25","0"
"2021-05-24T00:00:00.000","Transitional Independent Living (TIL)","146","495","0.29"
"2021-05-25T00:00:00.000","Crisis Shelters","70","250","0.28"
"2021-05-25T00:00:00.000","Crisis Shelters (HYA)","1","35","0.03"
"2021-05-25T00:00:00.000","Transitional Independent Living (HYA)","0","25","0"
"2021-05-25T00:00:00.000","Transitional Independent Living (TIL)","145","495","0.29"
"2021-05-26T00:00:00.000","Crisis Shelters","66","250","0.26"
"2021-05-26T00:00:00.000","Crisis Shelters (HYA)","2","35","0.06"
"2021-05-26T00:00:00.000","Transitional Independent Living (HYA)","0","25","0"
"2021-05-26T00:00:00.000","Transitional Independent Living (TIL)","144","495","0.29"
"2021-05-27T00:00:00.000","Crisis Shelters","65","250","0.26"
"2021-05-27T00:00:00.000","Crisis Shelters (HYA)","5","35","0.14"
"2021-05-27T00:00:00.000","Transitional Independent Living (HYA)","0","25","0"
"2021-05-27T00:00:00.000","Transitional Independent Living (TIL)","144","495","0.29"
"2021-05-28T00:00:00.000","Crisis Shelters","64","250","0.26"
"2021-05-28T00:00:00.000","Crisis Shelters (HYA)","5","35","0.14"
"2021-05-28T00:00:00.000","Transitional Independent Living (HYA)","0","25","0"
"2021-05-28T00:00:00.000","Transitional Independent Living (TIL)","147","495","0.3"
"2021-05-29T00:00:00.000","Crisis Shelters","62","250","0.25"
"2021-05-29T00:00:00.000","Crisis Shelters (HYA)","5","35","0.14"
"2021-05-29T00:00:00.000","Transitional Independent Living (HYA)","0","25","0"
"2021-05-29T00:00:00.000","Transitional Independent Living (TIL)","149","495","0.3"
"2021-05-30T00:00:00.000","Crisis Shelters","63","250","0.25"
"2021-05-30T00:00:00.000","Crisis Shelters (HYA)","5","35","0.14"
"2021-05-30T00:00:00.000","Transitional Independent Living (HYA)","0","25","0"
"2021-05-30T00:00:00.000","Transitional Independent Living (TIL)","151","495","0.31"
"2021-05-31T00:00:00.000","Crisis Shelters","66","250","0.26"
"2021-05-31T00:00:00.000","Crisis Shelters (HYA)","5","35","0.14"
"2021-05-31T00:00:00.000","Transitional Independent Living (HYA)","0","25","0"
"2021-05-31T00:00:00.000","Transitional Independent Living (TIL)","151","495","0.31"
"2021-06-01T00:00:00.000","Crisis Shelters","68","250","0.27"
"2021-06-01T00:00:00.000","Crisis Shelters (HYA)","5","35","0.14"
"2021-06-01T00:00:00.000","Transitional Independent Living (HYA)","0","25","0"
"2021-06-01T00:00:00.000","Transitional Independent Living (TIL)","151","495","0.31"
"2021-06-02T00:00:00.000","Crisis Shelters","65","250","0.26"
"2021-06-02T00:00:00.000","Crisis Shelters (HYA)","5","35","0.14"
"2021-06-02T00:00:00.000","Transitional Independent Living (HYA)","0","25","0"
"2021-06-02T00:00:00.000","Transitional Independent Living (TIL)","148","495","0.3"
"2021-06-03T00:00:00.000","Crisis Shelters","67","250","0.27"
"2021-06-03T00:00:00.000","Crisis Shelters (HYA)","5","35","0.14"
"2021-06-03T00:00:00.000","Transitional Independent Living (HYA)","0","25","0"
"2021-06-03T00:00:00.000","Transitional Independent Living (TIL)","146","495","0.29"
"2021-06-04T00:00:00.000","Crisis Shelters","71","250","0.28"
"2021-06-04T00:00:00.000","Crisis Shelters (HYA)","4","35","0.11"
"2021-06-04T00:00:00.000","Transitional Independent Living (HYA)","0","25","0"
"2021-06-04T00:00:00.000","Transitional Independent Living (TIL)","143","495","0.29"
"2021-06-05T00:00:00.000","Crisis Shelters","75","250","0.3"
"2021-06-05T00:00:00.000","Crisis Shelters (HYA)","4","35","0.11"
"2021-06-05T00:00:00.000","Transitional Independent Living (HYA)","0","25","0"
"2021-06-05T00:00:00.000","Transitional Independent Living (TIL)","144","495","0.29"
"2021-06-06T00:00:00.000","Crisis Shelters","78","250","0.31"
"2021-06-06T00:00:00.000","Crisis Shelters (HYA)","4","35","0.11"
"2021-06-06T00:00:00.000","Transitional Independent Living (HYA)","1","25","0.04"
"2021-06-06T00:00:00.000","Transitional Independent Living (TIL)","143","495","0.29"
"2021-06-07T00:00:00.000","Crisis Shelters","77","250","0.31"
"2021-06-07T00:00:00.000","Crisis Shelters (HYA)","4","35","0.11"
"2021-06-07T00:00:00.000","Transitional Independent Living (HYA)","1","25","0.04"
"2021-06-07T00:00:00.000","Transitional Independent Living (TIL)","144","495","0.29"
"2021-06-08T00:00:00.000","Crisis Shelters","77","250","0.31"
"2021-06-08T00:00:00.000","Crisis Shelters (HYA)","4","35","0.11"
"2021-06-08T00:00:00.000","Transitional Independent Living (HYA)","1","25","0.04"
"2021-06-08T00:00:00.000","Transitional Independent Living (TIL)","142","495","0.29"
"2021-06-09T00:00:00.000","Crisis Shelters","82","250","0.33"
"2021-06-09T00:00:00.000","Crisis Shelters (HYA)","5","35","0.14"
"2021-06-09T00:00:00.000","Transitional Independent Living (HYA)","1","25","0.04"
"2021-06-09T00:00:00.000","Transitional Independent Living (TIL)","140","495","0.28"
"2021-06-10T00:00:00.000","Crisis Shelters","82","250","0.33"
"2021-06-10T00:00:00.000","Crisis Shelters (HYA)","5","35","0.14"
"2021-06-10T00:00:00.000","Transitional Independent Living (HYA)","0","25","0"
"2021-06-10T00:00:00.000","Transitional Independent Living (TIL)","140","495","0.28"
"2021-06-11T00:00:00.000","Crisis Shelters","81","250","0.32"
"2021-06-11T00:00:00.000","Crisis Shelters (HYA)","5","35","0.14"
"2021-06-11T00:00:00.000","Transitional Independent Living (HYA)","0","25","0"
"2021-06-11T00:00:00.000","Transitional Independent Living (TIL)","142","495","0.29"
"2021-06-12T00:00:00.000","Crisis Shelters","78","250","0.31"
"2021-06-12T00:00:00.000","Crisis Shelters (HYA)","4","35","0.11"
"2021-06-12T00:00:00.000","Transitional Independent Living (HYA)","0","25","0"
"2021-06-12T00:00:00.000","Transitional Independent Living (TIL)","141","495","0.28"
"2021-06-13T00:00:00.000","Crisis Shelters","81","250","0.32"
"2021-06-13T00:00:00.000","Crisis Shelters (HYA)","4","35","0.11"
"2021-06-13T00:00:00.000","Transitional Independent Living (HYA)","0","25","0"
"2021-06-13T00:00:00.000","Transitional Independent Living (TIL)","140","495","0.28"
"2021-06-14T00:00:00.000","Crisis Shelters","72","250","0.29"
"2021-06-14T00:00:00.000","Crisis Shelters (HYA)","4","35","0.11"
"2021-06-14T00:00:00.000","Transitional Independent Living (HYA)","0","25","0"
"2021-06-14T00:00:00.000","Transitional Independent Living (TIL)","140","495","0.28"
"2021-06-15T00:00:00.000","Crisis Shelters","80","250","0.32"
"2021-06-15T00:00:00.000","Crisis Shelters (HYA)","2","35","0.06"
"2021-06-15T00:00:00.000","Transitional Independent Living (HYA)","0","25","0"
"2021-06-15T00:00:00.000","Transitional Independent Living (TIL)","137","495","0.28"
"2021-06-16T00:00:00.000","Crisis Shelters","84","250","0.34"
"2021-06-16T00:00:00.000","Crisis Shelters (HYA)","2","35","0.06"
"2021-06-16T00:00:00.000","Transitional Independent Living (HYA)","0","25","0"
"2021-06-16T00:00:00.000","Transitional Independent Living (TIL)","137","495","0.28"
"2021-06-17T00:00:00.000","Crisis Shelters","82","250","0.33"
"2021-06-17T00:00:00.000","Crisis Shelters (HYA)","4","35","0.11"
"2021-06-17T00:00:00.000","Transitional Independent Living (HYA)","0","25","0"
"2021-06-17T00:00:00.000","Transitional Independent Living (TIL)","138","495","0.28"
"2021-06-18T00:00:00.000","Crisis Shelters","77","250","0.31"
"2021-06-18T00:00:00.000","Crisis Shelters (HYA)","4","35","0.11"
"2021-06-18T00:00:00.000","Transitional Independent Living (HYA)","0","25","0"
"2021-06-18T00:00:00.000","Transitional Independent Living (TIL)","139","495","0.28"
"2021-06-19T00:00:00.000","Crisis Shelters","78","250","0.31"
"2021-06-19T00:00:00.000","Crisis Shelters (HYA)","4","35","0.11"
"2021-06-19T00:00:00.000","Transitional Independent Living (HYA)","0","25","0"
"2021-06-19T00:00:00.000","Transitional Independent Living (TIL)","139","495","0.28"
"2021-06-20T00:00:00.000","Crisis Shelters","77","250","0.31"
"2021-06-20T00:00:00.000","Crisis Shelters (HYA)","4","35","0.11"
"2021-06-20T00:00:00.000","Transitional Independent Living (HYA)","0","25","0"
"2021-06-20T00:00:00.000","Transitional Independent Living (TIL)","141","495","0.28"
"2021-06-21T00:00:00.000","Crisis Shelters","75","250","0.3"
"2021-06-21T00:00:00.000","Crisis Shelters (HYA)","5","35","0.14"
"2021-06-21T00:00:00.000","Transitional Independent Living (HYA)","0","25","0"
"2021-06-21T00:00:00.000","Transitional Independent Living (TIL)","142","495","0.29"
"2021-06-22T00:00:00.000","Crisis Shelters","80","250","0.32"
"2021-06-22T00:00:00.000","Crisis Shelters (HYA)","4","35","0.11"
"2021-06-22T00:00:00.000","Transitional Independent Living (HYA)","0","25","0"
"2021-06-22T00:00:00.000","Transitional Independent Living (TIL)","137","495","0.28"
"2021-06-23T00:00:00.000","Crisis Shelters","76","250","0.3"
"2021-06-23T00:00:00.000","Crisis Shelters (HYA)","3","35","0.09"
"2021-06-23T00:00:00.000","Transitional Independent Living (HYA)","0","25","0"
"2021-06-23T00:00:00.000","Transitional Independent Living (TIL)","138","495","0.28"
"2021-06-24T00:00:00.000","Crisis Shelters","75","250","0.3"
"2021-06-24T00:00:00.000","Crisis Shelters (HYA)","5","35","0.14"
"2021-06-24T00:00:00.000","Transitional Independent Living (HYA)","0","25","0"
"2021-06-24T00:00:00.000","Transitional Independent Living (TIL)","137","495","0.28"
"2021-06-25T00:00:00.000","Crisis Shelters","75","250","0.3"
"2021-06-25T00:00:00.000","Crisis Shelters (HYA)","5","35","0.14"
"2021-06-25T00:00:00.000","Transitional Independent Living (HYA)","0","25","0"
"2021-06-25T00:00:00.000","Transitional Independent Living (TIL)","136","495","0.27"
"2021-06-26T00:00:00.000","Crisis Shelters","72","250","0.29"
"2021-06-26T00:00:00.000","Crisis Shelters (HYA)","5","35","0.14"
"2021-06-26T00:00:00.000","Transitional Independent Living (HYA)","0","25","0"
"2021-06-26T00:00:00.000","Transitional Independent Living (TIL)","137","495","0.28"
"2021-06-27T00:00:00.000","Crisis Shelters","67","250","0.27"
"2021-06-27T00:00:00.000","Crisis Shelters (HYA)","5","35","0.14"
"2021-06-27T00:00:00.000","Transitional Independent Living (HYA)","0","25","0"
"2021-06-27T00:00:00.000","Transitional Independent Living (TIL)","138","495","0.28"
"2021-06-28T00:00:00.000","Crisis Shelters","66","250","0.26"
"2021-06-28T00:00:00.000","Crisis Shelters (HYA)","6","35","0.17"
"2021-06-28T00:00:00.000","Transitional Independent Living (HYA)","0","25","0"
"2021-06-28T00:00:00.000","Transitional Independent Living (TIL)","139","495","0.28"
"2021-06-29T00:00:00.000","Crisis Shelters","68","250","0.27"
"2021-06-29T00:00:00.000","Crisis Shelters (HYA)","5","35","0.14"
"2021-06-29T00:00:00.000","Transitional Independent Living (HYA)","0","25","0"
"2021-06-29T00:00:00.000","Transitional Independent Living (TIL)","140","495","0.28"
"2021-06-30T00:00:00.000","Crisis Shelters","71","250","0.28"
"2021-06-30T00:00:00.000","Crisis Shelters (HYA)","10","35","0.29"
"2021-06-30T00:00:00.000","Transitional Independent Living (HYA)","0","25","0"
"2021-06-30T00:00:00.000","Transitional Independent Living (TIL)","141","495","0.28"
"2021-07-01T00:00:00.000","Crisis Shelters","70","258","0.27"
"2021-07-01T00:00:00.000","Crisis Shelters (HYA)","4","35","0.11"
"2021-07-01T00:00:00.000","Transitional Independent Living (HYA)","0","25","0"
"2021-07-01T00:00:00.000","Transitional Independent Living (TIL)","141","495","0.28"
"2021-07-02T00:00:00.000","Crisis Shelters","73","258","0.28"
"2021-07-02T00:00:00.000","Crisis Shelters (HYA)","3","35","0.09"
"2021-07-02T00:00:00.000","Transitional Independent Living (HYA)","0","25","0"
"2021-07-02T00:00:00.000","Transitional Independent Living (TIL)","141","495","0.28"
"2021-07-03T00:00:00.000","Crisis Shelters","69","258","0.27"
"2021-07-03T00:00:00.000","Crisis Shelters (HYA)","3","35","0.09"
"2021-07-03T00:00:00.000","Transitional Independent Living (HYA)","1","25","0.04"
"2021-07-03T00:00:00.000","Transitional Independent Living (TIL)","141","495","0.28"
"2021-07-04T00:00:00.000","Crisis Shelters","70","258","0.27"
"2021-07-04T00:00:00.000","Crisis Shelters (HYA)","3","35","0.09"
"2021-07-04T00:00:00.000","Transitional Independent Living (HYA)","1","25","0.04"
"2021-07-04T00:00:00.000","Transitional Independent Living (TIL)","140","495","0.28"
"2021-07-05T00:00:00.000","Crisis Shelters","70","258","0.27"
"2021-07-05T00:00:00.000","Crisis Shelters (HYA)","3","35","0.09"
"2021-07-05T00:00:00.000","Transitional Independent Living (HYA)","1","25","0.04"
"2021-07-05T00:00:00.000","Transitional Independent Living (TIL)","140","495","0.28"
"2021-07-06T00:00:00.000","Crisis Shelters","76","258","0.29"
"2021-07-06T00:00:00.000","Crisis Shelters (HYA)","4","35","0.11"
"2021-07-06T00:00:00.000","Transitional Independent Living (HYA)","1","25","0.04"
"2021-07-06T00:00:00.000","Transitional Independent Living (TIL)","140","495","0.28"
"2021-07-07T00:00:00.000","Crisis Shelters","81","258","0.31"
"2021-07-07T00:00:00.000","Crisis Shelters (HYA)","8","35","0.23"
"2021-07-07T00:00:00.000","Transitional Independent Living (HYA)","0","25","0"
"2021-07-07T00:00:00.000","Transitional Independent Living (TIL)","140","495","0.28"
"2021-07-08T00:00:00.000","Crisis Shelters","83","258","0.32"
"2021-07-08T00:00:00.000","Crisis Shelters (HYA)","6","35","0.17"
"2021-07-08T00:00:00.000","Transitional Independent Living (HYA)","0","25","0"
"2021-07-08T00:00:00.000","Transitional Independent Living (TIL)","142","495","0.29"
"2021-07-09T00:00:00.000","Crisis Shelters","84","258","0.33"
"2021-07-09T00:00:00.000","Crisis Shelters (HYA)","6","35","0.17"
"2021-07-09T00:00:00.000","Transitional Independent Living (HYA)","0","25","0"
"2021-07-09T00:00:00.000","Transitional Independent Living (TIL)","141","495","0.28"
"2021-07-10T00:00:00.000","Crisis Shelters","82","258","0.32"
"2021-07-10T00:00:00.000","Crisis Shelters (HYA)","6","35","0.17"
"2021-07-10T00:00:00.000","Transitional Independent Living (HYA)","0","25","0"
"2021-07-10T00:00:00.000","Transitional Independent Living (TIL)","142","495","0.29"
"2021-07-11T00:00:00.000","Crisis Shelters","83","258","0.32"
"2021-07-11T00:00:00.000","Crisis Shelters (HYA)","5","35","0.14"
"2021-07-11T00:00:00.000","Transitional Independent Living (HYA)","0","25","0"
"2021-07-11T00:00:00.000","Transitional Independent Living (TIL)","144","495","0.29"
"2021-07-12T00:00:00.000","Crisis Shelters","86","258","0.33"
"2021-07-12T00:00:00.000","Crisis Shelters (HYA)","5","35","0.14"
"2021-07-12T00:00:00.000","Transitional Independent Living (HYA)","1","25","0.04"
"2021-07-12T00:00:00.000","Transitional Independent Living (TIL)","144","495","0.29"
"2021-07-13T00:00:00.000","Crisis Shelters","93","258","0.36"
"2021-07-13T00:00:00.000","Crisis Shelters (HYA)","0","35","0"
"2021-07-13T00:00:00.000","Transitional Independent Living (HYA)","1","25","0.04"
"2021-07-13T00:00:00.000","Transitional Independent Living (TIL)","141","495","0.28"
"2021-07-14T00:00:00.000","Crisis Shelters","86","258","0.33"
"2021-07-14T00:00:00.000","Crisis Shelters (HYA)","1","35","0.03"
"2021-07-14T00:00:00.000","Transitional Independent Living (HYA)","1","25","0.04"
"2021-07-14T00:00:00.000","Transitional Independent Living (TIL)","140","495","0.28"
"2021-07-15T00:00:00.000","Crisis Shelters","86","258","0.33"
"2021-07-15T00:00:00.000","Crisis Shelters (HYA)","1","35","0.03"
"2021-07-15T00:00:00.000","Transitional Independent Living (HYA)","1","25","0.04"
"2021-07-15T00:00:00.000","Transitional Independent Living (TIL)","143","495","0.29"
"2021-07-16T00:00:00.000","Crisis Shelters","86","258","0.33"
"2021-07-16T00:00:00.000","Crisis Shelters (HYA)","1","35","0.03"
"2021-07-16T00:00:00.000","Transitional Independent Living (HYA)","1","25","0.04"
"2021-07-16T00:00:00.000","Transitional Independent Living (TIL)","139","495","0.28"
"2021-07-17T00:00:00.000","Crisis Shelters","82","258","0.32"
"2021-07-17T00:00:00.000","Crisis Shelters (HYA)","1","35","0.03"
"2021-07-17T00:00:00.000","Transitional Independent Living (HYA)","1","25","0.04"
"2021-07-17T00:00:00.000","Transitional Independent Living (TIL)","138","495","0.28"
"2021-07-18T00:00:00.000","Crisis Shelters","82","258","0.32"
"2021-07-18T00:00:00.000","Crisis Shelters (HYA)","3","35","0.09"
"2021-07-18T00:00:00.000","Transitional Independent Living (HYA)","1","25","0.04"
"2021-07-18T00:00:00.000","Transitional Independent Living (TIL)","137","495","0.28"
"2021-07-19T00:00:00.000","Crisis Shelters","86","258","0.33"
"2021-07-19T00:00:00.000","Crisis Shelters (HYA)","2","35","0.06"
"2021-07-19T00:00:00.000","Transitional Independent Living (HYA)","1","25","0.04"
"2021-07-19T00:00:00.000","Transitional Independent Living (TIL)","138","495","0.28"
"2021-07-20T00:00:00.000","Crisis Shelters","77","258","0.3"
"2021-07-20T00:00:00.000","Crisis Shelters (HYA)","2","35","0.06"
"2021-07-20T00:00:00.000","Transitional Independent Living (HYA)","1","25","0.04"
"2021-07-20T00:00:00.000","Transitional Independent Living (TIL)","141","495","0.28"
"2021-07-21T00:00:00.000","Crisis Shelters","75","258","0.29"
"2021-07-21T00:00:00.000","Crisis Shelters (HYA)","2","35","0.06"
"2021-07-21T00:00:00.000","Transitional Independent Living (HYA)","1","25","0.04"
"2021-07-21T00:00:00.000","Transitional Independent Living (TIL)","139","495","0.28"
"2021-07-22T00:00:00.000","Crisis Shelters","79","258","0.31"
"2021-07-22T00:00:00.000","Crisis Shelters (HYA)","2","35","0.06"
"2021-07-22T00:00:00.000","Transitional Independent Living (HYA)","1","25","0.04"
"2021-07-22T00:00:00.000","Transitional Independent Living (TIL)","137","495","0.28"
"2021-07-23T00:00:00.000","Crisis Shelters","83","258","0.32"
"2021-07-23T00:00:00.000","Crisis Shelters (HYA)","2","35","0.06"
"2021-07-23T00:00:00.000","Transitional Independent Living (HYA)","1","25","0.04"
"2021-07-23T00:00:00.000","Transitional Independent Living (TIL)","138","495","0.28"
"2021-07-24T00:00:00.000","Crisis Shelters","83","258","0.32"
"2021-07-24T00:00:00.000","Crisis Shelters (HYA)","3","35","0.09"
"2021-07-24T00:00:00.000","Transitional Independent Living (HYA)","1","25","0.04"
"2021-07-24T00:00:00.000","Transitional Independent Living (TIL)","142","495","0.29"
"2021-07-25T00:00:00.000","Crisis Shelters","84","258","0.33"
"2021-07-25T00:00:00.000","Crisis Shelters (HYA)","4","35","0.11"
"2021-07-25T00:00:00.000","Transitional Independent Living (HYA)","1","25","0.04"
"2021-07-25T00:00:00.000","Transitional Independent Living (TIL)","145","495","0.29"
"2021-07-26T00:00:00.000","Crisis Shelters","86","258","0.33"
"2021-07-26T00:00:00.000","Crisis Shelters (HYA)","4","35","0.11"
"2021-07-26T00:00:00.000","Transitional Independent Living (HYA)","1","25","0.04"
"2021-07-26T00:00:00.000","Transitional Independent Living (TIL)","146","495","0.29"
"2021-07-27T00:00:00.000","Crisis Shelters","80","258","0.31"
"2021-07-27T00:00:00.000","Crisis Shelters (HYA)","4","35","0.11"
"2021-07-27T00:00:00.000","Transitional Independent Living (HYA)","1","25","0.04"
"2021-07-27T00:00:00.000","Transitional Independent Living (TIL)","146","495","0.29"
"2021-07-28T00:00:00.000","Crisis Shelters","80","258","0.31"
"2021-07-28T00:00:00.000","Crisis Shelters (HYA)","3","35","0.09"
"2021-07-28T00:00:00.000","Transitional Independent Living (HYA)","1","25","0.04"
"2021-07-28T00:00:00.000","Transitional Independent Living (TIL)","145","495","0.29"
"2021-07-29T00:00:00.000","Crisis Shelters","80","258","0.31"
"2021-07-29T00:00:00.000","Crisis Shelters (HYA)","3","35","0.09"
"2021-07-29T00:00:00.000","Transitional Independent Living (HYA)","1","25","0.04"
"2021-07-29T00:00:00.000","Transitional Independent Living (TIL)","146","495","0.29"
"2021-07-30T00:00:00.000","Crisis Shelters","73","258","0.28"
"2021-07-30T00:00:00.000","Crisis Shelters (HYA)","3","35","0.09"
"2021-07-30T00:00:00.000","Transitional Independent Living (HYA)","1","25","0.04"
"2021-07-30T00:00:00.000","Transitional Independent Living (TIL)","148","495","0.3"
"2021-07-31T00:00:00.000","Crisis Shelters","73","258","0.28"
"2021-07-31T00:00:00.000","Crisis Shelters (HYA)","3","35","0.09"
"2021-07-31T00:00:00.000","Transitional Independent Living (HYA)","1","25","0.04"
"2021-07-31T00:00:00.000","Transitional Independent Living (TIL)","148","495","0.3"
"2021-08-01T00:00:00.000","Crisis Shelters","71","258","0.28"
"2021-08-01T00:00:00.000","Crisis Shelters (HYA)","3","35","0.09"
"2021-08-01T00:00:00.000","Transitional Independent Living (HYA)","1","25","0.04"
"2021-08-01T00:00:00.000","Transitional Independent Living (TIL)","149","495","0.3"
"2021-08-02T00:00:00.000","Crisis Shelters","72","258","0.28"
"2021-08-02T00:00:00.000","Crisis Shelters (HYA)","2","35","0.06"
"2021-08-02T00:00:00.000","Transitional Independent Living (HYA)","1","25","0.04"
"2021-08-02T00:00:00.000","Transitional Independent Living (TIL)","150","495","0.3"
"2021-08-03T00:00:00.000","Crisis Shelters","74","258","0.29"
"2021-08-03T00:00:00.000","Crisis Shelters (HYA)","3","35","0.09"
"2021-08-03T00:00:00.000","Transitional Independent Living (HYA)","1","25","0.04"
"2021-08-03T00:00:00.000","Transitional Independent Living (TIL)","154","495","0.31"
"2021-08-04T00:00:00.000","Crisis Shelters","73","258","0.28"
"2021-08-04T00:00:00.000","Crisis Shelters (HYA)","3","35","0.09"
"2021-08-04T00:00:00.000","Transitional Independent Living (HYA)","1","25","0.04"
"2021-08-04T00:00:00.000","Transitional Independent Living (TIL)","155","495","0.31"
"2021-08-05T00:00:00.000","Crisis Shelters","76","258","0.29"
"2021-08-05T00:00:00.000","Crisis Shelters (HYA)","2","35","0.06"
"2021-08-05T00:00:00.000","Transitional Independent Living (HYA)","1","25","0.04"
"2021-08-05T00:00:00.000","Transitional Independent Living (TIL)","152","495","0.31"
"2021-08-06T00:00:00.000","Crisis Shelters","77","258","0.3"
"2021-08-06T00:00:00.000","Crisis Shelters (HYA)","1","35","0.03"
"2021-08-06T00:00:00.000","Transitional Independent Living (HYA)","1","25","0.04"
"2021-08-06T00:00:00.000","Transitional Independent Living (TIL)","154","495","0.31"
"2021-08-07T00:00:00.000","Crisis Shelters","72","258","0.28"
"2021-08-07T00:00:00.000","Crisis Shelters (HYA)","2","35","0.06"
"2021-08-07T00:00:00.000","Transitional Independent Living (HYA)","1","25","0.04"
"2021-08-07T00:00:00.000","Transitional Independent Living (TIL)","152","495","0.31"
"2021-08-08T00:00:00.000","Crisis Shelters","75","258","0.29"
"2021-08-08T00:00:00.000","Crisis Shelters (HYA)","2","35","0.06"
"2021-08-08T00:00:00.000","Transitional Independent Living (HYA)","1","25","0.04"
"2021-08-08T00:00:00.000","Transitional Independent Living (TIL)","152","495","0.31"
"2021-08-09T00:00:00.000","Crisis Shelters","74","258","0.29"
"2021-08-09T00:00:00.000","Crisis Shelters (HYA)","2","35","0.06"
"2021-08-09T00:00:00.000","Transitional Independent Living (HYA)","1","25","0.04"
"2021-08-09T00:00:00.000","Transitional Independent Living (TIL)","153","495","0.31"
"2021-08-10T00:00:00.000","Crisis Shelters","71","258","0.28"
"2021-08-10T00:00:00.000","Crisis Shelters (HYA)","3","35","0.09"
"2021-08-10T00:00:00.000","Transitional Independent Living (HYA)","1","25","0.04"
"2021-08-10T00:00:00.000","Transitional Independent Living (TIL)","159","495","0.32"
"2021-08-11T00:00:00.000","Crisis Shelters","74","258","0.29"
"2021-08-11T00:00:00.000","Crisis Shelters (HYA)","3","35","0.09"
"2021-08-11T00:00:00.000","Transitional Independent Living (HYA)","1","25","0.04"
"2021-08-11T00:00:00.000","Transitional Independent Living (TIL)","159","495","0.32"
"2021-08-12T00:00:00.000","Crisis Shelters","76","258","0.29"
"2021-08-12T00:00:00.000","Crisis Shelters (HYA)","3","35","0.09"
"2021-08-12T00:00:00.000","Transitional Independent Living (HYA)","1","25","0.04"
"2021-08-12T00:00:00.000","Transitional Independent Living (TIL)","159","495","0.32"
"2021-08-13T00:00:00.000","Crisis Shelters","77","258","0.3"
"2021-08-13T00:00:00.000","Crisis Shelters (HYA)","3","35","0.09"
"2021-08-13T00:00:00.000","Transitional Independent Living (HYA)","1","25","0.04"
"2021-08-13T00:00:00.000","Transitional Independent Living (TIL)","157","495","0.32"
"2021-08-14T00:00:00.000","Crisis Shelters","76","258","0.29"
"2021-08-14T00:00:00.000","Crisis Shelters (HYA)","2","35","0.06"
"2021-08-14T00:00:00.000","Transitional Independent Living (HYA)","1","25","0.04"
"2021-08-14T00:00:00.000","Transitional Independent Living (TIL)","158","495","0.32"
"2021-08-15T00:00:00.000","Crisis Shelters","81","258","0.31"
"2021-08-15T00:00:00.000","Crisis Shelters (HYA)","2","35","0.06"
"2021-08-15T00:00:00.000","Transitional Independent Living (HYA)","1","25","0.04"
"2021-08-15T00:00:00.000","Transitional Independent Living (TIL)","159","495","0.32"
"2021-08-16T00:00:00.000","Crisis Shelters","82","258","0.32"
"2021-08-16T00:00:00.000","Crisis Shelters (HYA)","1","35","0.03"
"2021-08-16T00:00:00.000","Transitional Independent Living (HYA)","1","25","0.04"
"2021-08-16T00:00:00.000","Transitional Independent Living (TIL)","160","495","0.32"
"2021-08-17T00:00:00.000","Crisis Shelters","79","258","0.31"
"2021-08-17T00:00:00.000","Crisis Shelters (HYA)","1","35","0.03"
"2021-08-17T00:00:00.000","Transitional Independent Living (HYA)","1","25","0.04"
"2021-08-17T00:00:00.000","Transitional Independent Living (TIL)","161","495","0.33"
"2021-08-18T00:00:00.000","Crisis Shelters","82","258","0.32"
"2021-08-18T00:00:00.000","Crisis Shelters (HYA)","5","35","0.14"
"2021-08-18T00:00:00.000","Transitional Independent Living (HYA)","1","25","0.04"
"2021-08-18T00:00:00.000","Transitional Independent Living (TIL)","162","495","0.33"
"2021-08-19T00:00:00.000","Crisis Shelters","86","258","0.33"
"2021-08-19T00:00:00.000","Crisis Shelters (HYA)","2","35","0.06"
"2021-08-19T00:00:00.000","Transitional Independent Living (HYA)","1","25","0.04"
"2021-08-19T00:00:00.000","Transitional Independent Living (TIL)","158","495","0.32"
"2021-08-20T00:00:00.000","Crisis Shelters","87","258","0.34"
"2021-08-20T00:00:00.000","Crisis Shelters (HYA)","1","35","0.03"
"2021-08-20T00:00:00.000","Transitional Independent Living (HYA)","1","25","0.04"
"2021-08-20T00:00:00.000","Transitional Independent Living (TIL)","158","495","0.32"
"2021-08-21T00:00:00.000","Crisis Shelters","90","258","0.35"
"2021-08-21T00:00:00.000","Crisis Shelters (HYA)","3","35","0.09"
"2021-08-21T00:00:00.000","Transitional Independent Living (HYA)","1","25","0.04"
"2021-08-21T00:00:00.000","Transitional Independent Living (TIL)","156","495","0.32"
"2021-08-22T00:00:00.000","Crisis Shelters","90","258","0.35"
"2021-08-22T00:00:00.000","Crisis Shelters (HYA)","4","35","0.11"
"2021-08-22T00:00:00.000","Transitional Independent Living (HYA)","1","25","0.04"
"2021-08-22T00:00:00.000","Transitional Independent Living (TIL)","155","495","0.31"
"2021-08-23T00:00:00.000","Crisis Shelters","88","258","0.34"
"2021-08-23T00:00:00.000","Crisis Shelters (HYA)","3","35","0.09"
"2021-08-23T00:00:00.000","Transitional Independent Living (HYA)","1","25","0.04"
"2021-08-23T00:00:00.000","Transitional Independent Living (TIL)","156","495","0.32"
"2021-08-24T00:00:00.000","Crisis Shelters","84","258","0.33"
"2021-08-24T00:00:00.000","Crisis Shelters (HYA)","3","35","0.09"
"2021-08-24T00:00:00.000","Transitional Independent Living (HYA)","1","25","0.04"
"2021-08-24T00:00:00.000","Transitional Independent Living (TIL)","158","495","0.32"
"2021-08-25T00:00:00.000","Crisis Shelters","83","258","0.32"
"2021-08-25T00:00:00.000","Crisis Shelters (HYA)","3","35","0.09"
"2021-08-25T00:00:00.000","Transitional Independent Living (HYA)","1","25","0.04"
"2021-08-25T00:00:00.000","Transitional Independent Living (TIL)","159","495","0.32"
"2021-08-26T00:00:00.000","Crisis Shelters","77","258","0.3"
"2021-08-26T00:00:00.000","Crisis Shelters (HYA)","2","35","0.06"
"2021-08-26T00:00:00.000","Transitional Independent Living (HYA)","1","25","0.04"
"2021-08-26T00:00:00.000","Transitional Independent Living (TIL)","159","495","0.32"
"2021-08-27T00:00:00.000","Crisis Shelters","79","258","0.31"
"2021-08-27T00:00:00.000","Crisis Shelters (HYA)","3","35","0.09"
"2021-08-27T00:00:00.000","Transitional Independent Living (HYA)","1","25","0.04"
"2021-08-27T00:00:00.000","Transitional Independent Living (TIL)","160","495","0.32"
"2021-08-28T00:00:00.000","Crisis Shelters","82","258","0.32"
"2021-08-28T00:00:00.000","Crisis Shelters (HYA)","2","35","0.06"
"2021-08-28T00:00:00.000","Transitional Independent Living (HYA)","1","25","0.04"
"2021-08-28T00:00:00.000","Transitional Independent Living (TIL)","158","495","0.32"
"2021-08-29T00:00:00.000","Crisis Shelters","88","258","0.34"
"2021-08-29T00:00:00.000","Crisis Shelters (HYA)","3","35","0.09"
"2021-08-29T00:00:00.000","Transitional Independent Living (HYA)","1","25","0.04"
"2021-08-29T00:00:00.000","Transitional Independent Living (TIL)","158","495","0.32"
"2021-08-30T00:00:00.000","Crisis Shelters","101","258","0.39"
"2021-08-30T00:00:00.000","Crisis Shelters (HYA)","2","35","0.06"
"2021-08-30T00:00:00.000","Transitional Independent Living (HYA)","1","25","0.04"
"2021-08-30T00:00:00.000","Transitional Independent Living (TIL)","158","495","0.32"
"2021-08-31T00:00:00.000","Crisis Shelters","105","258","0.41"
"2021-08-31T00:00:00.000","Crisis Shelters (HYA)","1","35","0.03"
"2021-08-31T00:00:00.000","Transitional Independent Living (HYA)","1","25","0.04"
"2021-08-31T00:00:00.000","Transitional Independent Living (TIL)","152","495","0.31"
"2021-09-01T00:00:00.000","Crisis Shelters","108","258","0.42"
"2021-09-01T00:00:00.000","Crisis Shelters (HYA)","0","35","0"
"2021-09-01T00:00:00.000","Transitional Independent Living (HYA)","1","25","0.04"
"2021-09-01T00:00:00.000","Transitional Independent Living (TIL)","150","495","0.3"
"2021-09-02T00:00:00.000","Crisis Shelters","112","258","0.43"
"2021-09-02T00:00:00.000","Crisis Shelters (HYA)","0","35","0"
"2021-09-02T00:00:00.000","Transitional Independent Living (HYA)","1","25","0.04"
"2021-09-02T00:00:00.000","Transitional Independent Living (TIL)","152","495","0.31"
"2021-09-03T00:00:00.000","Crisis Shelters","111","258","0.43"
"2021-09-03T00:00:00.000","Crisis Shelters (HYA)","0","35","0"
"2021-09-03T00:00:00.000","Transitional Independent Living (HYA)","1","25","0.04"
"2021-09-03T00:00:00.000","Transitional Independent Living (TIL)","153","495","0.31"
"2021-09-04T00:00:00.000","Crisis Shelters","108","258","0.42"
"2021-09-04T00:00:00.000","Crisis Shelters (HYA)","0","35","0"
"2021-09-04T00:00:00.000","Transitional Independent Living (HYA)","1","25","0.04"
"2021-09-04T00:00:00.000","Transitional Independent Living (TIL)","153","495","0.31"
"2021-09-05T00:00:00.000","Crisis Shelters","108","258","0.42"
"2021-09-05T00:00:00.000","Crisis Shelters (HYA)","0","35","0"
"2021-09-05T00:00:00.000","Transitional Independent Living (HYA)","1","25","0.04"
"2021-09-05T00:00:00.000","Transitional Independent Living (TIL)","152","495","0.31"
"2021-09-06T00:00:00.000","Crisis Shelters","111","258","0.43"
"2021-09-06T00:00:00.000","Crisis Shelters (HYA)","2","35","0.06"
"2021-09-06T00:00:00.000","Transitional Independent Living (HYA)","1","25","0.04"
"2021-09-06T00:00:00.000","Transitional Independent Living (TIL)","154","495","0.31"
"2021-09-07T00:00:00.000","Crisis Shelters","97","258","0.38"
"2021-09-07T00:00:00.000","Crisis Shelters (HYA)","3","35","0.09"
"2021-09-07T00:00:00.000","Transitional Independent Living (HYA)","1","25","0.04"
"2021-09-07T00:00:00.000","Transitional Independent Living (TIL)","155","495","0.31"
"2021-09-08T00:00:00.000","Crisis Shelters","94","258","0.36"
"2021-09-08T00:00:00.000","Crisis Shelters (HYA)","4","35","0.11"
"2021-09-08T00:00:00.000","Transitional Independent Living (HYA)","1","25","0.04"
"2021-09-08T00:00:00.000","Transitional Independent Living (TIL)","156","495","0.32"
"2021-09-09T00:00:00.000","Crisis Shelters","90","258","0.35"
"2021-09-09T00:00:00.000","Crisis Shelters (HYA)","5","35","0.14"
"2021-09-09T00:00:00.000","Transitional Independent Living (HYA)","1","25","0.04"
"2021-09-09T00:00:00.000","Transitional Independent Living (TIL)","154","495","0.31"
"2021-09-10T00:00:00.000","Crisis Shelters","85","258","0.33"
"2021-09-10T00:00:00.000","Crisis Shelters (HYA)","5","35","0.14"
"2021-09-10T00:00:00.000","Transitional Independent Living (HYA)","1","25","0.04"
"2021-09-10T00:00:00.000","Transitional Independent Living (TIL)","155","495","0.31"
"2021-09-11T00:00:00.000","Crisis Shelters","83","258","0.32"
"2021-09-11T00:00:00.000","Crisis Shelters (HYA)","6","35","0.17"
"2021-09-11T00:00:00.000","Transitional Independent Living (HYA)","1","25","0.04"
"2021-09-11T00:00:00.000","Transitional Independent Living (TIL)","156","495","0.32"
"2021-09-12T00:00:00.000","Crisis Shelters","85","258","0.33"
"2021-09-12T00:00:00.000","Crisis Shelters (HYA)","5","35","0.14"
"2021-09-12T00:00:00.000","Transitional Independent Living (HYA)","1","25","0.04"
"2021-09-12T00:00:00.000","Transitional Independent Living (TIL)","155","495","0.31"
"2021-09-13T00:00:00.000","Crisis Shelters","77","258","0.3"
"2021-09-13T00:00:00.000","Crisis Shelters (HYA)","1","35","0.03"
"2021-09-13T00:00:00.000","Transitional Independent Living (HYA)","3","25","0.12"
"2021-09-13T00:00:00.000","Transitional Independent Living (TIL)","159","495","0.32"
"2021-09-14T00:00:00.000","Crisis Shelters","83","258","0.32"
"2021-09-14T00:00:00.000","Crisis Shelters (HYA)","1","35","0.03"
"2021-09-14T00:00:00.000","Transitional Independent Living (HYA)","1","25","0.04"
"2021-09-14T00:00:00.000","Transitional Independent Living (TIL)","158","495","0.32"
"2021-09-15T00:00:00.000","Crisis Shelters","73","258","0.28"
"2021-09-15T00:00:00.000","Crisis Shelters (HYA)","1","35","0.03"
"2021-09-15T00:00:00.000","Transitional Independent Living (HYA)","1","25","0.04"
"2021-09-15T00:00:00.000","Transitional Independent Living (TIL)","158","495","0.32"
"2021-09-16T00:00:00.000","Crisis Shelters","74","258","0.29"
"2021-09-16T00:00:00.000","Crisis Shelters (HYA)","1","35","0.03"
"2021-09-16T00:00:00.000","Transitional Independent Living (HYA)","1","25","0.04"
"2021-09-16T00:00:00.000","Transitional Independent Living (TIL)","156","495","0.32"
"2021-09-17T00:00:00.000","Crisis Shelters","76","258","0.29"
"2021-09-17T00:00:00.000","Crisis Shelters (HYA)","1","35","0.03"
"2021-09-17T00:00:00.000","Transitional Independent Living (HYA)","1","25","0.04"
"2021-09-17T00:00:00.000","Transitional Independent Living (TIL)","154","495","0.31"
"2021-09-18T00:00:00.000","Crisis Shelters","75","258","0.29"
"2021-09-18T00:00:00.000","Crisis Shelters (HYA)","1","35","0.03"
"2021-09-18T00:00:00.000","Transitional Independent Living (HYA)","1","25","0.04"
"2021-09-18T00:00:00.000","Transitional Independent Living (TIL)","155","495","0.31"
"2021-09-19T00:00:00.000","Crisis Shelters","75","258","0.29"
"2021-09-19T00:00:00.000","Crisis Shelters (HYA)","0","35","0"
"2021-09-19T00:00:00.000","Transitional Independent Living (HYA)","1","25","0.04"
"2021-09-19T00:00:00.000","Transitional Independent Living (TIL)","157","495","0.32"
"2021-09-20T00:00:00.000","Crisis Shelters","82","258","0.32"
"2021-09-20T00:00:00.000","Crisis Shelters (HYA)","0","35","0"
"2021-09-20T00:00:00.000","Transitional Independent Living (HYA)","1","25","0.04"
"2021-09-20T00:00:00.000","Transitional Independent Living (TIL)","160","495","0.32"
"2021-09-21T00:00:00.000","Crisis Shelters","84","258","0.33"
"2021-09-21T00:00:00.000","Crisis Shelters (HYA)","0","35","0"
"2021-09-21T00:00:00.000","Transitional Independent Living (HYA)","1","25","0.04"
"2021-09-21T00:00:00.000","Transitional Independent Living (TIL)","156","495","0.32"
"2021-09-22T00:00:00.000","Crisis Shelters","80","258","0.31"
"2021-09-22T00:00:00.000","Crisis Shelters (HYA)","0","35","0"
"2021-09-22T00:00:00.000","Transitional Independent Living (HYA)","1","25","0.04"
"2021-09-22T00:00:00.000","Transitional Independent Living (TIL)","156","495","0.32"
"2021-09-23T00:00:00.000","Crisis Shelters","80","258","0.31"
"2021-09-23T00:00:00.000","Crisis Shelters (HYA)","0","35","0"
"2021-09-23T00:00:00.000","Transitional Independent Living (HYA)","1","25","0.04"
"2021-09-23T00:00:00.000","Transitional Independent Living (TIL)","157","495","0.32"
"2021-09-24T00:00:00.000","Crisis Shelters","78","258","0.3"
"2021-09-24T00:00:00.000","Crisis Shelters (HYA)","0","35","0"
"2021-09-24T00:00:00.000","Transitional Independent Living (HYA)","2","25","0.08"
"2021-09-24T00:00:00.000","Transitional Independent Living (TIL)","156","495","0.32"
"2021-09-25T00:00:00.000","Crisis Shelters","77","258","0.3"
"2021-09-25T00:00:00.000","Crisis Shelters (HYA)","0","35","0"
"2021-09-25T00:00:00.000","Transitional Independent Living (HYA)","2","25","0.08"
"2021-09-25T00:00:00.000","Transitional Independent Living (TIL)","156","495","0.32"
"2021-09-26T00:00:00.000","Crisis Shelters","78","258","0.3"
"2021-09-26T00:00:00.000","Crisis Shelters (HYA)","0","35","0"
"2021-09-26T00:00:00.000","Transitional Independent Living (HYA)","2","25","0.08"
"2021-09-26T00:00:00.000","Transitional Independent Living (TIL)","158","495","0.32"
"2021-09-27T00:00:00.000","Crisis Shelters","84","258","0.33"
"2021-09-27T00:00:00.000","Crisis Shelters (HYA)","0","35","0"
"2021-09-27T00:00:00.000","Transitional Independent Living (HYA)","2","25","0.08"
"2021-09-27T00:00:00.000","Transitional Independent Living (TIL)","154","495","0.31"
"2021-09-28T00:00:00.000","Crisis Shelters","83","258","0.32"
"2021-09-28T00:00:00.000","Crisis Shelters (HYA)","4","35","0.11"
"2021-09-28T00:00:00.000","Transitional Independent Living (HYA)","2","25","0.08"
"2021-09-28T00:00:00.000","Transitional Independent Living (TIL)","152","495","0.31"
"2021-09-29T00:00:00.000","Crisis Shelters","88","258","0.34"
"2021-09-29T00:00:00.000","Crisis Shelters (HYA)","1","35","0.03"
"2021-09-29T00:00:00.000","Transitional Independent Living (HYA)","2","25","0.08"
"2021-09-29T00:00:00.000","Transitional Independent Living (TIL)","153","495","0.31"
"2021-09-30T00:00:00.000","Crisis Shelters","86","258","0.33"
"2021-09-30T00:00:00.000","Crisis Shelters (HYA)","1","35","0.03"
"2021-09-30T00:00:00.000","Transitional Independent Living (HYA)","2","25","0.08"
"2021-09-30T00:00:00.000","Transitional Independent Living (TIL)","153","495","0.31"
"2021-10-01T00:00:00.000","Crisis Shelters","82","258","0.32"
"2021-10-01T00:00:00.000","Crisis Shelters (HYA)","2","35","0.06"
"2021-10-01T00:00:00.000","Transitional Independent Living (HYA)","2","25","0.08"
"2021-10-01T00:00:00.000","Transitional Independent Living (TIL)","154","495","0.31"
"2021-10-02T00:00:00.000","Crisis Shelters","81","258","0.31"
"2021-10-02T00:00:00.000","Crisis Shelters (HYA)","2","35","0.06"
"2021-10-02T00:00:00.000","Transitional Independent Living (HYA)","2","25","0.08"
"2021-10-02T00:00:00.000","Transitional Independent Living (TIL)","153","495","0.31"
"2021-10-03T00:00:00.000","Crisis Shelters","82","258","0.32"
"2021-10-03T00:00:00.000","Crisis Shelters (HYA)","1","35","0.03"
"2021-10-03T00:00:00.000","Transitional Independent Living (HYA)","2","25","0.08"
"2021-10-03T00:00:00.000","Transitional Independent Living (TIL)","152","495","0.31"
"2021-10-04T00:00:00.000","Crisis Shelters","80","258","0.31"
"2021-10-04T00:00:00.000","Crisis Shelters (HYA)","1","35","0.03"
"2021-10-04T00:00:00.000","Transitional Independent Living (HYA)","2","25","0.08"
"2021-10-04T00:00:00.000","Transitional Independent Living (TIL)","153","495","0.31"
"2021-10-05T00:00:00.000","Crisis Shelters","85","258","0.33"
"2021-10-05T00:00:00.000","Crisis Shelters (HYA)","1","35","0.03"
"2021-10-05T00:00:00.000","Transitional Independent Living (HYA)","2","25","0.08"
"2021-10-05T00:00:00.000","Transitional Independent Living (TIL)","151","495","0.31"
"2021-10-06T00:00:00.000","Crisis Shelters","80","258","0.31"
"2021-10-06T00:00:00.000","Crisis Shelters (HYA)","0","35","0"
"2021-10-06T00:00:00.000","Transitional Independent Living (HYA)","3","25","0.12"
"2021-10-06T00:00:00.000","Transitional Independent Living (TIL)","149","495","0.3"
"2021-10-07T00:00:00.000","Crisis Shelters","80","258","0.31"
"2021-10-07T00:00:00.000","Crisis Shelters (HYA)","0","35","0"
"2021-10-07T00:00:00.000","Transitional Independent Living (HYA)","2","25","0.08"
"2021-10-07T00:00:00.000","Transitional Independent Living (TIL)","147","495","0.3"
"2021-10-08T00:00:00.000","Crisis Shelters","78","258","0.3"
"2021-10-08T00:00:00.000","Crisis Shelters (HYA)","0","35","0"
"2021-10-08T00:00:00.000","Transitional Independent Living (HYA)","3","25","0.12"
"2021-10-08T00:00:00.000","Transitional Independent Living (TIL)","143","495","0.29"
"2021-10-09T00:00:00.000","Crisis Shelters","79","258","0.31"
"2021-10-09T00:00:00.000","Crisis Shelters (HYA)","0","35","0"
"2021-10-09T00:00:00.000","Transitional Independent Living (HYA)","3","25","0.12"
"2021-10-09T00:00:00.000","Transitional Independent Living (TIL)","141","495","0.28"
"2021-10-10T00:00:00.000","Crisis Shelters","83","258","0.32"
"2021-10-10T00:00:00.000","Crisis Shelters (HYA)","0","35","0"
"2021-10-10T00:00:00.000","Transitional Independent Living (HYA)","3","25","0.12"
"2021-10-10T00:00:00.000","Transitional Independent Living (TIL)","141","495","0.28"
"2021-10-11T00:00:00.000","Crisis Shelters","85","258","0.33"
"2021-10-11T00:00:00.000","Crisis Shelters (HYA)","1","35","0.03"
"2021-10-11T00:00:00.000","Transitional Independent Living (HYA)","3","25","0.12"
"2021-10-11T00:00:00.000","Transitional Independent Living (TIL)","146","495","0.29"
"2021-10-12T00:00:00.000","Crisis Shelters","84","258","0.33"
"2021-10-12T00:00:00.000","Crisis Shelters (HYA)","2","35","0.06"
"2021-10-12T00:00:00.000","Transitional Independent Living (HYA)","3","25","0.12"
"2021-10-12T00:00:00.000","Transitional Independent Living (TIL)","144","495","0.29"
"2021-10-13T00:00:00.000","Crisis Shelters","81","258","0.31"
"2021-10-13T00:00:00.000","Crisis Shelters (HYA)","2","35","0.06"
"2021-10-13T00:00:00.000","Transitional Independent Living (HYA)","2","25","0.08"
"2021-10-13T00:00:00.000","Transitional Independent Living (TIL)","142","495","0.29"
"2021-10-14T00:00:00.000","Crisis Shelters","78","258","0.3"
"2021-10-14T00:00:00.000","Crisis Shelters (HYA)","1","35","0.03"
"2021-10-14T00:00:00.000","Transitional Independent Living (HYA)","2","25","0.08"
"2021-10-14T00:00:00.000","Transitional Independent Living (TIL)","142","495","0.29"
"2021-10-15T00:00:00.000","Crisis Shelters","87","258","0.34"
"2021-10-15T00:00:00.000","Crisis Shelters (HYA)","1","35","0.03"
"2021-10-15T00:00:00.000","Transitional Independent Living (HYA)","2","25","0.08"
"2021-10-15T00:00:00.000","Transitional Independent Living (TIL)","141","495","0.28"
"2021-10-16T00:00:00.000","Crisis Shelters","87","258","0.34"
"2021-10-16T00:00:00.000","Crisis Shelters (HYA)","1","35","0.03"
"2021-10-16T00:00:00.000","Transitional Independent Living (HYA)","2","25","0.08"
"2021-10-16T00:00:00.000","Transitional Independent Living (TIL)","141","495","0.28"
"2021-10-17T00:00:00.000","Crisis Shelters","91","258","0.35"
"2021-10-17T00:00:00.000","Crisis Shelters (HYA)","1","35","0.03"
"2021-10-17T00:00:00.000","Transitional Independent Living (HYA)","2","25","0.08"
"2021-10-17T00:00:00.000","Transitional Independent Living (TIL)","141","495","0.28"
"2021-10-18T00:00:00.000","Crisis Shelters","86","258","0.33"
"2021-10-18T00:00:00.000","Crisis Shelters (HYA)","2","35","0.06"
"2021-10-18T00:00:00.000","Transitional Independent Living (HYA)","2","25","0.08"
"2021-10-18T00:00:00.000","Transitional Independent Living (TIL)","143","495","0.29"
"2021-10-19T00:00:00.000","Crisis Shelters","82","258","0.32"
"2021-10-19T00:00:00.000","Crisis Shelters (HYA)","5","35","0.14"
"2021-10-19T00:00:00.000","Transitional Independent Living (HYA)","1","25","0.04"
"2021-10-19T00:00:00.000","Transitional Independent Living (TIL)","143","495","0.29"
"2021-10-20T00:00:00.000","Crisis Shelters","74","258","0.29"
"2021-10-20T00:00:00.000","Crisis Shelters (HYA)","5","35","0.14"
"2021-10-20T00:00:00.000","Transitional Independent Living (HYA)","1","25","0.04"
"2021-10-20T00:00:00.000","Transitional Independent Living (TIL)","143","495","0.29"
"2021-10-21T00:00:00.000","Crisis Shelters","75","258","0.29"
"2021-10-21T00:00:00.000","Crisis Shelters (HYA)","5","35","0.14"
"2021-10-21T00:00:00.000","Transitional Independent Living (HYA)","1","25","0.04"
"2021-10-21T00:00:00.000","Transitional Independent Living (TIL)","139","495","0.28"
"2021-10-22T00:00:00.000","Crisis Shelters","73","258","0.28"
"2021-10-22T00:00:00.000","Crisis Shelters (HYA)","5","35","0.14"
"2021-10-22T00:00:00.000","Transitional Independent Living (HYA)","0","25","0"
"2021-10-22T00:00:00.000","Transitional Independent Living (TIL)","141","495","0.28"
"2021-10-23T00:00:00.000","Crisis Shelters","73","258","0.28"
"2021-10-23T00:00:00.000","Crisis Shelters (HYA)","5","35","0.14"
"2021-10-23T00:00:00.000","Transitional Independent Living (HYA)","0","25","0"
"2021-10-23T00:00:00.000","Transitional Independent Living (TIL)","142","495","0.29"
"2021-10-24T00:00:00.000","Crisis Shelters","72","258","0.28"
"2021-10-24T00:00:00.000","Crisis Shelters (HYA)","5","35","0.14"
"2021-10-24T00:00:00.000","Transitional Independent Living (HYA)","0","25","0"
"2021-10-24T00:00:00.000","Transitional Independent Living (TIL)","141","495","0.28"
"2021-10-25T00:00:00.000","Crisis Shelters","69","258","0.27"
"2021-10-25T00:00:00.000","Crisis Shelters (HYA)","5","35","0.14"
"2021-10-25T00:00:00.000","Transitional Independent Living (HYA)","0","25","0"
"2021-10-25T00:00:00.000","Transitional Independent Living (TIL)","141","495","0.28"
"2021-10-26T00:00:00.000","Crisis Shelters","67","258","0.26"
"2021-10-26T00:00:00.000","Crisis Shelters (HYA)","5","35","0.14"
"2021-10-26T00:00:00.000","Transitional Independent Living (HYA)","0","25","0"
"2021-10-26T00:00:00.000","Transitional Independent Living (TIL)","140","495","0.28"
"2021-10-27T00:00:00.000","Crisis Shelters","72","258","0.28"
"2021-10-27T00:00:00.000","Crisis Shelters (HYA)","5","35","0.14"
"2021-10-27T00:00:00.000","Transitional Independent Living (HYA)","0","25","0"
"2021-10-27T00:00:00.000","Transitional Independent Living (TIL)","137","495","0.28"
"2021-10-28T00:00:00.000","Crisis Shelters","76","258","0.29"
"2021-10-28T00:00:00.000","Crisis Shelters (HYA)","7","35","0.2"
"2021-10-28T00:00:00.000","Transitional Independent Living (HYA)","0","25","0"
"2021-10-28T00:00:00.000","Transitional Independent Living (TIL)","136","495","0.27"
"2021-10-29T00:00:00.000","Crisis Shelters","71","258","0.28"
"2021-10-29T00:00:00.000","Crisis Shelters (HYA)","6","35","0.17"
"2021-10-29T00:00:00.000","Transitional Independent Living (HYA)","0","25","0"
"2021-10-29T00:00:00.000","Transitional Independent Living (TIL)","136","495","0.27"
"2021-10-30T00:00:00.000","Crisis Shelters","68","258","0.26"
"2021-10-30T00:00:00.000","Crisis Shelters (HYA)","5","35","0.14"
"2021-10-30T00:00:00.000","Transitional Independent Living (HYA)","0","25","0"
"2021-10-30T00:00:00.000","Transitional Independent Living (TIL)","136","495","0.27"
"2021-10-31T00:00:00.000","Crisis Shelters","69","258","0.27"
"2021-10-31T00:00:00.000","Crisis Shelters (HYA)","6","35","0.17"
"2021-10-31T00:00:00.000","Transitional Independent Living (HYA)","0","25","0"
"2021-10-31T00:00:00.000","Transitional Independent Living (TIL)","136","495","0.27"
"2021-11-01T00:00:00.000","Crisis Shelters","64","258","0.25"
"2021-11-01T00:00:00.000","Crisis Shelters (HYA)","1","35","0.03"
"2021-11-01T00:00:00.000","Transitional Independent Living (HYA)","0","25","0"
"2021-11-01T00:00:00.000","Transitional Independent Living (TIL)","137","495","0.28"
"2021-11-02T00:00:00.000","Crisis Shelters","67","258","0.26"
"2021-11-02T00:00:00.000","Crisis Shelters (HYA)","2","35","0.06"
"2021-11-02T00:00:00.000","Transitional Independent Living (HYA)","0","25","0"
"2021-11-02T00:00:00.000","Transitional Independent Living (TIL)","133","495","0.27"
"2021-11-03T00:00:00.000","Crisis Shelters","72","258","0.28"
"2021-11-03T00:00:00.000","Crisis Shelters (HYA)","2","35","0.06"
"2021-11-03T00:00:00.000","Transitional Independent Living (HYA)","0","25","0"
"2021-11-03T00:00:00.000","Transitional Independent Living (TIL)","129","495","0.26"
"2021-11-04T00:00:00.000","Crisis Shelters","73","258","0.28"
"2021-11-04T00:00:00.000","Crisis Shelters (HYA)","1","35","0.03"
"2021-11-04T00:00:00.000","Transitional Independent Living (HYA)","3","25","0.12"
"2021-11-04T00:00:00.000","Transitional Independent Living (TIL)","125","495","0.25"
"2021-11-05T00:00:00.000","Crisis Shelters","74","258","0.29"
"2021-11-05T00:00:00.000","Crisis Shelters (HYA)","1","35","0.03"
"2021-11-05T00:00:00.000","Transitional Independent Living (HYA)","3","25","0.12"
"2021-11-05T00:00:00.000","Transitional Independent Living (TIL)","125","495","0.25"
"2021-11-06T00:00:00.000","Crisis Shelters","76","258","0.29"
"2021-11-06T00:00:00.000","Crisis Shelters (HYA)","1","35","0.03"
"2021-11-06T00:00:00.000","Transitional Independent Living (HYA)","3","25","0.12"
"2021-11-06T00:00:00.000","Transitional Independent Living (TIL)","125","495","0.25"
"2021-11-07T00:00:00.000","Crisis Shelters","78","258","0.3"
"2021-11-07T00:00:00.000","Crisis Shelters (HYA)","1","35","0.03"
"2021-11-07T00:00:00.000","Transitional Independent Living (HYA)","3","25","0.12"
"2021-11-07T00:00:00.000","Transitional Independent Living (TIL)","123","495","0.25"
"2021-11-08T00:00:00.000","Crisis Shelters","73","258","0.28"
"2021-11-08T00:00:00.000","Crisis Shelters (HYA)","2","35","0.06"
"2021-11-08T00:00:00.000","Transitional Independent Living (HYA)","3","25","0.12"
"2021-11-08T00:00:00.000","Transitional Independent Living (TIL)","117","495","0.24"
"2021-11-09T00:00:00.000","Crisis Shelters","71","258","0.28"
"2021-11-09T00:00:00.000","Crisis Shelters (HYA)","3","35","0.09"
"2021-11-09T00:00:00.000","Transitional Independent Living (HYA)","3","25","0.12"
"2021-11-09T00:00:00.000","Transitional Independent Living (TIL)","117","495","0.24"
"2021-11-10T00:00:00.000","Crisis Shelters","80","258","0.31"
"2021-11-10T00:00:00.000","Crisis Shelters (HYA)","1","35","0.03"
"2021-11-10T00:00:00.000","Transitional Independent Living (HYA)","3","25","0.12"
"2021-11-10T00:00:00.000","Transitional Independent Living (TIL)","111","495","0.22"
"2021-11-11T00:00:00.000","Crisis Shelters","83","258","0.32"
"2021-11-11T00:00:00.000","Crisis Shelters (HYA)","2","35","0.06"
"2021-11-11T00:00:00.000","Transitional Independent Living (HYA)","3","25","0.12"
"2021-11-11T00:00:00.000","Transitional Independent Living (TIL)","114","495","0.23"
"2021-11-12T00:00:00.000","Crisis Shelters","83","258","0.32"
"2021-11-12T00:00:00.000","Crisis Shelters (HYA)","1","35","0.03"
"2021-11-12T00:00:00.000","Transitional Independent Living (HYA)","3","25","0.12"
"2021-11-12T00:00:00.000","Transitional Independent Living (TIL)","115","495","0.23"
"2021-11-13T00:00:00.000","Crisis Shelters","86","258","0.33"
"2021-11-13T00:00:00.000","Crisis Shelters (HYA)","1","35","0.03"
"2021-11-13T00:00:00.000","Transitional Independent Living (HYA)","3","25","0.12"
"2021-11-13T00:00:00.000","Transitional Independent Living (TIL)","117","495","0.24"
"2021-11-14T00:00:00.000","Crisis Shelters","84","258","0.33"
"2021-11-14T00:00:00.000","Crisis Shelters (HYA)","1","35","0.03"
"2021-11-14T00:00:00.000","Transitional Independent Living (HYA)","3","25","0.12"
"2021-11-14T00:00:00.000","Transitional Independent Living (TIL)","116","495","0.23"
"2021-11-15T00:00:00.000","Crisis Shelters","83","258","0.32"
"2021-11-15T00:00:00.000","Crisis Shelters (HYA)","1","35","0.03"
"2021-11-15T00:00:00.000","Transitional Independent Living (HYA)","4","25","0.16"
"2021-11-15T00:00:00.000","Transitional Independent Living (TIL)","116","495","0.23"
"2021-11-16T00:00:00.000","Crisis Shelters","79","258","0.31"
"2021-11-16T00:00:00.000","Crisis Shelters (HYA)","1","35","0.03"
"2021-11-16T00:00:00.000","Transitional Independent Living (HYA)","4","25","0.16"
"2021-11-16T00:00:00.000","Transitional Independent Living (TIL)","114","495","0.23"
"2021-11-17T00:00:00.000","Crisis Shelters","77","258","0.3"
"2021-11-17T00:00:00.000","Crisis Shelters (HYA)","1","35","0.03"
"2021-11-17T00:00:00.000","Transitional Independent Living (HYA)","4","25","0.16"
"2021-11-17T00:00:00.000","Transitional Independent Living (TIL)","113","495","0.23"
"2021-11-18T00:00:00.000","Crisis Shelters","74","258","0.29"
"2021-11-18T00:00:00.000","Crisis Shelters (HYA)","1","35","0.03"
"2021-11-18T00:00:00.000","Transitional Independent Living (HYA)","4","25","0.16"
"2021-11-18T00:00:00.000","Transitional Independent Living (TIL)","113","495","0.23"
"2021-11-19T00:00:00.000","Crisis Shelters","79","258","0.31"
"2021-11-19T00:00:00.000","Crisis Shelters (HYA)","1","35","0.03"
"2021-11-19T00:00:00.000","Transitional Independent Living (HYA)","1","25","0.04"
"2021-11-19T00:00:00.000","Transitional Independent Living (TIL)","113","495","0.23"
"2021-11-20T00:00:00.000","Crisis Shelters","78","258","0.3"
"2021-11-20T00:00:00.000","Crisis Shelters (HYA)","2","35","0.06"
"2021-11-20T00:00:00.000","Transitional Independent Living (HYA)","1","25","0.04"
"2021-11-20T00:00:00.000","Transitional Independent Living (TIL)","114","495","0.23"
"2021-11-21T00:00:00.000","Crisis Shelters","75","258","0.29"
"2021-11-21T00:00:00.000","Crisis Shelters (HYA)","2","35","0.06"
"2021-11-21T00:00:00.000","Transitional Independent Living (HYA)","1","25","0.04"
"2021-11-21T00:00:00.000","Transitional Independent Living (TIL)","116","495","0.23"
"2021-11-22T00:00:00.000","Crisis Shelters","72","258","0.28"
"2021-11-22T00:00:00.000","Crisis Shelters (HYA)","2","35","0.06"
"2021-11-22T00:00:00.000","Transitional Independent Living (HYA)","1","25","0.04"
"2021-11-22T00:00:00.000","Transitional Independent Living (TIL)","120","495","0.24"
"2021-11-23T00:00:00.000","Crisis Shelters","69","258","0.27"
"2021-11-23T00:00:00.000","Crisis Shelters (HYA)","3","35","0.09"
"2021-11-23T00:00:00.000","Transitional Independent Living (HYA)","1","25","0.04"
"2021-11-23T00:00:00.000","Transitional Independent Living (TIL)","121","495","0.24"
"2021-11-24T00:00:00.000","Crisis Shelters","73","258","0.28"
"2021-11-24T00:00:00.000","Crisis Shelters (HYA)","6","35","0.17"
"2021-11-24T00:00:00.000","Transitional Independent Living (HYA)","1","25","0.04"
"2021-11-24T00:00:00.000","Transitional Independent Living (TIL)","123","495","0.25"
"2021-11-25T00:00:00.000","Crisis Shelters","73","258","0.28"
"2021-11-25T00:00:00.000","Crisis Shelters (HYA)","5","35","0.14"
"2021-11-25T00:00:00.000","Transitional Independent Living (HYA)","1","25","0.04"
"2021-11-25T00:00:00.000","Transitional Independent Living (TIL)","123","495","0.25"
"2021-11-26T00:00:00.000","Crisis Shelters","75","258","0.29"
"2021-11-26T00:00:00.000","Crisis Shelters (HYA)","6","35","0.17"
"2021-11-26T00:00:00.000","Transitional Independent Living (HYA)","0","25","0"
"2021-11-26T00:00:00.000","Transitional Independent Living (TIL)","123","495","0.25"
"2021-11-27T00:00:00.000","Crisis Shelters","82","258","0.32"
"2021-11-27T00:00:00.000","Crisis Shelters (HYA)","6","35","0.17"
"2021-11-27T00:00:00.000","Transitional Independent Living (HYA)","0","25","0"
"2021-11-27T00:00:00.000","Transitional Independent Living (TIL)","125","495","0.25"
"2021-11-28T00:00:00.000","Crisis Shelters","81","258","0.31"
"2021-11-28T00:00:00.000","Crisis Shelters (HYA)","7","35","0.2"
"2021-11-28T00:00:00.000","Transitional Independent Living (HYA)","0","25","0"
"2021-11-28T00:00:00.000","Transitional Independent Living (TIL)","125","495","0.25"
"2021-11-29T00:00:00.000","Crisis Shelters","78","258","0.3"
"2021-11-29T00:00:00.000","Crisis Shelters (HYA)","6","35","0.17"
"2021-11-29T00:00:00.000","Transitional Independent Living (HYA)","0","25","0"
"2021-11-29T00:00:00.000","Transitional Independent Living (TIL)","126","495","0.25"
"2021-11-30T00:00:00.000","Crisis Shelters","74","258","0.29"
"2021-11-30T00:00:00.000","Crisis Shelters (HYA)","5","35","0.14"
"2021-11-30T00:00:00.000","Transitional Independent Living (HYA)","0","25","0"
"2021-11-30T00:00:00.000","Transitional Independent Living (TIL)","126","495","0.25"
"2021-12-01T00:00:00.000","Crisis Shelters","75","258","0.29"
"2021-12-01T00:00:00.000","Crisis Shelters (HYA)","5","35","0.14"
"2021-12-01T00:00:00.000","Transitional Independent Living (HYA)","0","25","0"
"2021-12-01T00:00:00.000","Transitional Independent Living (TIL)","122","495","0.25"
"2021-12-02T00:00:00.000","Crisis Shelters","78","258","0.3"
"2021-12-02T00:00:00.000","Crisis Shelters (HYA)","5","35","0.14"
"2021-12-02T00:00:00.000","Transitional Independent Living (HYA)","0","25","0"
"2021-12-02T00:00:00.000","Transitional Independent Living (TIL)","125","495","0.25"
"2021-12-03T00:00:00.000","Crisis Shelters","65","258","0.25"
"2021-12-03T00:00:00.000","Crisis Shelters (HYA)","5","35","0.14"
"2021-12-03T00:00:00.000","Transitional Independent Living (HYA)","0","25","0"
"2021-12-03T00:00:00.000","Transitional Independent Living (TIL)","125","495","0.25"
"2021-12-04T00:00:00.000","Crisis Shelters","61","258","0.24"
"2021-12-04T00:00:00.000","Crisis Shelters (HYA)","5","35","0.14"
"2021-12-04T00:00:00.000","Transitional Independent Living (HYA)","0","25","0"
"2021-12-04T00:00:00.000","Transitional Independent Living (TIL)","125","495","0.25"
"2021-12-05T00:00:00.000","Crisis Shelters","60","258","0.23"
"2021-12-05T00:00:00.000","Crisis Shelters (HYA)","6","35","0.17"
"2021-12-05T00:00:00.000","Transitional Independent Living (HYA)","0","25","0"
"2021-12-05T00:00:00.000","Transitional Independent Living (TIL)","126","495","0.25"
"2021-12-06T00:00:00.000","Crisis Shelters","58","258","0.22"
"2021-12-06T00:00:00.000","Crisis Shelters (HYA)","5","35","0.14"
"2021-12-06T00:00:00.000","Transitional Independent Living (HYA)","1","25","0.04"
"2021-12-06T00:00:00.000","Transitional Independent Living (TIL)","128","495","0.26"
"2021-12-07T00:00:00.000","Crisis Shelters","55","258","0.21"
"2021-12-07T00:00:00.000","Crisis Shelters (HYA)","5","35","0.14"
"2021-12-07T00:00:00.000","Transitional Independent Living (HYA)","0","25","0"
"2021-12-07T00:00:00.000","Transitional Independent Living (TIL)","127","495","0.26"
"2021-12-08T00:00:00.000","Crisis Shelters","55","258","0.21"
"2021-12-08T00:00:00.000","Crisis Shelters (HYA)","5","35","0.14"
"2021-12-08T00:00:00.000","Transitional Independent Living (HYA)","1","25","0.04"
"2021-12-08T00:00:00.000","Transitional Independent Living (TIL)","127","495","0.26"
"2021-12-09T00:00:00.000","Crisis Shelters","54","258","0.21"
"2021-12-09T00:00:00.000","Crisis Shelters (HYA)","5","35","0.14"
"2021-12-09T00:00:00.000","Transitional Independent Living (HYA)","1","25","0.04"
"2021-12-09T00:00:00.000","Transitional Independent Living (TIL)","128","495","0.26"
"2021-12-10T00:00:00.000","Crisis Shelters","52","258","0.2"
"2021-12-10T00:00:00.000","Crisis Shelters (HYA)","6","35","0.17"
"2021-12-10T00:00:00.000","Transitional Independent Living (HYA)","1","25","0.04"
"2021-12-10T00:00:00.000","Transitional Independent Living (TIL)","130","495","0.26"
"2021-12-11T00:00:00.000","Crisis Shelters","55","258","0.21"
"2021-12-11T00:00:00.000","Crisis Shelters (HYA)","6","35","0.17"
"2021-12-11T00:00:00.000","Transitional Independent Living (HYA)","1","25","0.04"
"2021-12-11T00:00:00.000","Transitional Independent Living (TIL)","129","495","0.26"
"2021-12-12T00:00:00.000","Crisis Shelters","58","258","0.22"
"2021-12-12T00:00:00.000","Crisis Shelters (HYA)","6","35","0.17"
"2021-12-12T00:00:00.000","Transitional Independent Living (HYA)","1","25","0.04"
"2021-12-12T00:00:00.000","Transitional Independent Living (TIL)","128","495","0.26"
"2021-12-13T00:00:00.000","Crisis Shelters","60","258","0.23"
"2021-12-13T00:00:00.000","Crisis Shelters (HYA)","6","35","0.17"
"2021-12-13T00:00:00.000","Transitional Independent Living (HYA)","1","25","0.04"
"2021-12-13T00:00:00.000","Transitional Independent Living (TIL)","128","495","0.26"
"2021-12-14T00:00:00.000","Crisis Shelters","64","258","0.25"
"2021-12-14T00:00:00.000","Crisis Shelters (HYA)","6","35","0.17"
"2021-12-14T00:00:00.000","Transitional Independent Living (HYA)","1","25","0.04"
"2021-12-14T00:00:00.000","Transitional Independent Living (TIL)","126","495","0.25"
"2021-12-15T00:00:00.000","Crisis Shelters","63","258","0.24"
"2021-12-15T00:00:00.000","Crisis Shelters (HYA)","6","35","0.17"
"2021-12-15T00:00:00.000","Transitional Independent Living (HYA)","1","25","0.04"
"2021-12-15T00:00:00.000","Transitional Independent Living (TIL)","127","495","0.26"
"2021-12-16T00:00:00.000","Crisis Shelters","63","258","0.24"
"2021-12-16T00:00:00.000","Crisis Shelters (HYA)","5","35","0.14"
"2021-12-16T00:00:00.000","Transitional Independent Living (HYA)","1","25","0.04"
"2021-12-16T00:00:00.000","Transitional Independent Living (TIL)","126","495","0.25"
"2021-12-17T00:00:00.000","Crisis Shelters","65","258","0.25"
"2021-12-17T00:00:00.000","Crisis Shelters (HYA)","4","35","0.11"
"2021-12-17T00:00:00.000","Transitional Independent Living (HYA)","1","25","0.04"
"2021-12-17T00:00:00.000","Transitional Independent Living (TIL)","125","495","0.25"
"2021-12-18T00:00:00.000","Crisis Shelters","66","258","0.26"
"2021-12-18T00:00:00.000","Crisis Shelters (HYA)","4","35","0.11"
"2021-12-18T00:00:00.000","Transitional Independent Living (HYA)","1","25","0.04"
"2021-12-18T00:00:00.000","Transitional Independent Living (TIL)","126","495","0.25"
"2021-12-19T00:00:00.000","Crisis Shelters","67","258","0.26"
"2021-12-19T00:00:00.000","Crisis Shelters (HYA)","4","35","0.11"
"2021-12-19T00:00:00.000","Transitional Independent Living (HYA)","1","25","0.04"
"2021-12-19T00:00:00.000","Transitional Independent Living (TIL)","129","495","0.26"
"2021-12-20T00:00:00.000","Crisis Shelters","68","258","0.26"
"2021-12-20T00:00:00.000","Crisis Shelters (HYA)","4","35","0.11"
"2021-12-20T00:00:00.000","Transitional Independent Living (HYA)","2","25","0.08"
"2021-12-20T00:00:00.000","Transitional Independent Living (TIL)","128","495","0.26"
"2021-12-21T00:00:00.000","Crisis Shelters","71","258","0.28"
"2021-12-21T00:00:00.000","Crisis Shelters (HYA)","4","35","0.11"
"2021-12-21T00:00:00.000","Transitional Independent Living (HYA)","2","25","0.08"
"2021-12-21T00:00:00.000","Transitional Independent Living (TIL)","127","495","0.26"
"2021-12-22T00:00:00.000","Crisis Shelters","75","258","0.29"
"2021-12-22T00:00:00.000","Crisis Shelters (HYA)","0","35","0"
"2021-12-22T00:00:00.000","Transitional Independent Living (HYA)","3","25","0.12"
"2021-12-22T00:00:00.000","Transitional Independent Living (TIL)","129","495","0.26"
"2021-12-23T00:00:00.000","Crisis Shelters","82","258","0.32"
"2021-12-23T00:00:00.000","Crisis Shelters (HYA)","0","35","0"
"2021-12-23T00:00:00.000","Transitional Independent Living (HYA)","3","25","0.12"
"2021-12-23T00:00:00.000","Transitional Independent Living (TIL)","128","495","0.26"
"2021-12-24T00:00:00.000","Crisis Shelters","92","258","0.36"
"2021-12-24T00:00:00.000","Crisis Shelters (HYA)","0","35","0"
"2021-12-24T00:00:00.000","Transitional Independent Living (HYA)","3","25","0.12"
"2021-12-24T00:00:00.000","Transitional Independent Living (TIL)","128","495","0.26"
"2021-12-25T00:00:00.000","Crisis Shelters","97","258","0.38"
"2021-12-25T00:00:00.000","Crisis Shelters (HYA)","0","35","0"
"2021-12-25T00:00:00.000","Transitional Independent Living (HYA)","3","25","0.12"
"2021-12-25T00:00:00.000","Transitional Independent Living (TIL)","129","495","0.26"
"2021-12-26T00:00:00.000","Crisis Shelters","100","258","0.39"
"2021-12-26T00:00:00.000","Crisis Shelters (HYA)","2","35","0.06"
"2021-12-26T00:00:00.000","Transitional Independent Living (HYA)","3","25","0.12"
"2021-12-26T00:00:00.000","Transitional Independent Living (TIL)","129","495","0.26"
"2021-12-27T00:00:00.000","Crisis Shelters","105","258","0.41"
"2021-12-27T00:00:00.000","Crisis Shelters (HYA)","2","35","0.06"
"2021-12-27T00:00:00.000","Transitional Independent Living (HYA)","3","25","0.12"
"2021-12-27T00:00:00.000","Transitional Independent Living (TIL)","129","495","0.26"
"2021-12-28T00:00:00.000","Crisis Shelters","106","258","0.41"
"2021-12-28T00:00:00.000","Crisis Shelters (HYA)","1","35","0.03"
"2021-12-28T00:00:00.000","Transitional Independent Living (HYA)","3","25","0.12"
"2021-12-28T00:00:00.000","Transitional Independent Living (TIL)","130","495","0.26"
"2021-12-29T00:00:00.000","Crisis Shelters","103","258","0.4"
"2021-12-29T00:00:00.000","Crisis Shelters (HYA)","2","35","0.06"
"2021-12-29T00:00:00.000","Transitional Independent Living (HYA)","3","25","0.12"
"2021-12-29T00:00:00.000","Transitional Independent Living (TIL)","129","495","0.26"
"2021-12-30T00:00:00.000","Crisis Shelters","103","258","0.4"
"2021-12-30T00:00:00.000","Crisis Shelters (HYA)","1","35","0.03"
"2021-12-30T00:00:00.000","Transitional Independent Living (HYA)","3","25","0.12"
"2021-12-30T00:00:00.000","Transitional Independent Living (TIL)","132","495","0.27"
"2021-12-31T00:00:00.000","Crisis Shelters","101","258","0.39"
"2021-12-31T00:00:00.000","Crisis Shelters (HYA)","1","35","0.03"
"2021-12-31T00:00:00.000","Transitional Independent Living (HYA)","2","25","0.08"
"2021-12-31T00:00:00.000","Transitional Independent Living (TIL)","135","495","0.27"
"2022-01-01T00:00:00.000","Crisis Shelters","100","258","0.39"
"2022-01-01T00:00:00.000","Crisis Shelters (HYA)","1","35","0.03"
"2022-01-01T00:00:00.000","Transitional Independent Living (HYA)","2","25","0.08"
"2022-01-01T00:00:00.000","Transitional Independent Living (TIL)","135","495","0.27"
"2022-01-02T00:00:00.000","Crisis Shelters","96","258","0.37"
"2022-01-02T00:00:00.000","Crisis Shelters (HYA)","1","35","0.03"
"2022-01-02T00:00:00.000","Transitional Independent Living (HYA)","2","25","0.08"
"2022-01-02T00:00:00.000","Transitional Independent Living (TIL)","134","495","0.27"
"2022-01-03T00:00:00.000","Crisis Shelters","88","258","0.34"
"2022-01-03T00:00:00.000","Crisis Shelters (HYA)","1","35","0.03"
"2022-01-03T00:00:00.000","Transitional Independent Living (HYA)","1","25","0.04"
"2022-01-03T00:00:00.000","Transitional Independent Living (TIL)","134","495","0.27"
"2022-01-04T00:00:00.000","Crisis Shelters","85","258","0.33"
"2022-01-04T00:00:00.000","Crisis Shelters (HYA)","1","35","0.03"
"2022-01-04T00:00:00.000","Transitional Independent Living (HYA)","1","25","0.04"
"2022-01-04T00:00:00.000","Transitional Independent Living (TIL)","134","495","0.27"
"2022-01-05T00:00:00.000","Crisis Shelters","86","258","0.33"
"2022-01-05T00:00:00.000","Crisis Shelters (HYA)","0","35","0"
"2022-01-05T00:00:00.000","Transitional Independent Living (HYA)","0","25","0"
"2022-01-05T00:00:00.000","Transitional Independent Living (TIL)","138","495","0.28"
"2022-01-06T00:00:00.000","Crisis Shelters","87","258","0.34"
"2022-01-06T00:00:00.000","Crisis Shelters (HYA)","0","35","0"
"2022-01-06T00:00:00.000","Transitional Independent Living (HYA)","0","25","0"
"2022-01-06T00:00:00.000","Transitional Independent Living (TIL)","140","495","0.28"
"2022-01-07T00:00:00.000","Crisis Shelters","85","258","0.33"
"2022-01-07T00:00:00.000","Crisis Shelters (HYA)","2","35","0.06"
"2022-01-07T00:00:00.000","Transitional Independent Living (HYA)","0","25","0"
"2022-01-07T00:00:00.000","Transitional Independent Living (TIL)","138","495","0.28"
"2022-01-08T00:00:00.000","Crisis Shelters","87","258","0.34"
"2022-01-08T00:00:00.000","Crisis Shelters (HYA)","2","35","0.06"
"2022-01-08T00:00:00.000","Transitional Independent Living (HYA)","0","25","0"
"2022-01-08T00:00:00.000","Transitional Independent Living (TIL)","139","495","0.28"
"2022-01-09T00:00:00.000","Crisis Shelters","88","258","0.34"
"2022-01-09T00:00:00.000","Crisis Shelters (HYA)","2","35","0.06"
"2022-01-09T00:00:00.000","Transitional Independent Living (HYA)","0","25","0"
"2022-01-09T00:00:00.000","Transitional Independent Living (TIL)","139","495","0.28"
"2022-01-10T00:00:00.000","Crisis Shelters","85","258","0.33"
"2022-01-10T00:00:00.000","Crisis Shelters (HYA)","2","35","0.06"
"2022-01-10T00:00:00.000","Transitional Independent Living (HYA)","0","25","0"
"2022-01-10T00:00:00.000","Transitional Independent Living (TIL)","140","495","0.28"
"2022-01-11T00:00:00.000","Crisis Shelters","82","258","0.32"
"2022-01-11T00:00:00.000","Crisis Shelters (HYA)","2","35","0.06"
"2022-01-11T00:00:00.000","Transitional Independent Living (HYA)","0","25","0"
"2022-01-11T00:00:00.000","Transitional Independent Living (TIL)","141","495","0.28"
"2022-01-12T00:00:00.000","Crisis Shelters","83","258","0.32"
"2022-01-12T00:00:00.000","Crisis Shelters (HYA)","2","35","0.06"
"2022-01-12T00:00:00.000","Transitional Independent Living (HYA)","0","25","0"
"2022-01-12T00:00:00.000","Transitional Independent Living (TIL)","140","495","0.28"
"2022-01-13T00:00:00.000","Crisis Shelters","82","258","0.32"
"2022-01-13T00:00:00.000","Crisis Shelters (HYA)","3","35","0.09"
"2022-01-13T00:00:00.000","Transitional Independent Living (HYA)","0","25","0"
"2022-01-13T00:00:00.000","Transitional Independent Living (TIL)","135","495","0.27"
"2022-01-14T00:00:00.000","Crisis Shelters","78","258","0.3"
"2022-01-14T00:00:00.000","Crisis Shelters (HYA)","3","35","0.09"
"2022-01-14T00:00:00.000","Transitional Independent Living (HYA)","0","25","0"
"2022-01-14T00:00:00.000","Transitional Independent Living (TIL)","135","495","0.27"
"2022-01-15T00:00:00.000","Crisis Shelters","78","258","0.3"
"2022-01-15T00:00:00.000","Crisis Shelters (HYA)","2","35","0.06"
"2022-01-15T00:00:00.000","Transitional Independent Living (HYA)","0","25","0"
"2022-01-15T00:00:00.000","Transitional Independent Living (TIL)","136","495","0.27"
"2022-01-16T00:00:00.000","Crisis Shelters","77","258","0.3"
"2022-01-16T00:00:00.000","Crisis Shelters (HYA)","2","35","0.06"
"2022-01-16T00:00:00.000","Transitional Independent Living (HYA)","0","25","0"
"2022-01-16T00:00:00.000","Transitional Independent Living (TIL)","136","495","0.27"
"2022-01-17T00:00:00.000","Crisis Shelters","73","258","0.28"
"2022-01-17T00:00:00.000","Crisis Shelters (HYA)","2","35","0.06"
"2022-01-17T00:00:00.000","Transitional Independent Living (HYA)","0","25","0"
"2022-01-17T00:00:00.000","Transitional Independent Living (TIL)","138","495","0.28"
"2022-01-18T00:00:00.000","Crisis Shelters","74","258","0.29"
"2022-01-18T00:00:00.000","Crisis Shelters (HYA)","1","35","0.03"
"2022-01-18T00:00:00.000","Transitional Independent Living (HYA)","0","25","0"
"2022-01-18T00:00:00.000","Transitional Independent Living (TIL)","136","495","0.27"
"2022-01-19T00:00:00.000","Crisis Shelters","71","258","0.28"
"2022-01-19T00:00:00.000","Crisis Shelters (HYA)","1","35","0.03"
"2022-01-19T00:00:00.000","Transitional Independent Living (HYA)","0","25","0"
"2022-01-19T00:00:00.000","Transitional Independent Living (TIL)","137","495","0.28"
"2022-01-20T00:00:00.000","Crisis Shelters","63","258","0.24"
"2022-01-20T00:00:00.000","Crisis Shelters (HYA)","2","35","0.06"
"2022-01-20T00:00:00.000","Transitional Independent Living (HYA)","0","25","0"
"2022-01-20T00:00:00.000","Transitional Independent Living (TIL)","136","495","0.27"
"2022-01-21T00:00:00.000","Crisis Shelters","67","258","0.26"
"2022-01-21T00:00:00.000","Crisis Shelters (HYA)","2","35","0.06"
"2022-01-21T00:00:00.000","Transitional Independent Living (HYA)","0","25","0"
"2022-01-21T00:00:00.000","Transitional Independent Living (TIL)","137","495","0.28"
"2022-01-22T00:00:00.000","Crisis Shelters","67","258","0.26"
"2022-01-22T00:00:00.000","Crisis Shelters (HYA)","2","35","0.06"
"2022-01-22T00:00:00.000","Transitional Independent Living (HYA)","0","25","0"
"2022-01-22T00:00:00.000","Transitional Independent Living (TIL)","137","495","0.28"
"2022-01-23T00:00:00.000","Crisis Shelters","70","258","0.27"
"2022-01-23T00:00:00.000","Crisis Shelters (HYA)","2","35","0.06"
"2022-01-23T00:00:00.000","Transitional Independent Living (HYA)","0","25","0"
"2022-01-23T00:00:00.000","Transitional Independent Living (TIL)","140","495","0.28"
"2022-01-24T00:00:00.000","Crisis Shelters","71","258","0.28"
"2022-01-24T00:00:00.000","Crisis Shelters (HYA)","3","35","0.09"
"2022-01-24T00:00:00.000","Transitional Independent Living (HYA)","0","25","0"
"2022-01-24T00:00:00.000","Transitional Independent Living (TIL)","141","495","0.28"
"2022-01-25T00:00:00.000","Crisis Shelters","72","258","0.28"
"2022-01-25T00:00:00.000","Crisis Shelters (HYA)","2","35","0.06"
"2022-01-25T00:00:00.000","Transitional Independent Living (HYA)","0","25","0"
"2022-01-25T00:00:00.000","Transitional Independent Living (TIL)","139","495","0.28"
"2022-01-26T00:00:00.000","Crisis Shelters","77","258","0.3"
"2022-01-26T00:00:00.000","Crisis Shelters (HYA)","3","35","0.09"
"2022-01-26T00:00:00.000","Transitional Independent Living (HYA)","0","25","0"
"2022-01-26T00:00:00.000","Transitional Independent Living (TIL)","136","495","0.27"
"2022-01-27T00:00:00.000","Crisis Shelters","81","258","0.31"
"2022-01-27T00:00:00.000","Crisis Shelters (HYA)","3","35","0.09"
"2022-01-27T00:00:00.000","Transitional Independent Living (HYA)","1","25","0.04"
"2022-01-27T00:00:00.000","Transitional Independent Living (TIL)","129","495","0.26"
"2022-01-28T00:00:00.000","Crisis Shelters","78","258","0.3"
"2022-01-28T00:00:00.000","Crisis Shelters (HYA)","3","35","0.09"
"2022-01-28T00:00:00.000","Transitional Independent Living (HYA)","1","25","0.04"
"2022-01-28T00:00:00.000","Transitional Independent Living (TIL)","129","495","0.26"
"2022-01-29T00:00:00.000","Crisis Shelters","77","258","0.3"
"2022-01-29T00:00:00.000","Crisis Shelters (HYA)","3","35","0.09"
"2022-01-29T00:00:00.000","Transitional Independent Living (HYA)","1","25","0.04"
"2022-01-29T00:00:00.000","Transitional Independent Living (TIL)","128","495","0.26"
"2022-01-30T00:00:00.000","Crisis Shelters","77","258","0.3"
"2022-01-30T00:00:00.000","Crisis Shelters (HYA)","3","35","0.09"
"2022-01-30T00:00:00.000","Transitional Independent Living (HYA)","1","25","0.04"
"2022-01-30T00:00:00.000","Transitional Independent Living (TIL)","129","495","0.26"
"2022-01-31T00:00:00.000","Crisis Shelters","74","258","0.29"
"2022-01-31T00:00:00.000","Crisis Shelters (HYA)","2","35","0.06"
"2022-01-31T00:00:00.000","Transitional Independent Living (HYA)","1","25","0.04"
"2022-01-31T00:00:00.000","Transitional Independent Living (TIL)","130","495","0.26"
"2022-02-01T00:00:00.000","Crisis Shelters","78","258","0.3"
"2022-02-01T00:00:00.000","Crisis Shelters (HYA)","2","35","0.06"
"2022-02-01T00:00:00.000","Transitional Independent Living (HYA)","1","25","0.04"
"2022-02-01T00:00:00.000","Transitional Independent Living (TIL)","131","495","0.26"
"2022-02-02T00:00:00.000","Crisis Shelters","75","258","0.29"
"2022-02-02T00:00:00.000","Crisis Shelters (HYA)","2","35","0.06"
"2022-02-02T00:00:00.000","Transitional Independent Living (HYA)","1","25","0.04"
"2022-02-02T00:00:00.000","Transitional Independent Living (TIL)","131","495","0.26"
"2022-02-03T00:00:00.000","Crisis Shelters","75","258","0.29"
"2022-02-03T00:00:00.000","Crisis Shelters (HYA)","2","35","0.06"
"2022-02-03T00:00:00.000","Transitional Independent Living (HYA)","1","25","0.04"
"2022-02-03T00:00:00.000","Transitional Independent Living (TIL)","134","495","0.27"
"2022-02-04T00:00:00.000","Crisis Shelters","80","258","0.31"
"2022-02-04T00:00:00.000","Crisis Shelters (HYA)","0","35","0"
"2022-02-04T00:00:00.000","Transitional Independent Living (HYA)","1","25","0.04"
"2022-02-04T00:00:00.000","Transitional Independent Living (TIL)","134","495","0.27"
"2022-02-05T00:00:00.000","Crisis Shelters","77","258","0.3"
"2022-02-05T00:00:00.000","Crisis Shelters (HYA)","0","35","0"
"2022-02-05T00:00:00.000","Transitional Independent Living (HYA)","1","25","0.04"
"2022-02-05T00:00:00.000","Transitional Independent Living (TIL)","135","495","0.27"
"2022-02-06T00:00:00.000","Crisis Shelters","83","258","0.32"
"2022-02-06T00:00:00.000","Crisis Shelters (HYA)","0","35","0"
"2022-02-06T00:00:00.000","Transitional Independent Living (HYA)","1","25","0.04"
"2022-02-06T00:00:00.000","Transitional Independent Living (TIL)","135","495","0.27"
"2022-02-07T00:00:00.000","Crisis Shelters","83","258","0.32"
"2022-02-07T00:00:00.000","Crisis Shelters (HYA)","1","35","0.03"
"2022-02-07T00:00:00.000","Transitional Independent Living (HYA)","0","25","0"
"2022-02-07T00:00:00.000","Transitional Independent Living (TIL)","132","495","0.27"
"2022-02-08T00:00:00.000","Crisis Shelters","86","258","0.33"
"2022-02-08T00:00:00.000","Crisis Shelters (HYA)","0","35","0"
"2022-02-08T00:00:00.000","Transitional Independent Living (HYA)","0","25","0"
"2022-02-08T00:00:00.000","Transitional Independent Living (TIL)","130","495","0.26"
"2022-02-09T00:00:00.000","Crisis Shelters","82","258","0.32"
"2022-02-09T00:00:00.000","Crisis Shelters (HYA)","1","35","0.03"
"2022-02-09T00:00:00.000","Transitional Independent Living (HYA)","0","25","0"
"2022-02-09T00:00:00.000","Transitional Independent Living (TIL)","130","495","0.26"
"2022-02-10T00:00:00.000","Crisis Shelters","79","258","0.31"
"2022-02-10T00:00:00.000","Crisis Shelters (HYA)","3","35","0.09"
"2022-02-10T00:00:00.000","Transitional Independent Living (HYA)","0","25","0"
"2022-02-10T00:00:00.000","Transitional Independent Living (TIL)","131","495","0.26"
"2022-02-11T00:00:00.000","Crisis Shelters","76","258","0.29"
"2022-02-11T00:00:00.000","Crisis Shelters (HYA)","3","35","0.09"
"2022-02-11T00:00:00.000","Transitional Independent Living (HYA)","0","25","0"
"2022-02-11T00:00:00.000","Transitional Independent Living (TIL)","128","495","0.26"
"2022-02-12T00:00:00.000","Crisis Shelters","77","258","0.3"
"2022-02-12T00:00:00.000","Crisis Shelters (HYA)","3","35","0.09"
"2022-02-12T00:00:00.000","Transitional Independent Living (HYA)","0","25","0"
"2022-02-12T00:00:00.000","Transitional Independent Living (TIL)","127","495","0.26"
"2022-02-13T00:00:00.000","Crisis Shelters","77","258","0.3"
"2022-02-13T00:00:00.000","Crisis Shelters (HYA)","3","35","0.09"
"2022-02-13T00:00:00.000","Transitional Independent Living (HYA)","0","25","0"
"2022-02-13T00:00:00.000","Transitional Independent Living (TIL)","129","495","0.26"
"2022-02-14T00:00:00.000","Crisis Shelters","74","258","0.29"
"2022-02-14T00:00:00.000","Crisis Shelters (HYA)","2","35","0.06"
"2022-02-14T00:00:00.000","Transitional Independent Living (HYA)","0","25","0"
"2022-02-14T00:00:00.000","Transitional Independent Living (TIL)","132","495","0.27"
"2022-02-15T00:00:00.000","Crisis Shelters","77","258","0.3"
"2022-02-15T00:00:00.000","Crisis Shelters (HYA)","2","35","0.06"
"2022-02-15T00:00:00.000","Transitional Independent Living (HYA)","0","25","0"
"2022-02-15T00:00:00.000","Transitional Independent Living (TIL)","133","495","0.27"
"2022-02-16T00:00:00.000","Crisis Shelters","77","258","0.3"
"2022-02-16T00:00:00.000","Crisis Shelters (HYA)","3","35","0.09"
"2022-02-16T00:00:00.000","Transitional Independent Living (HYA)","1","25","0.04"
"2022-02-16T00:00:00.000","Transitional Independent Living (TIL)","134","495","0.27"
"2022-02-17T00:00:00.000","Crisis Shelters","82","258","0.32"
"2022-02-17T00:00:00.000","Crisis Shelters (HYA)","2","35","0.06"
"2022-02-17T00:00:00.000","Transitional Independent Living (HYA)","1","25","0.04"
"2022-02-17T00:00:00.000","Transitional Independent Living (TIL)","131","495","0.26"
"2022-02-18T00:00:00.000","Crisis Shelters","81","258","0.31"
"2022-02-18T00:00:00.000","Crisis Shelters (HYA)","2","35","0.06"
"2022-02-18T00:00:00.000","Transitional Independent Living (HYA)","0","25","0"
"2022-02-18T00:00:00.000","Transitional Independent Living (TIL)","128","495","0.26"
"2022-02-19T00:00:00.000","Crisis Shelters","82","258","0.32"
"2022-02-19T00:00:00.000","Crisis Shelters (HYA)","2","35","0.06"
"2022-02-19T00:00:00.000","Transitional Independent Living (HYA)","0","25","0"
"2022-02-19T00:00:00.000","Transitional Independent Living (TIL)","129","495","0.26"
"2022-02-20T00:00:00.000","Crisis Shelters","80","258","0.31"
"2022-02-20T00:00:00.000","Crisis Shelters (HYA)","2","35","0.06"
"2022-02-20T00:00:00.000","Transitional Independent Living (HYA)","0","25","0"
"2022-02-20T00:00:00.000","Transitional Independent Living (TIL)","129","495","0.26"
"2022-02-21T00:00:00.000","Crisis Shelters","76","258","0.29"
"2022-02-21T00:00:00.000","Crisis Shelters (HYA)","1","35","0.03"
"2022-02-21T00:00:00.000","Transitional Independent Living (HYA)","0","25","0"
"2022-02-21T00:00:00.000","Transitional Independent Living (TIL)","134","495","0.27"
"2022-02-22T00:00:00.000","Crisis Shelters","76","258","0.29"
"2022-02-22T00:00:00.000","Crisis Shelters (HYA)","2","35","0.06"
"2022-02-22T00:00:00.000","Transitional Independent Living (HYA)","0","25","0"
"2022-02-22T00:00:00.000","Transitional Independent Living (TIL)","132","495","0.27"
"2022-02-23T00:00:00.000","Crisis Shelters","81","258","0.31"
"2022-02-23T00:00:00.000","Crisis Shelters (HYA)","2","35","0.06"
"2022-02-23T00:00:00.000","Transitional Independent Living (HYA)","0","25","0"
"2022-02-23T00:00:00.000","Transitional Independent Living (TIL)","130","495","0.26"
"2022-02-24T00:00:00.000","Crisis Shelters","79","258","0.31"
"2022-02-24T00:00:00.000","Crisis Shelters (HYA)","2","35","0.06"
"2022-02-24T00:00:00.000","Transitional Independent Living (HYA)","0","25","0"
"2022-02-24T00:00:00.000","Transitional Independent Living (TIL)","127","495","0.26"
"2022-02-25T00:00:00.000","Crisis Shelters","79","258","0.31"
"2022-02-25T00:00:00.000","Crisis Shelters (HYA)","2","35","0.06"
"2022-02-25T00:00:00.000","Transitional Independent Living (HYA)","0","25","0"
"2022-02-25T00:00:00.000","Transitional Independent Living (TIL)","124","495","0.25"
"2022-02-26T00:00:00.000","Crisis Shelters","77","258","0.3"
"2022-02-26T00:00:00.000","Crisis Shelters (HYA)","3","35","0.09"
"2022-02-26T00:00:00.000","Transitional Independent Living (HYA)","0","25","0"
"2022-02-26T00:00:00.000","Transitional Independent Living (TIL)","128","495","0.26"
"2022-02-27T00:00:00.000","Crisis Shelters","78","258","0.3"
"2022-02-27T00:00:00.000","Crisis Shelters (HYA)","3","35","0.09"
"2022-02-27T00:00:00.000","Transitional Independent Living (HYA)","0","25","0"
"2022-02-27T00:00:00.000","Transitional Independent Living (TIL)","128","495","0.26"
"2022-02-28T00:00:00.000","Crisis Shelters","78","258","0.3"
"2022-02-28T00:00:00.000","Crisis Shelters (HYA)","2","35","0.06"
"2022-02-28T00:00:00.000","Transitional Independent Living (HYA)","0","25","0"
"2022-02-28T00:00:00.000","Transitional Independent Living (TIL)","124","495","0.25"
"2022-03-01T00:00:00.000","Crisis Shelters","78","258","0.3"
"2022-03-01T00:00:00.000","Crisis Shelters (HYA)","4","35","0.11"
"2022-03-01T00:00:00.000","Transitional Independent Living (HYA)","0","25","0"
"2022-03-01T00:00:00.000","Transitional Independent Living (TIL)","123","495","0.25"
"2022-03-02T00:00:00.000","Crisis Shelters","80","258","0.31"
"2022-03-02T00:00:00.000","Crisis Shelters (HYA)","5","35","0.14"
"2022-03-02T00:00:00.000","Transitional Independent Living (HYA)","0","25","0"
"2022-03-02T00:00:00.000","Transitional Independent Living (TIL)","125","495","0.25"
"2022-03-03T00:00:00.000","Crisis Shelters","84","258","0.33"
"2022-03-03T00:00:00.000","Crisis Shelters (HYA)","5","35","0.14"
"2022-03-03T00:00:00.000","Transitional Independent Living (HYA)","0","25","0"
"2022-03-03T00:00:00.000","Transitional Independent Living (TIL)","125","495","0.25"
"2022-03-04T00:00:00.000","Crisis Shelters","90","258","0.35"
"2022-03-04T00:00:00.000","Crisis Shelters (HYA)","5","35","0.14"
"2022-03-04T00:00:00.000","Transitional Independent Living (HYA)","0","25","0"
"2022-03-04T00:00:00.000","Transitional Independent Living (TIL)","124","495","0.25"
"2022-03-05T00:00:00.000","Crisis Shelters","84","258","0.33"
"2022-03-05T00:00:00.000","Crisis Shelters (HYA)","4","35","0.11"
"2022-03-05T00:00:00.000","Transitional Independent Living (HYA)","0","25","0"
"2022-03-05T00:00:00.000","Transitional Independent Living (TIL)","124","495","0.25"
"2022-03-06T00:00:00.000","Crisis Shelters","84","258","0.33"
"2022-03-06T00:00:00.000","Crisis Shelters (HYA)","4","35","0.11"
"2022-03-06T00:00:00.000","Transitional Independent Living (HYA)","0","25","0"
"2022-03-06T00:00:00.000","Transitional Independent Living (TIL)","125","495","0.25"
"2022-03-07T00:00:00.000","Crisis Shelters","77","258","0.3"
"2022-03-07T00:00:00.000","Crisis Shelters (HYA)","4","35","0.11"
"2022-03-07T00:00:00.000","Transitional Independent Living (HYA)","0","25","0"
"2022-03-07T00:00:00.000","Transitional Independent Living (TIL)","128","495","0.26"
"2022-03-08T00:00:00.000","Crisis Shelters","80","258","0.31"
"2022-03-08T00:00:00.000","Crisis Shelters (HYA)","4","35","0.11"
"2022-03-08T00:00:00.000","Transitional Independent Living (HYA)","0","25","0"
"2022-03-08T00:00:00.000","Transitional Independent Living (TIL)","130","495","0.26"
"2022-03-09T00:00:00.000","Crisis Shelters","74","258","0.29"
"2022-03-09T00:00:00.000","Crisis Shelters (HYA)","5","35","0.14"
"2022-03-09T00:00:00.000","Transitional Independent Living (HYA)","0","25","0"
"2022-03-09T00:00:00.000","Transitional Independent Living (TIL)","130","495","0.26"
"2022-03-10T00:00:00.000","Crisis Shelters","70","258","0.27"
"2022-03-10T00:00:00.000","Crisis Shelters (HYA)","7","35","0.2"
"2022-03-10T00:00:00.000","Transitional Independent Living (HYA)","0","25","0"
"2022-03-10T00:00:00.000","Transitional Independent Living (TIL)","133","495","0.27"
"2022-03-11T00:00:00.000","Crisis Shelters","70","258","0.27"
"2022-03-11T00:00:00.000","Crisis Shelters (HYA)","7","35","0.2"
"2022-03-11T00:00:00.000","Transitional Independent Living (HYA)","0","25","0"
"2022-03-11T00:00:00.000","Transitional Independent Living (TIL)","130","495","0.26"
"2022-03-12T00:00:00.000","Crisis Shelters","71","258","0.28"
"2022-03-12T00:00:00.000","Crisis Shelters (HYA)","7","35","0.2"
"2022-03-12T00:00:00.000","Transitional Independent Living (HYA)","0","25","0"
"2022-03-12T00:00:00.000","Transitional Independent Living (TIL)","129","495","0.26"
"2022-03-13T00:00:00.000","Crisis Shelters","68","258","0.26"
"2022-03-13T00:00:00.000","Crisis Shelters (HYA)","8","35","0.23"
"2022-03-13T00:00:00.000","Transitional Independent Living (HYA)","0","25","0"
"2022-03-13T00:00:00.000","Transitional Independent Living (TIL)","129","495","0.26"
"2022-03-14T00:00:00.000","Crisis Shelters","70","258","0.27"
"2022-03-14T00:00:00.000","Crisis Shelters (HYA)","7","35","0.2"
"2022-03-14T00:00:00.000","Transitional Independent Living (HYA)","0","25","0"
"2022-03-14T00:00:00.000","Transitional Independent Living (TIL)","129","495","0.26"
"2022-03-15T00:00:00.000","Crisis Shelters","68","258","0.26"
"2022-03-15T00:00:00.000","Crisis Shelters (HYA)","7","35","0.2"
"2022-03-15T00:00:00.000","Transitional Independent Living (HYA)","0","25","0"
"2022-03-15T00:00:00.000","Transitional Independent Living (TIL)","130","495","0.26"
"2022-03-16T00:00:00.000","Crisis Shelters","68","258","0.26"
"2022-03-16T00:00:00.000","Crisis Shelters (HYA)","7","35","0.2"
"2022-03-16T00:00:00.000","Transitional Independent Living (HYA)","0","25","0"
"2022-03-16T00:00:00.000","Transitional Independent Living (TIL)","129","495","0.26"
"2022-03-17T00:00:00.000","Crisis Shelters","71","258","0.28"
"2022-03-17T00:00:00.000","Crisis Shelters (HYA)","7","35","0.2"
"2022-03-17T00:00:00.000","Transitional Independent Living (HYA)","0","25","0"
"2022-03-17T00:00:00.000","Transitional Independent Living (TIL)","131","495","0.26"
"2022-03-18T00:00:00.000","Crisis Shelters","69","258","0.27"
"2022-03-18T00:00:00.000","Crisis Shelters (HYA)","6","35","0.17"
"2022-03-18T00:00:00.000","Transitional Independent Living (HYA)","0","25","0"
"2022-03-18T00:00:00.000","Transitional Independent Living (TIL)","132","495","0.27"
"2022-03-19T00:00:00.000","Crisis Shelters","74","258","0.29"
"2022-03-19T00:00:00.000","Crisis Shelters (HYA)","6","35","0.17"
"2022-03-19T00:00:00.000","Transitional Independent Living (HYA)","0","25","0"
"2022-03-19T00:00:00.000","Transitional Independent Living (TIL)","132","495","0.27"
"2022-03-20T00:00:00.000","Crisis Shelters","74","258","0.29"
"2022-03-20T00:00:00.000","Crisis Shelters (HYA)","6","35","0.17"
"2022-03-20T00:00:00.000","Transitional Independent Living (HYA)","0","25","0"
"2022-03-20T00:00:00.000","Transitional Independent Living (TIL)","132","495","0.27"
"2022-03-21T00:00:00.000","Crisis Shelters","69","258","0.27"
"2022-03-21T00:00:00.000","Crisis Shelters (HYA)","6","35","0.17"
"2022-03-21T00:00:00.000","Transitional Independent Living (HYA)","0","25","0"
"2022-03-21T00:00:00.000","Transitional Independent Living (TIL)","132","495","0.27"
"2022-03-22T00:00:00.000","Crisis Shelters","69","258","0.27"
"2022-03-22T00:00:00.000","Crisis Shelters (HYA)","6","35","0.17"
"2022-03-22T00:00:00.000","Transitional Independent Living (HYA)","0","25","0"
"2022-03-22T00:00:00.000","Transitional Independent Living (TIL)","134","495","0.27"
"2022-03-23T00:00:00.000","Crisis Shelters","63","258","0.24"
"2022-03-23T00:00:00.000","Crisis Shelters (HYA)","6","35","0.17"
"2022-03-23T00:00:00.000","Transitional Independent Living (HYA)","0","25","0"
"2022-03-23T00:00:00.000","Transitional Independent Living (TIL)","134","495","0.27"
"2022-03-24T00:00:00.000","Crisis Shelters","60","258","0.23"
"2022-03-24T00:00:00.000","Crisis Shelters (HYA)","4","35","0.11"
"2022-03-24T00:00:00.000","Transitional Independent Living (HYA)","0","25","0"
"2022-03-24T00:00:00.000","Transitional Independent Living (TIL)","135","495","0.27"
"2022-03-25T00:00:00.000","Crisis Shelters","57","258","0.22"
"2022-03-25T00:00:00.000","Crisis Shelters (HYA)","4","35","0.11"
"2022-03-25T00:00:00.000","Transitional Independent Living (HYA)","0","25","0"
"2022-03-25T00:00:00.000","Transitional Independent Living (TIL)","133","495","0.27"
"2022-03-26T00:00:00.000","Crisis Shelters","61","258","0.24"
"2022-03-26T00:00:00.000","Crisis Shelters (HYA)","3","35","0.09"
"2022-03-26T00:00:00.000","Transitional Independent Living (HYA)","0","25","0"
"2022-03-26T00:00:00.000","Transitional Independent Living (TIL)","133","495","0.27"
"2022-03-27T00:00:00.000","Crisis Shelters","60","258","0.23"
"2022-03-27T00:00:00.000","Crisis Shelters (HYA)","4","35","0.11"
"2022-03-27T00:00:00.000","Transitional Independent Living (HYA)","0","25","0"
"2022-03-27T00:00:00.000","Transitional Independent Living (TIL)","133","495","0.27"
"2022-03-28T00:00:00.000","Crisis Shelters","65","258","0.25"
"2022-03-28T00:00:00.000","Crisis Shelters (HYA)","4","35","0.11"
"2022-03-28T00:00:00.000","Transitional Independent Living (HYA)","1","25","0.04"
"2022-03-28T00:00:00.000","Transitional Independent Living (TIL)","133","495","0.27"
"2022-03-29T00:00:00.000","Crisis Shelters","64","258","0.25"
"2022-03-29T00:00:00.000","Crisis Shelters (HYA)","4","35","0.11"
"2022-03-29T00:00:00.000","Transitional Independent Living (HYA)","1","25","0.04"
"2022-03-29T00:00:00.000","Transitional Independent Living (TIL)","132","495","0.27"
"2022-03-30T00:00:00.000","Crisis Shelters","66","258","0.26"
"2022-03-30T00:00:00.000","Crisis Shelters (HYA)","4","35","0.11"
"2022-03-30T00:00:00.000","Transitional Independent Living (HYA)","1","25","0.04"
"2022-03-30T00:00:00.000","Transitional Independent Living (TIL)","129","495","0.26"
"2022-03-31T00:00:00.000","Crisis Shelters","67","258","0.26"
"2022-03-31T00:00:00.000","Crisis Shelters (HYA)","4","35","0.11"
"2022-03-31T00:00:00.000","Transitional Independent Living (HYA)","1","25","0.04"
"2022-03-31T00:00:00.000","Transitional Independent Living (TIL)","128","495","0.26"
"2022-04-01T00:00:00.000","Crisis Shelters","67","258","0.26"
"2022-04-01T00:00:00.000","Crisis Shelters (HYA)","4","35","0.11"
"2022-04-01T00:00:00.000","Transitional Independent Living (HYA)","1","25","0.04"
"2022-04-01T00:00:00.000","Transitional Independent Living (TIL)","127","495","0.26"
"2022-04-02T00:00:00.000","Crisis Shelters","65","258","0.25"
"2022-04-02T00:00:00.000","Crisis Shelters (HYA)","4","35","0.11"
"2022-04-02T00:00:00.000","Transitional Independent Living (HYA)","1","25","0.04"
"2022-04-02T00:00:00.000","Transitional Independent Living (TIL)","127","495","0.26"
"2022-04-03T00:00:00.000","Crisis Shelters","62","258","0.24"
"2022-04-03T00:00:00.000","Crisis Shelters (HYA)","4","35","0.11"
"2022-04-03T00:00:00.000","Transitional Independent Living (HYA)","1","25","0.04"
"2022-04-03T00:00:00.000","Transitional Independent Living (TIL)","130","495","0.26"
"2022-04-04T00:00:00.000","Crisis Shelters","55","250","0.22"
"2022-04-04T00:00:00.000","Crisis Shelters (HYA)","3","35","0.09"
"2022-04-04T00:00:00.000","Transitional Independent Living (HYA)","2","25","0.08"
"2022-04-04T00:00:00.000","Transitional Independent Living (TIL)","125","495","0.25"
"2022-04-05T00:00:00.000","Crisis Shelters","61","250","0.24"
"2022-04-05T00:00:00.000","Crisis Shelters (HYA)","2","35","0.06"
"2022-04-05T00:00:00.000","Transitional Independent Living (HYA)","2","25","0.08"
"2022-04-05T00:00:00.000","Transitional Independent Living (TIL)","124","495","0.25"
"2022-04-06T00:00:00.000","Crisis Shelters","61","250","0.24"
"2022-04-06T00:00:00.000","Crisis Shelters (HYA)","2","35","0.06"
"2022-04-06T00:00:00.000","Transitional Independent Living (HYA)","2","25","0.08"
"2022-04-06T00:00:00.000","Transitional Independent Living (TIL)","123","495","0.25"
"2022-04-07T00:00:00.000","Crisis Shelters","58","250","0.23"
"2022-04-07T00:00:00.000","Crisis Shelters (HYA)","1","35","0.03"
"2022-04-07T00:00:00.000","Transitional Independent Living (HYA)","2","25","0.08"
"2022-04-07T00:00:00.000","Transitional Independent Living (TIL)","124","495","0.25"
"2022-04-08T00:00:00.000","Crisis Shelters","56","250","0.22"
"2022-04-08T00:00:00.000","Crisis Shelters (HYA)","2","35","0.06"
"2022-04-08T00:00:00.000","Transitional Independent Living (HYA)","2","25","0.08"
"2022-04-08T00:00:00.000","Transitional Independent Living (TIL)","125","495","0.25"
"2022-04-09T00:00:00.000","Crisis Shelters","54","250","0.22"
"2022-04-09T00:00:00.000","Crisis Shelters (HYA)","2","35","0.06"
"2022-04-09T00:00:00.000","Transitional Independent Living (HYA)","2","25","0.08"
"2022-04-09T00:00:00.000","Transitional Independent Living (TIL)","125","495","0.25"
"2022-04-10T00:00:00.000","Crisis Shelters","55","250","0.22"
"2022-04-10T00:00:00.000","Crisis Shelters (HYA)","3","35","0.09"
"2022-04-10T00:00:00.000","Transitional Independent Living (HYA)","2","25","0.08"
"2022-04-10T00:00:00.000","Transitional Independent Living (TIL)","124","495","0.25"
"2022-04-11T00:00:00.000","Crisis Shelters","60","250","0.24"
"2022-04-11T00:00:00.000","Crisis Shelters (HYA)","0","35","0"
"2022-04-11T00:00:00.000","Transitional Independent Living (HYA)","2","25","0.08"
"2022-04-11T00:00:00.000","Transitional Independent Living (TIL)","121","495","0.24"
"2022-04-12T00:00:00.000","Crisis Shelters","57","250","0.23"
"2022-04-12T00:00:00.000","Crisis Shelters (HYA)","0","35","0"
"2022-04-12T00:00:00.000","Transitional Independent Living (HYA)","1","25","0.04"
"2022-04-12T00:00:00.000","Transitional Independent Living (TIL)","119","495","0.24"
"2022-04-13T00:00:00.000","Crisis Shelters","58","250","0.23"
"2022-04-13T00:00:00.000","Crisis Shelters (HYA)","1","35","0.03"
"2022-04-13T00:00:00.000","Transitional Independent Living (HYA)","1","25","0.04"
"2022-04-13T00:00:00.000","Transitional Independent Living (TIL)","121","495","0.24"
"2022-04-14T00:00:00.000","Crisis Shelters","60","250","0.24"
"2022-04-14T00:00:00.000","Crisis Shelters (HYA)","0","35","0"
"2022-04-14T00:00:00.000","Transitional Independent Living (HYA)","1","25","0.04"
"2022-04-14T00:00:00.000","Transitional Independent Living (TIL)","121","495","0.24"
"2022-04-15T00:00:00.000","Crisis Shelters","59","250","0.24"
"2022-04-15T00:00:00.000","Crisis Shelters (HYA)","3","35","0.09"
"2022-04-15T00:00:00.000","Transitional Independent Living (HYA)","1","25","0.04"
"2022-04-15T00:00:00.000","Transitional Independent Living (TIL)","121","495","0.24"
"2022-04-16T00:00:00.000","Crisis Shelters","60","250","0.24"
"2022-04-16T00:00:00.000","Crisis Shelters (HYA)","3","35","0.09"
"2022-04-16T00:00:00.000","Transitional Independent Living (HYA)","1","25","0.04"
"2022-04-16T00:00:00.000","Transitional Independent Living (TIL)","120","495","0.24"
"2022-04-17T00:00:00.000","Crisis Shelters","60","250","0.24"
"2022-04-17T00:00:00.000","Crisis Shelters (HYA)","2","35","0.06"
"2022-04-17T00:00:00.000","Transitional Independent Living (HYA)","0","25","0"
"2022-04-17T00:00:00.000","Transitional Independent Living (TIL)","120","495","0.24"
"2022-04-18T00:00:00.000","Crisis Shelters","54","250","0.22"
"2022-04-18T00:00:00.000","Crisis Shelters (HYA)","2","35","0.06"
"2022-04-18T00:00:00.000","Transitional Independent Living (HYA)","0","25","0"
"2022-04-18T00:00:00.000","Transitional Independent Living (TIL)","127","495","0.26"
"2022-04-19T00:00:00.000","Crisis Shelters","57","250","0.23"
"2022-04-19T00:00:00.000","Crisis Shelters (HYA)","4","35","0.11"
"2022-04-19T00:00:00.000","Transitional Independent Living (HYA)","0","25","0"
"2022-04-19T00:00:00.000","Transitional Independent Living (TIL)","125","495","0.25"
"2022-04-20T00:00:00.000","Crisis Shelters","56","250","0.22"
"2022-04-20T00:00:00.000","Crisis Shelters (HYA)","5","35","0.14"
"2022-04-20T00:00:00.000","Transitional Independent Living (HYA)","0","25","0"
"2022-04-20T00:00:00.000","Transitional Independent Living (TIL)","125","495","0.25"
"2022-04-21T00:00:00.000","Crisis Shelters","55","250","0.22"
"2022-04-21T00:00:00.000","Crisis Shelters (HYA)","7","35","0.2"
"2022-04-21T00:00:00.000","Transitional Independent Living (HYA)","0","25","0"
"2022-04-21T00:00:00.000","Transitional Independent Living (TIL)","127","495","0.26"
"2022-04-22T00:00:00.000","Crisis Shelters","52","250","0.21"
"2022-04-22T00:00:00.000","Crisis Shelters (HYA)","6","35","0.17"
"2022-04-22T00:00:00.000","Transitional Independent Living (HYA)","0","25","0"
"2022-04-22T00:00:00.000","Transitional Independent Living (TIL)","128","495","0.26"
"2022-04-23T00:00:00.000","Crisis Shelters","52","250","0.21"
"2022-04-23T00:00:00.000","Crisis Shelters (HYA)","7","35","0.2"
"2022-04-23T00:00:00.000","Transitional Independent Living (HYA)","0","25","0"
"2022-04-23T00:00:00.000","Transitional Independent Living (TIL)","131","495","0.26"
"2022-04-24T00:00:00.000","Crisis Shelters","50","250","0.2"
"2022-04-24T00:00:00.000","Crisis Shelters (HYA)","7","35","0.2"
"2022-04-24T00:00:00.000","Transitional Independent Living (HYA)","0","25","0"
"2022-04-24T00:00:00.000","Transitional Independent Living (TIL)","132","495","0.27"
"2022-04-25T00:00:00.000","Crisis Shelters","56","250","0.22"
"2022-04-25T00:00:00.000","Crisis Shelters (HYA)","6","35","0.17"
"2022-04-25T00:00:00.000","Transitional Independent Living (HYA)","0","25","0"
"2022-04-25T00:00:00.000","Transitional Independent Living (TIL)","126","495","0.25"
"2022-04-26T00:00:00.000","Crisis Shelters","56","250","0.22"
"2022-04-26T00:00:00.000","Crisis Shelters (HYA)","6","35","0.17"
"2022-04-26T00:00:00.000","Transitional Independent Living (HYA)","0","25","0"
"2022-04-26T00:00:00.000","Transitional Independent Living (TIL)","124","495","0.25"
"2022-04-27T00:00:00.000","Crisis Shelters","56","250","0.22"
"2022-04-27T00:00:00.000","Crisis Shelters (HYA)","6","35","0.17"
"2022-04-27T00:00:00.000","Transitional Independent Living (HYA)","0","25","0"
"2022-04-27T00:00:00.000","Transitional Independent Living (TIL)","124","495","0.25"
"2022-04-28T00:00:00.000","Crisis Shelters","55","250","0.22"
"2022-04-28T00:00:00.000","Crisis Shelters (HYA)","5","35","0.14"
"2022-04-28T00:00:00.000","Transitional Independent Living (HYA)","0","25","0"
"2022-04-28T00:00:00.000","Transitional Independent Living (TIL)","122","495","0.25"
"2022-04-29T00:00:00.000","Crisis Shelters","55","250","0.22"
"2022-04-29T00:00:00.000","Crisis Shelters (HYA)","5","35","0.14"
"2022-04-29T00:00:00.000","Transitional Independent Living (HYA)","0","25","0"
"2022-04-29T00:00:00.000","Transitional Independent Living (TIL)","119","495","0.24"
"2022-04-30T00:00:00.000","Crisis Shelters","57","250","0.23"
"2022-04-30T00:00:00.000","Crisis Shelters (HYA)","4","35","0.11"
"2022-04-30T00:00:00.000","Transitional Independent Living (HYA)","0","25","0"
"2022-04-30T00:00:00.000","Transitional Independent Living (TIL)","120","495","0.24"
"2022-05-01T00:00:00.000","Crisis Shelters","64","250","0.26"
"2022-05-01T00:00:00.000","Crisis Shelters (HYA)","4","35","0.11"
"2022-05-01T00:00:00.000","Transitional Independent Living (HYA)","0","25","0"
"2022-05-01T00:00:00.000","Transitional Independent Living (TIL)","120","495","0.24"
"2022-05-02T00:00:00.000","Crisis Shelters","62","250","0.25"
"2022-05-02T00:00:00.000","Crisis Shelters (HYA)","4","35","0.11"
"2022-05-02T00:00:00.000","Transitional Independent Living (HYA)","0","25","0"
"2022-05-02T00:00:00.000","Transitional Independent Living (TIL)","123","495","0.25"
"2022-05-03T00:00:00.000","Crisis Shelters","63","250","0.25"
"2022-05-03T00:00:00.000","Crisis Shelters (HYA)","4","35","0.11"
"2022-05-03T00:00:00.000","Transitional Independent Living (HYA)","0","25","0"
"2022-05-03T00:00:00.000","Transitional Independent Living (TIL)","122","495","0.25"
"2022-05-04T00:00:00.000","Crisis Shelters","64","250","0.26"
"2022-05-04T00:00:00.000","Crisis Shelters (HYA)","5","35","0.14"
"2022-05-04T00:00:00.000","Transitional Independent Living (HYA)","0","25","0"
"2022-05-04T00:00:00.000","Transitional Independent Living (TIL)","122","495","0.25"
"2022-05-05T00:00:00.000","Crisis Shelters","62","250","0.25"
"2022-05-05T00:00:00.000","Crisis Shelters (HYA)","6","35","0.17"
"2022-05-05T00:00:00.000","Transitional Independent Living (HYA)","0","25","0"
"2022-05-05T00:00:00.000","Transitional Independent Living (TIL)","120","495","0.24"
"2022-05-06T00:00:00.000","Crisis Shelters","67","250","0.27"
"2022-05-06T00:00:00.000","Crisis Shelters (HYA)","6","35","0.17"
"2022-05-06T00:00:00.000","Transitional Independent Living (HYA)","0","25","0"
"2022-05-06T00:00:00.000","Transitional Independent Living (TIL)","120","495","0.24"
"2022-05-07T00:00:00.000","Crisis Shelters","70","250","0.28"
"2022-05-07T00:00:00.000","Crisis Shelters (HYA)","5","35","0.14"
"2022-05-07T00:00:00.000","Transitional Independent Living (HYA)","0","25","0"
"2022-05-07T00:00:00.000","Transitional Independent Living (TIL)","121","495","0.24"
"2022-05-08T00:00:00.000","Crisis Shelters","67","250","0.27"
"2022-05-08T00:00:00.000","Crisis Shelters (HYA)","5","35","0.14"
"2022-05-08T00:00:00.000","Transitional Independent Living (HYA)","0","25","0"
"2022-05-08T00:00:00.000","Transitional Independent Living (TIL)","121","495","0.24"
"2022-05-09T00:00:00.000","Crisis Shelters","66","250","0.26"
"2022-05-09T00:00:00.000","Crisis Shelters (HYA)","3","35","0.09"
"2022-05-09T00:00:00.000","Transitional Independent Living (HYA)","0","25","0"
"2022-05-09T00:00:00.000","Transitional Independent Living (TIL)","118","495","0.24"
"2022-05-10T00:00:00.000","Crisis Shelters","65","250","0.26"
"2022-05-10T00:00:00.000","Crisis Shelters (HYA)","3","35","0.09"
"2022-05-10T00:00:00.000","Transitional Independent Living (HYA)","0","25","0"
"2022-05-10T00:00:00.000","Transitional Independent Living (TIL)","115","495","0.23"
"2022-05-11T00:00:00.000","Crisis Shelters","65","250","0.26"
"2022-05-11T00:00:00.000","Crisis Shelters (HYA)","2","35","0.06"
"2022-05-11T00:00:00.000","Transitional Independent Living (HYA)","0","25","0"
"2022-05-11T00:00:00.000","Transitional Independent Living (TIL)","115","495","0.23"
"2022-05-12T00:00:00.000","Crisis Shelters","61","250","0.24"
"2022-05-12T00:00:00.000","Crisis Shelters (HYA)","4","35","0.11"
"2022-05-12T00:00:00.000","Transitional Independent Living (HYA)","0","25","0"
"2022-05-12T00:00:00.000","Transitional Independent Living (TIL)","116","495","0.23"
"2022-05-13T00:00:00.000","Crisis Shelters","60","250","0.24"
"2022-05-13T00:00:00.000","Crisis Shelters (HYA)","2","35","0.06"
"2022-05-13T00:00:00.000","Transitional Independent Living (HYA)","0","25","0"
"2022-05-13T00:00:00.000","Transitional Independent Living (TIL)","116","495","0.23"
"2022-05-14T00:00:00.000","Crisis Shelters","60","250","0.24"
"2022-05-14T00:00:00.000","Crisis Shelters (HYA)","2","35","0.06"
"2022-05-14T00:00:00.000","Transitional Independent Living (HYA)","0","25","0"
"2022-05-14T00:00:00.000","Transitional Independent Living (TIL)","116","495","0.23"
"2022-05-15T00:00:00.000","Crisis Shelters","63","250","0.25"
"2022-05-15T00:00:00.000","Crisis Shelters (HYA)","2","35","0.06"
"2022-05-15T00:00:00.000","Transitional Independent Living (HYA)","0","25","0"
"2022-05-15T00:00:00.000","Transitional Independent Living (TIL)","116","495","0.23"
"2022-05-16T00:00:00.000","Crisis Shelters","59","250","0.24"
"2022-05-16T00:00:00.000","Crisis Shelters (HYA)","3","35","0.09"
"2022-05-16T00:00:00.000","Transitional Independent Living (HYA)","0","25","0"
"2022-05-16T00:00:00.000","Transitional Independent Living (TIL)","115","495","0.23"
"2022-05-17T00:00:00.000","Crisis Shelters","49","250","0.2"
"2022-05-17T00:00:00.000","Crisis Shelters (HYA)","3","35","0.09"
"2022-05-17T00:00:00.000","Transitional Independent Living (HYA)","0","25","0"
"2022-05-17T00:00:00.000","Transitional Independent Living (TIL)","116","495","0.23"
"2022-05-18T00:00:00.000","Crisis Shelters","49","250","0.2"
"2022-05-18T00:00:00.000","Crisis Shelters (HYA)","3","35","0.09"
"2022-05-18T00:00:00.000","Transitional Independent Living (HYA)","0","25","0"
"2022-05-18T00:00:00.000","Transitional Independent Living (TIL)","114","495","0.23"
"2022-05-19T00:00:00.000","Crisis Shelters","47","250","0.19"
"2022-05-19T00:00:00.000","Crisis Shelters (HYA)","3","35","0.09"
"2022-05-19T00:00:00.000","Transitional Independent Living (HYA)","0","25","0"
"2022-05-19T00:00:00.000","Transitional Independent Living (TIL)","114","495","0.23"
"2022-05-20T00:00:00.000","Crisis Shelters","50","250","0.2"
"2022-05-20T00:00:00.000","Crisis Shelters (HYA)","3","35","0.09"
"2022-05-20T00:00:00.000","Transitional Independent Living (HYA)","0","25","0"
"2022-05-20T00:00:00.000","Transitional Independent Living (TIL)","116","495","0.23"
"2022-05-21T00:00:00.000","Crisis Shelters","48","250","0.19"
"2022-05-21T00:00:00.000","Crisis Shelters (HYA)","4","35","0.11"
"2022-05-21T00:00:00.000","Transitional Independent Living (HYA)","0","25","0"
"2022-05-21T00:00:00.000","Transitional Independent Living (TIL)","115","495","0.23"
"2022-05-22T00:00:00.000","Crisis Shelters","47","250","0.19"
"2022-05-22T00:00:00.000","Crisis Shelters (HYA)","4","35","0.11"
"2022-05-22T00:00:00.000","Transitional Independent Living (HYA)","0","25","0"
"2022-05-22T00:00:00.000","Transitional Independent Living (TIL)","118","495","0.24"
"2022-05-23T00:00:00.000","Crisis Shelters","45","250","0.18"
"2022-05-23T00:00:00.000","Crisis Shelters (HYA)","6","35","0.17"
"2022-05-23T00:00:00.000","Transitional Independent Living (HYA)","0","25","0"
"2022-05-23T00:00:00.000","Transitional Independent Living (TIL)","117","495","0.24"
"2022-05-24T00:00:00.000","Crisis Shelters","48","250","0.19"
"2022-05-24T00:00:00.000","Crisis Shelters (HYA)","5","35","0.14"
"2022-05-24T00:00:00.000","Transitional Independent Living (HYA)","0","25","0"
"2022-05-24T00:00:00.000","Transitional Independent Living (TIL)","117","495","0.24"
"2022-05-25T00:00:00.000","Crisis Shelters","38","250","0.15"
"2022-05-25T00:00:00.000","Crisis Shelters (HYA)","3","35","0.09"
"2022-05-25T00:00:00.000","Transitional Independent Living (HYA)","0","25","0"
"2022-05-25T00:00:00.000","Transitional Independent Living (TIL)","117","495","0.24"
"2022-05-26T00:00:00.000","Crisis Shelters","40","250","0.16"
"2022-05-26T00:00:00.000","Crisis Shelters (HYA)","2","35","0.06"
"2022-05-26T00:00:00.000","Transitional Independent Living (HYA)","0","25","0"
"2022-05-26T00:00:00.000","Transitional Independent Living (TIL)","116","495","0.23"
"2022-05-27T00:00:00.000","Crisis Shelters","40","250","0.16"
"2022-05-27T00:00:00.000","Crisis Shelters (HYA)","2","35","0.06"
"2022-05-27T00:00:00.000","Transitional Independent Living (HYA)","0","25","0"
"2022-05-27T00:00:00.000","Transitional Independent Living (TIL)","117","495","0.24"
"2022-05-28T00:00:00.000","Crisis Shelters","38","250","0.15"
"2022-05-28T00:00:00.000","Crisis Shelters (HYA)","2","35","0.06"
"2022-05-28T00:00:00.000","Transitional Independent Living (HYA)","0","25","0"
"2022-05-28T00:00:00.000","Transitional Independent Living (TIL)","117","495","0.24"
"2022-05-29T00:00:00.000","Crisis Shelters","38","250","0.15"
"2022-05-29T00:00:00.000","Crisis Shelters (HYA)","2","35","0.06"
"2022-05-29T00:00:00.000","Transitional Independent Living (HYA)","0","25","0"
"2022-05-29T00:00:00.000","Transitional Independent Living (TIL)","119","495","0.24"
"2022-05-30T00:00:00.000","Crisis Shelters","42","250","0.17"
"2022-05-30T00:00:00.000","Crisis Shelters (HYA)","1","35","0.03"
"2022-05-30T00:00:00.000","Transitional Independent Living (HYA)","0","25","0"
"2022-05-30T00:00:00.000","Transitional Independent Living (TIL)","118","495","0.24"
"2022-05-31T00:00:00.000","Crisis Shelters","43","250","0.17"
"2022-05-31T00:00:00.000","Crisis Shelters (HYA)","1","35","0.03"
"2022-05-31T00:00:00.000","Transitional Independent Living (HYA)","0","25","0"
"2022-05-31T00:00:00.000","Transitional Independent Living (TIL)","122","495","0.25"
"2022-06-01T00:00:00.000","Crisis Shelters","42","250","0.17"
"2022-06-01T00:00:00.000","Crisis Shelters (HYA)","2","35","0.06"
"2022-06-01T00:00:00.000","Transitional Independent Living (HYA)","0","25","0"
"2022-06-01T00:00:00.000","Transitional Independent Living (TIL)","126","495","0.25"
"2022-06-02T00:00:00.000","Crisis Shelters","44","250","0.18"
"2022-06-02T00:00:00.000","Crisis Shelters (HYA)","1","35","0.03"
"2022-06-02T00:00:00.000","Transitional Independent Living (HYA)","0","25","0"
"2022-06-02T00:00:00.000","Transitional Independent Living (TIL)","123","495","0.25"
"2022-06-03T00:00:00.000","Crisis Shelters","46","250","0.18"
"2022-06-03T00:00:00.000","Crisis Shelters (HYA)","2","35","0.06"
"2022-06-03T00:00:00.000","Transitional Independent Living (HYA)","0","25","0"
"2022-06-03T00:00:00.000","Transitional Independent Living (TIL)","122","495","0.25"
"2022-06-04T00:00:00.000","Crisis Shelters","45","250","0.18"
"2022-06-04T00:00:00.000","Crisis Shelters (HYA)","3","35","0.09"
"2022-06-04T00:00:00.000","Transitional Independent Living (HYA)","0","25","0"
"2022-06-04T00:00:00.000","Transitional Independent Living (TIL)","123","495","0.25"
"2022-06-05T00:00:00.000","Crisis Shelters","44","250","0.18"
"2022-06-05T00:00:00.000","Crisis Shelters (HYA)","1","35","0.03"
"2022-06-05T00:00:00.000","Transitional Independent Living (HYA)","0","25","0"
"2022-06-05T00:00:00.000","Transitional Independent Living (TIL)","125","495","0.25"
"2022-06-06T00:00:00.000","Crisis Shelters","42","250","0.17"
"2022-06-06T00:00:00.000","Crisis Shelters (HYA)","1","35","0.03"
"2022-06-06T00:00:00.000","Transitional Independent Living (HYA)","0","25","0"
"2022-06-06T00:00:00.000","Transitional Independent Living (TIL)","125","495","0.25"
"2022-06-07T00:00:00.000","Crisis Shelters","43","250","0.17"
"2022-06-07T00:00:00.000","Crisis Shelters (HYA)","1","35","0.03"
"2022-06-07T00:00:00.000","Transitional Independent Living (HYA)","0","25","0"
"2022-06-07T00:00:00.000","Transitional Independent Living (TIL)","126","495","0.25"
"2022-06-08T00:00:00.000","Crisis Shelters","38","250","0.15"
"2022-06-08T00:00:00.000","Crisis Shelters (HYA)","1","35","0.03"
"2022-06-08T00:00:00.000","Transitional Independent Living (HYA)","1","25","0.04"
"2022-06-08T00:00:00.000","Transitional Independent Living (TIL)","130","495","0.26"
"2022-06-09T00:00:00.000","Crisis Shelters","34","250","0.14"
"2022-06-09T00:00:00.000","Crisis Shelters (HYA)","1","35","0.03"
"2022-06-09T00:00:00.000","Transitional Independent Living (HYA)","1","25","0.04"
"2022-06-09T00:00:00.000","Transitional Independent Living (TIL)","123","495","0.25"
"2022-06-10T00:00:00.000","Crisis Shelters","38","250","0.15"
"2022-06-10T00:00:00.000","Crisis Shelters (HYA)","1","35","0.03"
"2022-06-10T00:00:00.000","Transitional Independent Living (HYA)","1","25","0.04"
"2022-06-10T00:00:00.000","Transitional Independent Living (TIL)","121","495","0.24"
"2022-06-11T00:00:00.000","Crisis Shelters","39","250","0.16"
"2022-06-11T00:00:00.000","Crisis Shelters (HYA)","2","35","0.06"
"2022-06-11T00:00:00.000","Transitional Independent Living (HYA)","2","25","0.08"
"2022-06-11T00:00:00.000","Transitional Independent Living (TIL)","121","495","0.24"
"2022-06-12T00:00:00.000","Crisis Shelters","39","250","0.16"
"2022-06-12T00:00:00.000","Crisis Shelters (HYA)","2","35","0.06"
"2022-06-12T00:00:00.000","Transitional Independent Living (HYA)","2","25","0.08"
"2022-06-12T00:00:00.000","Transitional Independent Living (TIL)","120","495","0.24"
"2022-06-13T00:00:00.000","Crisis Shelters","36","250","0.14"
"2022-06-13T00:00:00.000","Crisis Shelters (HYA)","2","35","0.06"
"2022-06-13T00:00:00.000","Transitional Independent Living (HYA)","2","25","0.08"
"2022-06-13T00:00:00.000","Transitional Independent Living (TIL)","119","495","0.24"
"2022-06-14T00:00:00.000","Crisis Shelters","35","250","0.14"
"2022-06-14T00:00:00.000","Crisis Shelters (HYA)","3","35","0.09"
"2022-06-14T00:00:00.000","Transitional Independent Living (HYA)","2","25","0.08"
"2022-06-14T00:00:00.000","Transitional Independent Living (TIL)","116","495","0.23"
"2022-06-15T00:00:00.000","Crisis Shelters","39","250","0.16"
"2022-06-15T00:00:00.000","Crisis Shelters (HYA)","1","35","0.03"
"2022-06-15T00:00:00.000","Transitional Independent Living (HYA)","2","25","0.08"
"2022-06-15T00:00:00.000","Transitional Independent Living (TIL)","113","495","0.23"
"2022-06-16T00:00:00.000","Crisis Shelters","32","250","0.13"
"2022-06-16T00:00:00.000","Crisis Shelters (HYA)","2","35","0.06"
"2022-06-16T00:00:00.000","Transitional Independent Living (HYA)","2","25","0.08"
"2022-06-16T00:00:00.000","Transitional Independent Living (TIL)","108","495","0.22"
"2022-06-17T00:00:00.000","Crisis Shelters","32","250","0.13"
"2022-06-17T00:00:00.000","Crisis Shelters (HYA)","2","35","0.06"
"2022-06-17T00:00:00.000","Transitional Independent Living (HYA)","2","25","0.08"
"2022-06-17T00:00:00.000","Transitional Independent Living (TIL)","111","495","0.22"
"2022-06-18T00:00:00.000","Crisis Shelters","35","250","0.14"
"2022-06-18T00:00:00.000","Crisis Shelters (HYA)","2","35","0.06"
"2022-06-18T00:00:00.000","Transitional Independent Living (HYA)","2","25","0.08"
"2022-06-18T00:00:00.000","Transitional Independent Living (TIL)","116","495","0.23"
"2022-06-19T00:00:00.000","Crisis Shelters","34","250","0.14"
"2022-06-19T00:00:00.000","Crisis Shelters (HYA)","2","35","0.06"
"2022-06-19T00:00:00.000","Transitional Independent Living (HYA)","2","25","0.08"
"2022-06-19T00:00:00.000","Transitional Independent Living (TIL)","116","495","0.23"
"2022-06-20T00:00:00.000","Crisis Shelters","38","250","0.15"
"2022-06-20T00:00:00.000","Crisis Shelters (HYA)","1","35","0.03"
"2022-06-20T00:00:00.000","Transitional Independent Living (HYA)","2","25","0.08"
"2022-06-20T00:00:00.000","Transitional Independent Living (TIL)","115","495","0.23"
"2022-06-21T00:00:00.000","Crisis Shelters","33","250","0.13"
"2022-06-21T00:00:00.000","Crisis Shelters (HYA)","1","35","0.03"
"2022-06-21T00:00:00.000","Transitional Independent Living (HYA)","3","25","0.12"
"2022-06-21T00:00:00.000","Transitional Independent Living (TIL)","119","495","0.24"
"2022-06-22T00:00:00.000","Crisis Shelters","33","250","0.13"
"2022-06-22T00:00:00.000","Crisis Shelters (HYA)","1","35","0.03"
"2022-06-22T00:00:00.000","Transitional Independent Living (HYA)","4","25","0.16"
"2022-06-22T00:00:00.000","Transitional Independent Living (TIL)","119","495","0.24"
"2022-06-23T00:00:00.000","Crisis Shelters","33","250","0.13"
"2022-06-23T00:00:00.000","Crisis Shelters (HYA)","1","35","0.03"
"2022-06-23T00:00:00.000","Transitional Independent Living (HYA)","5","25","0.2"
"2022-06-23T00:00:00.000","Transitional Independent Living (TIL)","120","495","0.24"
"2022-06-24T00:00:00.000","Crisis Shelters","32","250","0.13"
"2022-06-24T00:00:00.000","Crisis Shelters (HYA)","2","35","0.06"
"2022-06-24T00:00:00.000","Transitional Independent Living (HYA)","5","25","0.2"
"2022-06-24T00:00:00.000","Transitional Independent Living (TIL)","126","495","0.25"
"2022-06-25T00:00:00.000","Crisis Shelters","31","250","0.12"
"2022-06-25T00:00:00.000","Crisis Shelters (HYA)","2","35","0.06"
"2022-06-25T00:00:00.000","Transitional Independent Living (HYA)","5","25","0.2"
"2022-06-25T00:00:00.000","Transitional Independent Living (TIL)","126","495","0.25"
"2022-06-26T00:00:00.000","Crisis Shelters","30","250","0.12"
"2022-06-26T00:00:00.000","Crisis Shelters (HYA)","2","35","0.06"
"2022-06-26T00:00:00.000","Transitional Independent Living (HYA)","6","25","0.24"
"2022-06-26T00:00:00.000","Transitional Independent Living (TIL)","127","495","0.26"
"2022-06-27T00:00:00.000","Crisis Shelters","29","250","0.12"
"2022-06-27T00:00:00.000","Crisis Shelters (HYA)","2","35","0.06"
"2022-06-27T00:00:00.000","Transitional Independent Living (HYA)","6","25","0.24"
"2022-06-27T00:00:00.000","Transitional Independent Living (TIL)","128","495","0.26"
"2022-06-28T00:00:00.000","Crisis Shelters","28","250","0.11"
"2022-06-28T00:00:00.000","Crisis Shelters (HYA)","3","35","0.09"
"2022-06-28T00:00:00.000","Transitional Independent Living (HYA)","8","25","0.32"
"2022-06-28T00:00:00.000","Transitional Independent Living (TIL)","127","495","0.26"
"2022-06-29T00:00:00.000","Crisis Shelters","33","250","0.13"
"2022-06-29T00:00:00.000","Crisis Shelters (HYA)","4","35","0.11"
"2022-06-29T00:00:00.000","Transitional Independent Living (HYA)","11","25","0.44"
"2022-06-29T00:00:00.000","Transitional Independent Living (TIL)","128","495","0.26"
"2022-06-30T00:00:00.000","Crisis Shelters","55","250","0.22"
"2022-06-30T00:00:00.000","Crisis Shelters (HYA)","4","35","0.11"
"2022-06-30T00:00:00.000","Transitional Independent Living (HYA)","15","25","0.6"
"2022-06-30T00:00:00.000","Transitional Independent Living (TIL)","132","495","0.27"
"2022-07-01T00:00:00.000","Crisis Shelters","44","258","0.17"
"2022-07-01T00:00:00.000","Crisis Shelters (HYA)","3","35","0.09"
"2022-07-01T00:00:00.000","Transitional Independent Living (HYA)","0","10","0"
"2022-07-01T00:00:00.000","Transitional Independent Living (TIL)","74","411","0.18"
"2022-07-02T00:00:00.000","Crisis Shelters","41","258","0.16"
"2022-07-02T00:00:00.000","Crisis Shelters (HYA)","2","35","0.06"
"2022-07-02T00:00:00.000","Transitional Independent Living (HYA)","0","10","0"
"2022-07-02T00:00:00.000","Transitional Independent Living (TIL)","74","411","0.18"
"2022-07-03T00:00:00.000","Crisis Shelters","39","258","0.15"
"2022-07-03T00:00:00.000","Crisis Shelters (HYA)","2","35","0.06"
"2022-07-03T00:00:00.000","Transitional Independent Living (HYA)","0","10","0"
"2022-07-03T00:00:00.000","Transitional Independent Living (TIL)","74","411","0.18"
"2022-07-04T00:00:00.000","Crisis Shelters","41","258","0.16"
"2022-07-04T00:00:00.000","Crisis Shelters (HYA)","2","35","0.06"
"2022-07-04T00:00:00.000","Transitional Independent Living (HYA)","0","10","0"
"2022-07-04T00:00:00.000","Transitional Independent Living (TIL)","73","411","0.18"
"2022-07-05T00:00:00.000","Crisis Shelters","36","258","0.14"
"2022-07-05T00:00:00.000","Crisis Shelters (HYA)","3","35","0.09"
"2022-07-05T00:00:00.000","Transitional Independent Living (HYA)","0","10","0"
"2022-07-05T00:00:00.000","Transitional Independent Living (TIL)","77","411","0.19"
"2022-07-06T00:00:00.000","Crisis Shelters","36","258","0.14"
"2022-07-06T00:00:00.000","Crisis Shelters (HYA)","2","35","0.06"
"2022-07-06T00:00:00.000","Transitional Independent Living (HYA)","0","10","0"
"2022-07-06T00:00:00.000","Transitional Independent Living (TIL)","80","411","0.19"
"2022-07-07T00:00:00.000","Crisis Shelters","35","258","0.14"
"2022-07-07T00:00:00.000","Crisis Shelters (HYA)","1","35","0.03"
"2022-07-07T00:00:00.000","Transitional Independent Living (HYA)","0","10","0"
"2022-07-07T00:00:00.000","Transitional Independent Living (TIL)","80","411","0.19"
"2022-07-08T00:00:00.000","Crisis Shelters","43","258","0.17"
"2022-07-08T00:00:00.000","Crisis Shelters (HYA)","1","35","0.03"
"2022-07-08T00:00:00.000","Transitional Independent Living (HYA)","0","10","0"
"2022-07-08T00:00:00.000","Transitional Independent Living (TIL)","80","411","0.19"
"2022-07-09T00:00:00.000","Crisis Shelters","43","258","0.17"
"2022-07-09T00:00:00.000","Crisis Shelters (HYA)","1","35","0.03"
"2022-07-09T00:00:00.000","Transitional Independent Living (HYA)","0","10","0"
"2022-07-09T00:00:00.000","Transitional Independent Living (TIL)","81","411","0.2"
"2022-07-10T00:00:00.000","Crisis Shelters","42","258","0.16"
"2022-07-10T00:00:00.000","Crisis Shelters (HYA)","1","35","0.03"
"2022-07-10T00:00:00.000","Transitional Independent Living (HYA)","0","10","0"
"2022-07-10T00:00:00.000","Transitional Independent Living (TIL)","81","411","0.2"
"2022-07-11T00:00:00.000","Crisis Shelters","42","258","0.16"
"2022-07-11T00:00:00.000","Crisis Shelters (HYA)","3","35","0.09"
"2022-07-11T00:00:00.000","Transitional Independent Living (HYA)","0","10","0"
"2022-07-11T00:00:00.000","Transitional Independent Living (TIL)","82","411","0.2"
"2022-07-12T00:00:00.000","Crisis Shelters","42","258","0.16"
"2022-07-12T00:00:00.000","Crisis Shelters (HYA)","3","35","0.09"
"2022-07-12T00:00:00.000","Transitional Independent Living (HYA)","0","10","0"
"2022-07-12T00:00:00.000","Transitional Independent Living (TIL)","84","411","0.2"
"2022-07-13T00:00:00.000","Crisis Shelters","46","258","0.18"
"2022-07-13T00:00:00.000","Crisis Shelters (HYA)","2","35","0.06"
"2022-07-13T00:00:00.000","Transitional Independent Living (HYA)","0","10","0"
"2022-07-13T00:00:00.000","Transitional Independent Living (TIL)","80","411","0.19"
"2022-07-14T00:00:00.000","Crisis Shelters","39","258","0.15"
"2022-07-14T00:00:00.000","Crisis Shelters (HYA)","2","35","0.06"
"2022-07-14T00:00:00.000","Transitional Independent Living (HYA)","0","10","0"
"2022-07-14T00:00:00.000","Transitional Independent Living (TIL)","78","411","0.19"
"2022-07-15T00:00:00.000","Crisis Shelters","50","258","0.19"
"2022-07-15T00:00:00.000","Crisis Shelters (HYA)","1","35","0.03"
"2022-07-15T00:00:00.000","Transitional Independent Living (HYA)","0","10","0"
"2022-07-15T00:00:00.000","Transitional Independent Living (TIL)","75","411","0.18"
"2022-07-16T00:00:00.000","Crisis Shelters","53","258","0.21"
"2022-07-16T00:00:00.000","Crisis Shelters (HYA)","1","35","0.03"
"2022-07-16T00:00:00.000","Transitional Independent Living (HYA)","0","10","0"
"2022-07-16T00:00:00.000","Transitional Independent Living (TIL)","74","411","0.18"
"2022-07-17T00:00:00.000","Crisis Shelters","52","258","0.2"
"2022-07-17T00:00:00.000","Crisis Shelters (HYA)","1","35","0.03"
"2022-07-17T00:00:00.000","Transitional Independent Living (HYA)","0","10","0"
"2022-07-17T00:00:00.000","Transitional Independent Living (TIL)","75","411","0.18"
"2022-07-18T00:00:00.000","Crisis Shelters","56","258","0.22"
"2022-07-18T00:00:00.000","Crisis Shelters (HYA)","1","35","0.03"
"2022-07-18T00:00:00.000","Transitional Independent Living (HYA)","0","10","0"
"2022-07-18T00:00:00.000","Transitional Independent Living (TIL)","75","411","0.18"
"2022-07-19T00:00:00.000","Crisis Shelters","60","258","0.23"
"2022-07-19T00:00:00.000","Crisis Shelters (HYA)","2","35","0.06"
"2022-07-19T00:00:00.000","Transitional Independent Living (HYA)","0","10","0"
"2022-07-19T00:00:00.000","Transitional Independent Living (TIL)","73","411","0.18"
"2022-07-20T00:00:00.000","Crisis Shelters","56","258","0.22"
"2022-07-20T00:00:00.000","Crisis Shelters (HYA)","2","35","0.06"
"2022-07-20T00:00:00.000","Transitional Independent Living (HYA)","0","10","0"
"2022-07-20T00:00:00.000","Transitional Independent Living (TIL)","69","411","0.17"
"2022-07-21T00:00:00.000","Crisis Shelters","57","258","0.22"
"2022-07-21T00:00:00.000","Crisis Shelters (HYA)","2","35","0.06"
"2022-07-21T00:00:00.000","Transitional Independent Living (HYA)","0","10","0"
"2022-07-21T00:00:00.000","Transitional Independent Living (TIL)","68","411","0.17"
"2022-07-22T00:00:00.000","Crisis Shelters","61","258","0.24"
"2022-07-22T00:00:00.000","Crisis Shelters (HYA)","2","35","0.06"
"2022-07-22T00:00:00.000","Transitional Independent Living (HYA)","0","10","0"
"2022-07-22T00:00:00.000","Transitional Independent Living (TIL)","65","411","0.16"
"2022-07-23T00:00:00.000","Crisis Shelters","59","258","0.23"
"2022-07-23T00:00:00.000","Crisis Shelters (HYA)","2","35","0.06"
"2022-07-23T00:00:00.000","Transitional Independent Living (HYA)","0","10","0"
"2022-07-23T00:00:00.000","Transitional Independent Living (TIL)","65","411","0.16"
"2022-07-24T00:00:00.000","Crisis Shelters","59","258","0.23"
"2022-07-24T00:00:00.000","Crisis Shelters (HYA)","2","35","0.06"
"2022-07-24T00:00:00.000","Transitional Independent Living (HYA)","0","10","0"
"2022-07-24T00:00:00.000","Transitional Independent Living (TIL)","66","411","0.16"
"2022-07-25T00:00:00.000","Crisis Shelters","60","258","0.23"
"2022-07-25T00:00:00.000","Crisis Shelters (HYA)","5","35","0.14"
"2022-07-25T00:00:00.000","Transitional Independent Living (HYA)","0","10","0"
"2022-07-25T00:00:00.000","Transitional Independent Living (TIL)","66","411","0.16"
"2022-07-26T00:00:00.000","Crisis Shelters","62","258","0.24"
"2022-07-26T00:00:00.000","Crisis Shelters (HYA)","5","35","0.14"
"2022-07-26T00:00:00.000","Transitional Independent Living (HYA)","0","10","0"
"2022-07-26T00:00:00.000","Transitional Independent Living (TIL)","68","411","0.17"
"2022-07-27T00:00:00.000","Crisis Shelters","62","258","0.24"
"2022-07-27T00:00:00.000","Crisis Shelters (HYA)","5","35","0.14"
"2022-07-27T00:00:00.000","Transitional Independent Living (HYA)","0","10","0"
"2022-07-27T00:00:00.000","Transitional Independent Living (TIL)","65","411","0.16"
"2022-07-28T00:00:00.000","Crisis Shelters","60","258","0.23"
"2022-07-28T00:00:00.000","Crisis Shelters (HYA)","4","35","0.11"
"2022-07-28T00:00:00.000","Transitional Independent Living (HYA)","0","10","0"
"2022-07-28T00:00:00.000","Transitional Independent Living (TIL)","60","411","0.15"
"2022-07-29T00:00:00.000","Crisis Shelters","65","258","0.25"
"2022-07-29T00:00:00.000","Crisis Shelters (HYA)","4","35","0.11"
"2022-07-29T00:00:00.000","Transitional Independent Living (HYA)","0","10","0"
"2022-07-29T00:00:00.000","Transitional Independent Living (TIL)","60","411","0.15"
"2022-07-30T00:00:00.000","Crisis Shelters","60","258","0.23"
"2022-07-30T00:00:00.000","Crisis Shelters (HYA)","4","35","0.11"
"2022-07-30T00:00:00.000","Transitional Independent Living (HYA)","0","10","0"
"2022-07-30T00:00:00.000","Transitional Independent Living (TIL)","60","411","0.15"
"2022-07-31T00:00:00.000","Crisis Shelters","57","258","0.22"
"2022-07-31T00:00:00.000","Crisis Shelters (HYA)","4","35","0.11"
"2022-07-31T00:00:00.000","Transitional Independent Living (HYA)","0","10","0"
"2022-07-31T00:00:00.000","Transitional Independent Living (TIL)","60","411","0.15"
"2022-08-01T00:00:00.000","Crisis Shelters","58","258","0.22"
"2022-08-01T00:00:00.000","Crisis Shelters (HYA)","4","35","0.11"
"2022-08-01T00:00:00.000","Transitional Independent Living (HYA)","0","10","0"
"2022-08-01T00:00:00.000","Transitional Independent Living (TIL)","58","411","0.14"
"2022-08-02T00:00:00.000","Crisis Shelters","62","258","0.24"
"2022-08-02T00:00:00.000","Crisis Shelters (HYA)","6","35","0.17"
"2022-08-02T00:00:00.000","Transitional Independent Living (HYA)","0","10","0"
"2022-08-02T00:00:00.000","Transitional Independent Living (TIL)","61","411","0.15"
"2022-08-03T00:00:00.000","Crisis Shelters","63","258","0.24"
"2022-08-03T00:00:00.000","Crisis Shelters (HYA)","4","35","0.11"
"2022-08-03T00:00:00.000","Transitional Independent Living (HYA)","0","10","0"
"2022-08-03T00:00:00.000","Transitional Independent Living (TIL)","60","411","0.15"
"2022-08-04T00:00:00.000","Crisis Shelters","59","258","0.23"
"2022-08-04T00:00:00.000","Crisis Shelters (HYA)","3","35","0.09"
"2022-08-04T00:00:00.000","Transitional Independent Living (HYA)","0","10","0"
"2022-08-04T00:00:00.000","Transitional Independent Living (TIL)","62","411","0.15"
"2022-08-05T00:00:00.000","Crisis Shelters","57","258","0.22"
"2022-08-05T00:00:00.000","Crisis Shelters (HYA)","3","35","0.09"
"2022-08-05T00:00:00.000","Transitional Independent Living (HYA)","0","10","0"
"2022-08-05T00:00:00.000","Transitional Independent Living (TIL)","60","411","0.15"
"2022-08-06T00:00:00.000","Crisis Shelters","60","258","0.23"
"2022-08-06T00:00:00.000","Crisis Shelters (HYA)","3","35","0.09"
"2022-08-06T00:00:00.000","Transitional Independent Living (HYA)","0","10","0"
"2022-08-06T00:00:00.000","Transitional Independent Living (TIL)","61","411","0.15"
"2022-08-07T00:00:00.000","Crisis Shelters","58","258","0.22"
"2022-08-07T00:00:00.000","Crisis Shelters (HYA)","2","35","0.06"
"2022-08-07T00:00:00.000","Transitional Independent Living (HYA)","0","10","0"
"2022-08-07T00:00:00.000","Transitional Independent Living (TIL)","62","411","0.15"
"2022-08-08T00:00:00.000","Crisis Shelters","62","258","0.24"
"2022-08-08T00:00:00.000","Crisis Shelters (HYA)","2","35","0.06"
"2022-08-08T00:00:00.000","Transitional Independent Living (HYA)","0","10","0"
"2022-08-08T00:00:00.000","Transitional Independent Living (TIL)","63","411","0.15"
"2022-08-09T00:00:00.000","Crisis Shelters","64","258","0.25"
"2022-08-09T00:00:00.000","Crisis Shelters (HYA)","3","35","0.09"
"2022-08-09T00:00:00.000","Transitional Independent Living (HYA)","0","10","0"
"2022-08-09T00:00:00.000","Transitional Independent Living (TIL)","62","411","0.15"
"2022-08-10T00:00:00.000","Crisis Shelters","62","258","0.24"
"2022-08-10T00:00:00.000","Crisis Shelters (HYA)","3","35","0.09"
"2022-08-10T00:00:00.000","Transitional Independent Living (HYA)","0","10","0"
"2022-08-10T00:00:00.000","Transitional Independent Living (TIL)","60","411","0.15"
"2022-08-11T00:00:00.000","Crisis Shelters","55","258","0.21"
"2022-08-11T00:00:00.000","Crisis Shelters (HYA)","3","35","0.09"
"2022-08-11T00:00:00.000","Transitional Independent Living (HYA)","0","10","0"
"2022-08-11T00:00:00.000","Transitional Independent Living (TIL)","62","411","0.15"
"2022-08-12T00:00:00.000","Crisis Shelters","53","258","0.21"
"2022-08-12T00:00:00.000","Crisis Shelters (HYA)","4","35","0.11"
"2022-08-12T00:00:00.000","Transitional Independent Living (HYA)","0","10","0"
"2022-08-12T00:00:00.000","Transitional Independent Living (TIL)","62","411","0.15"
"2022-08-13T00:00:00.000","Crisis Shelters","56","258","0.22"
"2022-08-13T00:00:00.000","Crisis Shelters (HYA)","4","35","0.11"
"2022-08-13T00:00:00.000","Transitional Independent Living (HYA)","0","10","0"
"2022-08-13T00:00:00.000","Transitional Independent Living (TIL)","61","411","0.15"
"2022-08-14T00:00:00.000","Crisis Shelters","58","258","0.22"
"2022-08-14T00:00:00.000","Crisis Shelters (HYA)","4","35","0.11"
"2022-08-14T00:00:00.000","Transitional Independent Living (HYA)","0","10","0"
"2022-08-14T00:00:00.000","Transitional Independent Living (TIL)","62","411","0.15"
"2022-08-15T00:00:00.000","Crisis Shelters","53","258","0.21"
"2022-08-15T00:00:00.000","Crisis Shelters (HYA)","3","35","0.09"
"2022-08-15T00:00:00.000","Transitional Independent Living (HYA)","0","10","0"
"2022-08-15T00:00:00.000","Transitional Independent Living (TIL)","64","411","0.16"
"2022-08-16T00:00:00.000","Crisis Shelters","48","258","0.19"
"2022-08-16T00:00:00.000","Crisis Shelters (HYA)","3","35","0.09"
"2022-08-16T00:00:00.000","Transitional Independent Living (HYA)","0","10","0"
"2022-08-16T00:00:00.000","Transitional Independent Living (TIL)","66","411","0.16"
"2022-08-17T00:00:00.000","Crisis Shelters","48","258","0.19"
"2022-08-17T00:00:00.000","Crisis Shelters (HYA)","2","35","0.06"
"2022-08-17T00:00:00.000","Transitional Independent Living (HYA)","0","10","0"
"2022-08-17T00:00:00.000","Transitional Independent Living (TIL)","65","411","0.16"
"2022-08-18T00:00:00.000","Crisis Shelters","48","258","0.19"
"2022-08-18T00:00:00.000","Crisis Shelters (HYA)","2","35","0.06"
"2022-08-18T00:00:00.000","Transitional Independent Living (HYA)","0","10","0"
"2022-08-18T00:00:00.000","Transitional Independent Living (TIL)","64","411","0.16"
"2022-08-19T00:00:00.000","Crisis Shelters","48","258","0.19"
"2022-08-19T00:00:00.000","Crisis Shelters (HYA)","2","35","0.06"
"2022-08-19T00:00:00.000","Transitional Independent Living (HYA)","0","10","0"
"2022-08-19T00:00:00.000","Transitional Independent Living (TIL)","61","411","0.15"
"2022-08-20T00:00:00.000","Crisis Shelters","51","258","0.2"
"2022-08-20T00:00:00.000","Crisis Shelters (HYA)","2","35","0.06"
"2022-08-20T00:00:00.000","Transitional Independent Living (HYA)","1","10","0.1"
"2022-08-20T00:00:00.000","Transitional Independent Living (TIL)","61","411","0.15"
"2022-08-21T00:00:00.000","Crisis Shelters","50","258","0.19"
"2022-08-21T00:00:00.000","Crisis Shelters (HYA)","2","35","0.06"
"2022-08-21T00:00:00.000","Transitional Independent Living (HYA)","1","10","0.1"
"2022-08-21T00:00:00.000","Transitional Independent Living (TIL)","61","411","0.15"
"2022-08-22T00:00:00.000","Crisis Shelters","52","258","0.2"
"2022-08-22T00:00:00.000","Crisis Shelters (HYA)","2","35","0.06"
"2022-08-22T00:00:00.000","Transitional Independent Living (HYA)","1","10","0.1"
"2022-08-22T00:00:00.000","Transitional Independent Living (TIL)","64","411","0.16"
"2022-08-23T00:00:00.000","Crisis Shelters","49","258","0.19"
"2022-08-23T00:00:00.000","Crisis Shelters (HYA)","2","35","0.06"
"2022-08-23T00:00:00.000","Transitional Independent Living (HYA)","1","10","0.1"
"2022-08-23T00:00:00.000","Transitional Independent Living (TIL)","64","411","0.16"
"2022-08-24T00:00:00.000","Crisis Shelters","46","258","0.18"
"2022-08-24T00:00:00.000","Crisis Shelters (HYA)","2","35","0.06"
"2022-08-24T00:00:00.000","Transitional Independent Living (HYA)","1","10","0.1"
"2022-08-24T00:00:00.000","Transitional Independent Living (TIL)","64","411","0.16"
"2022-08-25T00:00:00.000","Crisis Shelters","48","258","0.19"
"2022-08-25T00:00:00.000","Crisis Shelters (HYA)","2","35","0.06"
"2022-08-25T00:00:00.000","Transitional Independent Living (HYA)","1","10","0.1"
"2022-08-25T00:00:00.000","Transitional Independent Living (TIL)","62","411","0.15"
"2022-08-26T00:00:00.000","Crisis Shelters","49","258","0.19"
"2022-08-26T00:00:00.000","Crisis Shelters (HYA)","2","35","0.06"
"2022-08-26T00:00:00.000","Transitional Independent Living (HYA)","1","10","0.1"
"2022-08-26T00:00:00.000","Transitional Independent Living (TIL)","62","411","0.15"
"2022-08-27T00:00:00.000","Crisis Shelters","50","258","0.19"
"2022-08-27T00:00:00.000","Crisis Shelters (HYA)","1","35","0.03"
"2022-08-27T00:00:00.000","Transitional Independent Living (HYA)","1","10","0.1"
"2022-08-27T00:00:00.000","Transitional Independent Living (TIL)","62","411","0.15"
"2022-08-28T00:00:00.000","Crisis Shelters","50","258","0.19"
"2022-08-28T00:00:00.000","Crisis Shelters (HYA)","1","35","0.03"
"2022-08-28T00:00:00.000","Transitional Independent Living (HYA)","1","10","0.1"
"2022-08-28T00:00:00.000","Transitional Independent Living (TIL)","65","411","0.16"
"2022-08-29T00:00:00.000","Crisis Shelters","50","258","0.19"
"2022-08-29T00:00:00.000","Crisis Shelters (HYA)","1","35","0.03"
"2022-08-29T00:00:00.000","Transitional Independent Living (HYA)","1","10","0.1"
"2022-08-29T00:00:00.000","Transitional Independent Living (TIL)","65","411","0.16"
"2022-08-30T00:00:00.000","Crisis Shelters","52","258","0.2"
"2022-08-30T00:00:00.000","Crisis Shelters (HYA)","2","35","0.06"
"2022-08-30T00:00:00.000","Transitional Independent Living (HYA)","1","10","0.1"
"2022-08-30T00:00:00.000","Transitional Independent Living (TIL)","64","411","0.16"
"2022-08-31T00:00:00.000","Crisis Shelters","50","258","0.19"
"2022-08-31T00:00:00.000","Crisis Shelters (HYA)","0","35","0"
"2022-08-31T00:00:00.000","Transitional Independent Living (HYA)","1","10","0.1"
"2022-08-31T00:00:00.000","Transitional Independent Living (TIL)","63","411","0.15"
"2022-09-01T00:00:00.000","Crisis Shelters","44","258","0.17"
"2022-09-01T00:00:00.000","Crisis Shelters (HYA)","0","35","0"
"2022-09-01T00:00:00.000","Transitional Independent Living (HYA)","1","10","0.1"
"2022-09-01T00:00:00.000","Transitional Independent Living (TIL)","60","411","0.15"
"2022-09-02T00:00:00.000","Crisis Shelters","44","258","0.17"
"2022-09-02T00:00:00.000","Crisis Shelters (HYA)","0","35","0"
"2022-09-02T00:00:00.000","Transitional Independent Living (HYA)","0","10","0"
"2022-09-02T00:00:00.000","Transitional Independent Living (TIL)","63","411","0.15"
"2022-09-03T00:00:00.000","Crisis Shelters","47","258","0.18"
"2022-09-03T00:00:00.000","Crisis Shelters (HYA)","0","35","0"
"2022-09-03T00:00:00.000","Transitional Independent Living (HYA)","0","10","0"
"2022-09-03T00:00:00.000","Transitional Independent Living (TIL)","62","411","0.15"
"2022-09-04T00:00:00.000","Crisis Shelters","47","258","0.18"
"2022-09-04T00:00:00.000","Crisis Shelters (HYA)","0","35","0"
"2022-09-04T00:00:00.000","Transitional Independent Living (HYA)","0","10","0"
"2022-09-04T00:00:00.000","Transitional Independent Living (TIL)","62","411","0.15"
"2022-09-05T00:00:00.000","Crisis Shelters","44","258","0.17"
"2022-09-05T00:00:00.000","Crisis Shelters (HYA)","1","35","0.03"
"2022-09-05T00:00:00.000","Transitional Independent Living (HYA)","0","10","0"
"2022-09-05T00:00:00.000","Transitional Independent Living (TIL)","62","411","0.15"
"2022-09-06T00:00:00.000","Crisis Shelters","45","258","0.17"
"2022-09-06T00:00:00.000","Crisis Shelters (HYA)","1","35","0.03"
"2022-09-06T00:00:00.000","Transitional Independent Living (HYA)","0","10","0"
"2022-09-06T00:00:00.000","Transitional Independent Living (TIL)","60","411","0.15"
"2022-09-07T00:00:00.000","Crisis Shelters","42","258","0.16"
"2022-09-07T00:00:00.000","Crisis Shelters (HYA)","2","35","0.06"
"2022-09-07T00:00:00.000","Transitional Independent Living (HYA)","0","10","0"
"2022-09-07T00:00:00.000","Transitional Independent Living (TIL)","58","411","0.14"
"2022-09-08T00:00:00.000","Crisis Shelters","39","258","0.15"
"2022-09-08T00:00:00.000","Crisis Shelters (HYA)","0","35","0"
"2022-09-08T00:00:00.000","Transitional Independent Living (HYA)","0","10","0"
"2022-09-08T00:00:00.000","Transitional Independent Living (TIL)","58","411","0.14"
"2022-09-09T00:00:00.000","Crisis Shelters","46","258","0.18"
"2022-09-09T00:00:00.000","Crisis Shelters (HYA)","0","35","0"
"2022-09-09T00:00:00.000","Transitional Independent Living (HYA)","0","10","0"
"2022-09-09T00:00:00.000","Transitional Independent Living (TIL)","58","411","0.14"
"2022-09-10T00:00:00.000","Crisis Shelters","47","258","0.18"
"2022-09-10T00:00:00.000","Crisis Shelters (HYA)","0","35","0"
"2022-09-10T00:00:00.000","Transitional Independent Living (HYA)","0","10","0"
"2022-09-10T00:00:00.000","Transitional Independent Living (TIL)","58","411","0.14"
"2022-09-11T00:00:00.000","Crisis Shelters","49","258","0.19"
"2022-09-11T00:00:00.000","Crisis Shelters (HYA)","1","35","0.03"
"2022-09-11T00:00:00.000","Transitional Independent Living (HYA)","0","10","0"
"2022-09-11T00:00:00.000","Transitional Independent Living (TIL)","59","411","0.14"
"2022-09-12T00:00:00.000","Crisis Shelters","52","258","0.2"
"2022-09-12T00:00:00.000","Crisis Shelters (HYA)","2","35","0.06"
"2022-09-12T00:00:00.000","Transitional Independent Living (HYA)","0","10","0"
"2022-09-12T00:00:00.000","Transitional Independent Living (TIL)","58","411","0.14"
"2022-09-13T00:00:00.000","Crisis Shelters","49","258","0.19"
"2022-09-13T00:00:00.000","Crisis Shelters (HYA)","2","35","0.06"
"2022-09-13T00:00:00.000","Transitional Independent Living (HYA)","0","10","0"
"2022-09-13T00:00:00.000","Transitional Independent Living (TIL)","61","411","0.15"
"2022-09-14T00:00:00.000","Crisis Shelters","40","258","0.16"
"2022-09-14T00:00:00.000","Crisis Shelters (HYA)","1","35","0.03"
"2022-09-14T00:00:00.000","Transitional Independent Living (HYA)","0","10","0"
"2022-09-14T00:00:00.000","Transitional Independent Living (TIL)","63","411","0.15"
"2022-09-15T00:00:00.000","Crisis Shelters","41","258","0.16"
"2022-09-15T00:00:00.000","Crisis Shelters (HYA)","1","35","0.03"
"2022-09-15T00:00:00.000","Transitional Independent Living (HYA)","0","10","0"
"2022-09-15T00:00:00.000","Transitional Independent Living (TIL)","61","411","0.15"
"2022-09-16T00:00:00.000","Crisis Shelters","42","258","0.16"
"2022-09-16T00:00:00.000","Crisis Shelters (HYA)","1","35","0.03"
"2022-09-16T00:00:00.000","Transitional Independent Living (HYA)","0","10","0"
"2022-09-16T00:00:00.000","Transitional Independent Living (TIL)","60","411","0.15"
"2022-09-17T00:00:00.000","Crisis Shelters","43","258","0.17"
"2022-09-17T00:00:00.000","Crisis Shelters (HYA)","1","35","0.03"
"2022-09-17T00:00:00.000","Transitional Independent Living (HYA)","0","10","0"
"2022-09-17T00:00:00.000","Transitional Independent Living (TIL)","62","411","0.15"
"2022-09-18T00:00:00.000","Crisis Shelters","44","258","0.17"
"2022-09-18T00:00:00.000","Crisis Shelters (HYA)","2","35","0.06"
"2022-09-18T00:00:00.000","Transitional Independent Living (HYA)","0","10","0"
"2022-09-18T00:00:00.000","Transitional Independent Living (TIL)","62","411","0.15"
"2022-09-19T00:00:00.000","Crisis Shelters","44","258","0.17"
"2022-09-19T00:00:00.000","Crisis Shelters (HYA)","3","35","0.09"
"2022-09-19T00:00:00.000","Transitional Independent Living (HYA)","0","10","0"
"2022-09-19T00:00:00.000","Transitional Independent Living (TIL)","64","411","0.16"
"2022-09-20T00:00:00.000","Crisis Shelters","40","258","0.16"
"2022-09-20T00:00:00.000","Crisis Shelters (HYA)","3","35","0.09"
"2022-09-20T00:00:00.000","Transitional Independent Living (HYA)","0","10","0"
"2022-09-20T00:00:00.000","Transitional Independent Living (TIL)","65","411","0.16"
"2022-09-21T00:00:00.000","Crisis Shelters","39","258","0.15"
"2022-09-21T00:00:00.000","Crisis Shelters (HYA)","3","35","0.09"
"2022-09-21T00:00:00.000","Transitional Independent Living (HYA)","0","10","0"
"2022-09-21T00:00:00.000","Transitional Independent Living (TIL)","65","411","0.16"
"2022-09-22T00:00:00.000","Crisis Shelters","39","258","0.15"
"2022-09-22T00:00:00.000","Crisis Shelters (HYA)","2","35","0.06"
"2022-09-22T00:00:00.000","Transitional Independent Living (HYA)","0","10","0"
"2022-09-22T00:00:00.000","Transitional Independent Living (TIL)","65","411","0.16"
"2022-09-23T00:00:00.000","Crisis Shelters","41","258","0.16"
"2022-09-23T00:00:00.000","Crisis Shelters (HYA)","0","35","0"
"2022-09-23T00:00:00.000","Transitional Independent Living (HYA)","0","10","0"
"2022-09-23T00:00:00.000","Transitional Independent Living (TIL)","65","411","0.16"
"2022-09-24T00:00:00.000","Crisis Shelters","46","258","0.18"
"2022-09-24T00:00:00.000","Crisis Shelters (HYA)","1","35","0.03"
"2022-09-24T00:00:00.000","Transitional Independent Living (HYA)","0","10","0"
"2022-09-24T00:00:00.000","Transitional Independent Living (TIL)","64","411","0.16"
"2022-09-25T00:00:00.000","Crisis Shelters","48","258","0.19"
"2022-09-25T00:00:00.000","Crisis Shelters (HYA)","1","35","0.03"
"2022-09-25T00:00:00.000","Transitional Independent Living (HYA)","0","10","0"
"2022-09-25T00:00:00.000","Transitional Independent Living (TIL)","63","411","0.15"
"2022-09-26T00:00:00.000","Crisis Shelters","52","258","0.2"
"2022-09-26T00:00:00.000","Crisis Shelters (HYA)","0","35","0"
"2022-09-26T00:00:00.000","Transitional Independent Living (HYA)","0","10","0"
"2022-09-26T00:00:00.000","Transitional Independent Living (TIL)","65","411","0.16"
"2022-09-27T00:00:00.000","Crisis Shelters","52","258","0.2"
"2022-09-27T00:00:00.000","Crisis Shelters (HYA)","0","35","0"
"2022-09-27T00:00:00.000","Transitional Independent Living (HYA)","0","10","0"
"2022-09-27T00:00:00.000","Transitional Independent Living (TIL)","66","411","0.16"
"2022-09-28T00:00:00.000","Crisis Shelters","50","258","0.19"
"2022-09-28T00:00:00.000","Crisis Shelters (HYA)","0","35","0"
"2022-09-28T00:00:00.000","Transitional Independent Living (HYA)","0","10","0"
"2022-09-28T00:00:00.000","Transitional Independent Living (TIL)","69","411","0.17"
"2022-09-29T00:00:00.000","Crisis Shelters","46","258","0.18"
"2022-09-29T00:00:00.000","Crisis Shelters (HYA)","0","35","0"
"2022-09-29T00:00:00.000","Transitional Independent Living (HYA)","0","10","0"
"2022-09-29T00:00:00.000","Transitional Independent Living (TIL)","69","411","0.17"
"2022-09-30T00:00:00.000","Crisis Shelters","43","258","0.17"
"2022-09-30T00:00:00.000","Crisis Shelters (HYA)","0","35","0"
"2022-09-30T00:00:00.000","Transitional Independent Living (HYA)","0","10","0"
"2022-09-30T00:00:00.000","Transitional Independent Living (TIL)","71","411","0.17"
"2022-10-01T00:00:00.000","Crisis Shelters","46","258","0.18"
"2022-10-01T00:00:00.000","Crisis Shelters (HYA)","0","35","0"
"2022-10-01T00:00:00.000","Transitional Independent Living (HYA)","0","10","0"
"2022-10-01T00:00:00.000","Transitional Independent Living (TIL)","67","411","0.16"
"2022-10-02T00:00:00.000","Crisis Shelters","49","258","0.19"
"2022-10-02T00:00:00.000","Crisis Shelters (HYA)","1","35","0.03"
"2022-10-02T00:00:00.000","Transitional Independent Living (HYA)","0","10","0"
"2022-10-02T00:00:00.000","Transitional Independent Living (TIL)","65","411","0.16"
"2022-10-03T00:00:00.000","Crisis Shelters","46","258","0.18"
"2022-10-03T00:00:00.000","Crisis Shelters (HYA)","1","35","0.03"
"2022-10-03T00:00:00.000","Transitional Independent Living (HYA)","0","10","0"
"2022-10-03T00:00:00.000","Transitional Independent Living (TIL)","67","411","0.16"
"2022-10-04T00:00:00.000","Crisis Shelters","47","258","0.18"
"2022-10-04T00:00:00.000","Crisis Shelters (HYA)","1","35","0.03"
"2022-10-04T00:00:00.000","Transitional Independent Living (HYA)","0","10","0"
"2022-10-04T00:00:00.000","Transitional Independent Living (TIL)","61","411","0.15"
"2022-10-05T00:00:00.000","Crisis Shelters","44","258","0.17"
"2022-10-05T00:00:00.000","Crisis Shelters (HYA)","0","35","0"
"2022-10-05T00:00:00.000","Transitional Independent Living (HYA)","1","10","0.1"
"2022-10-05T00:00:00.000","Transitional Independent Living (TIL)","60","411","0.15"
"2022-10-06T00:00:00.000","Crisis Shelters","40","258","0.16"
"2022-10-06T00:00:00.000","Crisis Shelters (HYA)","0","35","0"
"2022-10-06T00:00:00.000","Transitional Independent Living (HYA)","1","10","0.1"
"2022-10-06T00:00:00.000","Transitional Independent Living (TIL)","63","411","0.15"
"2022-10-07T00:00:00.000","Crisis Shelters","42","258","0.16"
"2022-10-07T00:00:00.000","Crisis Shelters (HYA)","0","35","0"
"2022-10-07T00:00:00.000","Transitional Independent Living (HYA)","1","10","0.1"
"2022-10-07T00:00:00.000","Transitional Independent Living (TIL)","60","411","0.15"
"2022-10-08T00:00:00.000","Crisis Shelters","41","258","0.16"
"2022-10-08T00:00:00.000","Crisis Shelters (HYA)","0","35","0"
"2022-10-08T00:00:00.000","Transitional Independent Living (HYA)","0","10","0"
"2022-10-08T00:00:00.000","Transitional Independent Living (TIL)","62","411","0.15"
"2022-10-09T00:00:00.000","Crisis Shelters","43","258","0.17"
"2022-10-09T00:00:00.000","Crisis Shelters (HYA)","0","35","0"
"2022-10-09T00:00:00.000","Transitional Independent Living (HYA)","0","10","0"
"2022-10-09T00:00:00.000","Transitional Independent Living (TIL)","63","411","0.15"
"2022-10-10T00:00:00.000","Crisis Shelters","45","258","0.17"
"2022-10-10T00:00:00.000","Crisis Shelters (HYA)","0","35","0"
"2022-10-10T00:00:00.000","Transitional Independent Living (HYA)","0","10","0"
"2022-10-10T00:00:00.000","Transitional Independent Living (TIL)","65","411","0.16"
"2022-10-11T00:00:00.000","Crisis Shelters","43","258","0.17"
"2022-10-11T00:00:00.000","Crisis Shelters (HYA)","0","35","0"
"2022-10-11T00:00:00.000","Transitional Independent Living (HYA)","0","10","0"
"2022-10-11T00:00:00.000","Transitional Independent Living (TIL)","61","411","0.15"
"2022-10-12T00:00:00.000","Crisis Shelters","40","258","0.16"
"2022-10-12T00:00:00.000","Crisis Shelters (HYA)","0","35","0"
"2022-10-12T00:00:00.000","Transitional Independent Living (HYA)","0","10","0"
"2022-10-12T00:00:00.000","Transitional Independent Living (TIL)","60","411","0.15"
"2022-10-13T00:00:00.000","Crisis Shelters","44","258","0.17"
"2022-10-13T00:00:00.000","Crisis Shelters (HYA)","1","35","0.03"
"2022-10-13T00:00:00.000","Transitional Independent Living (HYA)","0","10","0"
"2022-10-13T00:00:00.000","Transitional Independent Living (TIL)","58","411","0.14"
"2022-10-14T00:00:00.000","Crisis Shelters","42","258","0.16"
"2022-10-14T00:00:00.000","Crisis Shelters (HYA)","2","35","0.06"
"2022-10-14T00:00:00.000","Transitional Independent Living (HYA)","0","10","0"
"2022-10-14T00:00:00.000","Transitional Independent Living (TIL)","61","411","0.15"
"2022-10-15T00:00:00.000","Crisis Shelters","45","258","0.17"
"2022-10-15T00:00:00.000","Crisis Shelters (HYA)","2","35","0.06"
"2022-10-15T00:00:00.000","Transitional Independent Living (HYA)","0","10","0"
"2022-10-15T00:00:00.000","Transitional Independent Living (TIL)","61","411","0.15"
"2022-10-16T00:00:00.000","Crisis Shelters","45","258","0.17"
"2022-10-16T00:00:00.000","Crisis Shelters (HYA)","2","35","0.06"
"2022-10-16T00:00:00.000","Transitional Independent Living (HYA)","0","10","0"
"2022-10-16T00:00:00.000","Transitional Independent Living (TIL)","62","411","0.15"
"2022-10-17T00:00:00.000","Crisis Shelters","47","258","0.18"
"2022-10-17T00:00:00.000","Crisis Shelters (HYA)","2","35","0.06"
"2022-10-17T00:00:00.000","Transitional Independent Living (HYA)","0","10","0"
"2022-10-17T00:00:00.000","Transitional Independent Living (TIL)","62","411","0.15"
"2022-10-18T00:00:00.000","Crisis Shelters","48","258","0.19"
"2022-10-18T00:00:00.000","Crisis Shelters (HYA)","2","35","0.06"
"2022-10-18T00:00:00.000","Transitional Independent Living (HYA)","0","10","0"
"2022-10-18T00:00:00.000","Transitional Independent Living (TIL)","63","411","0.15"
"2022-10-19T00:00:00.000","Crisis Shelters","49","258","0.19"
"2022-10-19T00:00:00.000","Crisis Shelters (HYA)","2","35","0.06"
"2022-10-19T00:00:00.000","Transitional Independent Living (HYA)","0","10","0"
"2022-10-19T00:00:00.000","Transitional Independent Living (TIL)","61","411","0.15"
"2022-10-20T00:00:00.000","Crisis Shelters","47","258","0.18"
"2022-10-20T00:00:00.000","Crisis Shelters (HYA)","3","35","0.09"
"2022-10-20T00:00:00.000","Transitional Independent Living (HYA)","0","10","0"
"2022-10-20T00:00:00.000","Transitional Independent Living (TIL)","62","411","0.15"
"2022-10-21T00:00:00.000","Crisis Shelters","46","258","0.18"
"2022-10-21T00:00:00.000","Crisis Shelters (HYA)","4","35","0.11"
"2022-10-21T00:00:00.000","Transitional Independent Living (HYA)","0","10","0"
"2022-10-21T00:00:00.000","Transitional Independent Living (TIL)","63","411","0.15"
"2022-10-22T00:00:00.000","Crisis Shelters","44","258","0.17"
"2022-10-22T00:00:00.000","Crisis Shelters (HYA)","3","35","0.09"
"2022-10-22T00:00:00.000","Transitional Independent Living (HYA)","0","10","0"
"2022-10-22T00:00:00.000","Transitional Independent Living (TIL)","60","411","0.15"
"2022-10-23T00:00:00.000","Crisis Shelters","44","258","0.17"
"2022-10-23T00:00:00.000","Crisis Shelters (HYA)","2","35","0.06"
"2022-10-23T00:00:00.000","Transitional Independent Living (HYA)","0","10","0"
"2022-10-23T00:00:00.000","Transitional Independent Living (TIL)","59","411","0.14"
"2022-10-24T00:00:00.000","Crisis Shelters","43","258","0.17"
"2022-10-24T00:00:00.000","Crisis Shelters (HYA)","3","35","0.09"
"2022-10-24T00:00:00.000","Transitional Independent Living (HYA)","0","10","0"
"2022-10-24T00:00:00.000","Transitional Independent Living (TIL)","59","411","0.14"
"2022-10-25T00:00:00.000","Crisis Shelters","40","258","0.16"
"2022-10-25T00:00:00.000","Crisis Shelters (HYA)","3","35","0.09"
"2022-10-25T00:00:00.000","Transitional Independent Living (HYA)","0","10","0"
"2022-10-25T00:00:00.000","Transitional Independent Living (TIL)","60","411","0.15"
"2022-10-26T00:00:00.000","Crisis Shelters","39","258","0.15"
"2022-10-26T00:00:00.000","Crisis Shelters (HYA)","3","35","0.09"
"2022-10-26T00:00:00.000","Transitional Independent Living (HYA)","0","10","0"
"2022-10-26T00:00:00.000","Transitional Independent Living (TIL)","64","411","0.16"
"2022-10-27T00:00:00.000","Crisis Shelters","35","258","0.14"
"2022-10-27T00:00:00.000","Crisis Shelters (HYA)","3","35","0.09"
"2022-10-27T00:00:00.000","Transitional Independent Living (HYA)","0","10","0"
"2022-10-27T00:00:00.000","Transitional Independent Living (TIL)","64","411","0.16"
"2022-10-28T00:00:00.000","Crisis Shelters","38","258","0.15"
"2022-10-28T00:00:00.000","Crisis Shelters (HYA)","3","35","0.09"
"2022-10-28T00:00:00.000","Transitional Independent Living (HYA)","0","10","0"
"2022-10-28T00:00:00.000","Transitional Independent Living (TIL)","65","411","0.16"
"2022-10-29T00:00:00.000","Crisis Shelters","40","258","0.16"
"2022-10-29T00:00:00.000","Crisis Shelters (HYA)","4","35","0.11"
"2022-10-29T00:00:00.000","Transitional Independent Living (HYA)","0","10","0"
"2022-10-29T00:00:00.000","Transitional Independent Living (TIL)","64","411","0.16"
"2022-10-30T00:00:00.000","Crisis Shelters","40","258","0.16"
"2022-10-30T00:00:00.000","Crisis Shelters (HYA)","3","35","0.09"
"2022-10-30T00:00:00.000","Transitional Independent Living (HYA)","0","10","0"
"2022-10-30T00:00:00.000","Transitional Independent Living (TIL)","66","411","0.16"
"2022-10-31T00:00:00.000","Crisis Shelters","42","258","0.16"
"2022-10-31T00:00:00.000","Crisis Shelters (HYA)","2","35","0.06"
"2022-10-31T00:00:00.000","Transitional Independent Living (HYA)","0","10","0"
"2022-10-31T00:00:00.000","Transitional Independent Living (TIL)","67","411","0.16"
"2022-11-01T00:00:00.000","Crisis Shelters","43","258","0.17"
"2022-11-01T00:00:00.000","Crisis Shelters (HYA)","2","35","0.06"
"2022-11-01T00:00:00.000","Transitional Independent Living (HYA)","0","10","0"
"2022-11-01T00:00:00.000","Transitional Independent Living (TIL)","69","411","0.17"
"2022-11-02T00:00:00.000","Crisis Shelters","45","258","0.17"
"2022-11-02T00:00:00.000","Crisis Shelters (HYA)","1","35","0.03"
"2022-11-02T00:00:00.000","Transitional Independent Living (HYA)","0","10","0"
"2022-11-02T00:00:00.000","Transitional Independent Living (TIL)","68","411","0.17"
"2022-11-03T00:00:00.000","Crisis Shelters","41","258","0.16"
"2022-11-03T00:00:00.000","Crisis Shelters (HYA)","1","35","0.03"
"2022-11-03T00:00:00.000","Transitional Independent Living (HYA)","0","10","0"
"2022-11-03T00:00:00.000","Transitional Independent Living (TIL)","90","431","0.21"
"2022-11-04T00:00:00.000","Crisis Shelters","38","258","0.15"
"2022-11-04T00:00:00.000","Crisis Shelters (HYA)","1","35","0.03"
"2022-11-04T00:00:00.000","Transitional Independent Living (HYA)","0","10","0"
"2022-11-04T00:00:00.000","Transitional Independent Living (TIL)","90","431","0.21"
"2022-11-05T00:00:00.000","Crisis Shelters","39","258","0.15"
"2022-11-05T00:00:00.000","Crisis Shelters (HYA)","1","35","0.03"
"2022-11-05T00:00:00.000","Transitional Independent Living (HYA)","0","10","0"
"2022-11-05T00:00:00.000","Transitional Independent Living (TIL)","92","431","0.21"
"2022-11-06T00:00:00.000","Crisis Shelters","40","258","0.16"
"2022-11-06T00:00:00.000","Crisis Shelters (HYA)","1","35","0.03"
"2022-11-06T00:00:00.000","Transitional Independent Living (HYA)","0","10","0"
"2022-11-06T00:00:00.000","Transitional Independent Living (TIL)","96","431","0.22"
"2022-11-07T00:00:00.000","Crisis Shelters","32","258","0.12"
"2022-11-07T00:00:00.000","Crisis Shelters (HYA)","1","35","0.03"
"2022-11-07T00:00:00.000","Transitional Independent Living (HYA)","0","10","0"
"2022-11-07T00:00:00.000","Transitional Independent Living (TIL)","97","431","0.23"
"2022-11-08T00:00:00.000","Crisis Shelters","34","258","0.13"
"2022-11-08T00:00:00.000","Crisis Shelters (HYA)","2","35","0.06"
"2022-11-08T00:00:00.000","Transitional Independent Living (HYA)","0","10","0"
"2022-11-08T00:00:00.000","Transitional Independent Living (TIL)","98","431","0.23"
"2022-11-09T00:00:00.000","Crisis Shelters","27","258","0.1"
"2022-11-09T00:00:00.000","Crisis Shelters (HYA)","2","35","0.06"
"2022-11-09T00:00:00.000","Transitional Independent Living (HYA)","0","10","0"
"2022-11-09T00:00:00.000","Transitional Independent Living (TIL)","100","431","0.23"
"2022-11-10T00:00:00.000","Crisis Shelters","31","258","0.12"
"2022-11-10T00:00:00.000","Crisis Shelters (HYA)","4","35","0.11"
"2022-11-10T00:00:00.000","Transitional Independent Living (HYA)","0","10","0"
"2022-11-10T00:00:00.000","Transitional Independent Living (TIL)","101","431","0.23"
"2022-11-11T00:00:00.000","Crisis Shelters","31","258","0.12"
"2022-11-11T00:00:00.000","Crisis Shelters (HYA)","2","35","0.06"
"2022-11-11T00:00:00.000","Transitional Independent Living (HYA)","0","10","0"
"2022-11-11T00:00:00.000","Transitional Independent Living (TIL)","102","431","0.24"
"2022-11-12T00:00:00.000","Crisis Shelters","36","258","0.14"
"2022-11-12T00:00:00.000","Crisis Shelters (HYA)","2","35","0.06"
"2022-11-12T00:00:00.000","Transitional Independent Living (HYA)","0","10","0"
"2022-11-12T00:00:00.000","Transitional Independent Living (TIL)","101","431","0.23"
"2022-11-13T00:00:00.000","Crisis Shelters","38","258","0.15"
"2022-11-13T00:00:00.000","Crisis Shelters (HYA)","3","35","0.09"
"2022-11-13T00:00:00.000","Transitional Independent Living (HYA)","0","10","0"
"2022-11-13T00:00:00.000","Transitional Independent Living (TIL)","100","431","0.23"
"2022-11-14T00:00:00.000","Crisis Shelters","39","258","0.15"
"2022-11-14T00:00:00.000","Crisis Shelters (HYA)","3","35","0.09"
"2022-11-14T00:00:00.000","Transitional Independent Living (HYA)","2","10","0.2"
"2022-11-14T00:00:00.000","Transitional Independent Living (TIL)","97","431","0.23"
"2022-11-15T00:00:00.000","Crisis Shelters","36","258","0.14"
"2022-11-15T00:00:00.000","Crisis Shelters (HYA)","3","35","0.09"
"2022-11-15T00:00:00.000","Transitional Independent Living (HYA)","1","10","0.1"
"2022-11-15T00:00:00.000","Transitional Independent Living (TIL)","93","431","0.22"
"2022-11-16T00:00:00.000","Crisis Shelters","35","258","0.14"
"2022-11-16T00:00:00.000","Crisis Shelters (HYA)","2","35","0.06"
"2022-11-16T00:00:00.000","Transitional Independent Living (HYA)","0","10","0"
"2022-11-16T00:00:00.000","Transitional Independent Living (TIL)","90","431","0.21"
"2022-11-17T00:00:00.000","Crisis Shelters","35","258","0.14"
"2022-11-17T00:00:00.000","Crisis Shelters (HYA)","3","35","0.09"
"2022-11-17T00:00:00.000","Transitional Independent Living (HYA)","0","10","0"
"2022-11-17T00:00:00.000","Transitional Independent Living (TIL)","85","431","0.2"
"2022-11-18T00:00:00.000","Crisis Shelters","39","258","0.15"
"2022-11-18T00:00:00.000","Crisis Shelters (HYA)","3","35","0.09"
"2022-11-18T00:00:00.000","Transitional Independent Living (HYA)","1","10","0.1"
"2022-11-18T00:00:00.000","Transitional Independent Living (TIL)","80","431","0.19"
"2022-11-19T00:00:00.000","Crisis Shelters","41","258","0.16"
"2022-11-19T00:00:00.000","Crisis Shelters (HYA)","3","35","0.09"
"2022-11-19T00:00:00.000","Transitional Independent Living (HYA)","1","10","0.1"
"2022-11-19T00:00:00.000","Transitional Independent Living (TIL)","82","431","0.19"
"2022-11-20T00:00:00.000","Crisis Shelters","39","258","0.15"
"2022-11-20T00:00:00.000","Crisis Shelters (HYA)","8","35","0.23"
"2022-11-20T00:00:00.000","Transitional Independent Living (HYA)","1","10","0.1"
"2022-11-20T00:00:00.000","Transitional Independent Living (TIL)","80","431","0.19"
"2022-11-21T00:00:00.000","Crisis Shelters","36","258","0.14"
"2022-11-21T00:00:00.000","Crisis Shelters (HYA)","5","35","0.14"
"2022-11-21T00:00:00.000","Transitional Independent Living (HYA)","0","10","0"
"2022-11-21T00:00:00.000","Transitional Independent Living (TIL)","82","431","0.19"
"2022-11-22T00:00:00.000","Crisis Shelters","33","258","0.13"
"2022-11-22T00:00:00.000","Crisis Shelters (HYA)","3","35","0.09"
"2022-11-22T00:00:00.000","Transitional Independent Living (HYA)","0","10","0"
"2022-11-22T00:00:00.000","Transitional Independent Living (TIL)","85","431","0.2"
"2022-11-23T00:00:00.000","Crisis Shelters","35","258","0.14"
"2022-11-23T00:00:00.000","Crisis Shelters (HYA)","3","35","0.09"
"2022-11-23T00:00:00.000","Transitional Independent Living (HYA)","0","10","0"
"2022-11-23T00:00:00.000","Transitional Independent Living (TIL)","79","431","0.18"
"2022-11-24T00:00:00.000","Crisis Shelters","39","258","0.15"
"2022-11-24T00:00:00.000","Crisis Shelters (HYA)","4","35","0.11"
"2022-11-24T00:00:00.000","Transitional Independent Living (HYA)","0","10","0"
"2022-11-24T00:00:00.000","Transitional Independent Living (TIL)","82","431","0.19"
"2022-11-25T00:00:00.000","Crisis Shelters","37","258","0.14"
"2022-11-25T00:00:00.000","Crisis Shelters (HYA)","5","35","0.14"
"2022-11-25T00:00:00.000","Transitional Independent Living (HYA)","0","10","0"
"2022-11-25T00:00:00.000","Transitional Independent Living (TIL)","84","431","0.19"
"2022-11-26T00:00:00.000","Crisis Shelters","38","258","0.15"
"2022-11-26T00:00:00.000","Crisis Shelters (HYA)","6","35","0.17"
"2022-11-26T00:00:00.000","Transitional Independent Living (HYA)","0","10","0"
"2022-11-26T00:00:00.000","Transitional Independent Living (TIL)","84","431","0.19"
"2022-11-27T00:00:00.000","Crisis Shelters","36","258","0.14"
"2022-11-27T00:00:00.000","Crisis Shelters (HYA)","6","35","0.17"
"2022-11-27T00:00:00.000","Transitional Independent Living (HYA)","0","10","0"
"2022-11-27T00:00:00.000","Transitional Independent Living (TIL)","85","431","0.2"
"2022-11-28T00:00:00.000","Crisis Shelters","30","258","0.12"
"2022-11-28T00:00:00.000","Crisis Shelters (HYA)","4","35","0.11"
"2022-11-28T00:00:00.000","Transitional Independent Living (HYA)","0","10","0"
"2022-11-28T00:00:00.000","Transitional Independent Living (TIL)","85","431","0.2"
"2022-11-29T00:00:00.000","Crisis Shelters","33","258","0.13"
"2022-11-29T00:00:00.000","Crisis Shelters (HYA)","2","35","0.06"
"2022-11-29T00:00:00.000","Transitional Independent Living (HYA)","0","10","0"
"2022-11-29T00:00:00.000","Transitional Independent Living (TIL)","83","431","0.19"
"2022-11-30T00:00:00.000","Crisis Shelters","33","258","0.13"
"2022-11-30T00:00:00.000","Crisis Shelters (HYA)","3","35","0.09"
"2022-11-30T00:00:00.000","Transitional Independent Living (HYA)","0","10","0"
"2022-11-30T00:00:00.000","Transitional Independent Living (TIL)","83","431","0.19"
"2022-12-01T00:00:00.000","Crisis Shelters","32","258","0.12"
"2022-12-01T00:00:00.000","Crisis Shelters (HYA)","4","35","0.11"
"2022-12-01T00:00:00.000","Transitional Independent Living (HYA)","0","10","0"
"2022-12-01T00:00:00.000","Transitional Independent Living (TIL)","85","431","0.2"
"2022-12-02T00:00:00.000","Crisis Shelters","38","258","0.15"
"2022-12-02T00:00:00.000","Crisis Shelters (HYA)","4","35","0.11"
"2022-12-02T00:00:00.000","Transitional Independent Living (HYA)","0","10","0"
"2022-12-02T00:00:00.000","Transitional Independent Living (TIL)","83","431","0.19"
"2022-12-03T00:00:00.000","Crisis Shelters","34","258","0.13"
"2022-12-03T00:00:00.000","Crisis Shelters (HYA)","4","35","0.11"
"2022-12-03T00:00:00.000","Transitional Independent Living (HYA)","0","10","0"
"2022-12-03T00:00:00.000","Transitional Independent Living (TIL)","83","431","0.19"
"2022-12-04T00:00:00.000","Crisis Shelters","34","258","0.13"
"2022-12-04T00:00:00.000","Crisis Shelters (HYA)","4","35","0.11"
"2022-12-04T00:00:00.000","Transitional Independent Living (HYA)","0","10","0"
"2022-12-04T00:00:00.000","Transitional Independent Living (TIL)","84","431","0.19"
"2022-12-05T00:00:00.000","Crisis Shelters","38","258","0.15"
"2022-12-05T00:00:00.000","Crisis Shelters (HYA)","3","35","0.09"
"2022-12-05T00:00:00.000","Transitional Independent Living (HYA)","0","10","0"
"2022-12-05T00:00:00.000","Transitional Independent Living (TIL)","80","431","0.19"
"2022-12-06T00:00:00.000","Crisis Shelters","39","258","0.15"
"2022-12-06T00:00:00.000","Crisis Shelters (HYA)","3","35","0.09"
"2022-12-06T00:00:00.000","Transitional Independent Living (HYA)","0","10","0"
"2022-12-06T00:00:00.000","Transitional Independent Living (TIL)","78","431","0.18"
"2022-12-07T00:00:00.000","Crisis Shelters","36","258","0.14"
"2022-12-07T00:00:00.000","Crisis Shelters (HYA)","3","35","0.09"
"2022-12-07T00:00:00.000","Transitional Independent Living (HYA)","0","10","0"
"2022-12-07T00:00:00.000","Transitional Independent Living (TIL)","79","431","0.18"
"2022-12-08T00:00:00.000","Crisis Shelters","39","258","0.15"
"2022-12-08T00:00:00.000","Crisis Shelters (HYA)","4","35","0.11"
"2022-12-08T00:00:00.000","Transitional Independent Living (HYA)","0","10","0"
"2022-12-08T00:00:00.000","Transitional Independent Living (TIL)","96","451","0.21"
"2022-12-09T00:00:00.000","Crisis Shelters","45","258","0.17"
"2022-12-09T00:00:00.000","Crisis Shelters (HYA)","3","35","0.09"
"2022-12-09T00:00:00.000","Transitional Independent Living (HYA)","0","10","0"
"2022-12-09T00:00:00.000","Transitional Independent Living (TIL)","96","451","0.21"
"2022-12-10T00:00:00.000","Crisis Shelters","45","258","0.17"
"2022-12-10T00:00:00.000","Crisis Shelters (HYA)","3","35","0.09"
"2022-12-10T00:00:00.000","Transitional Independent Living (HYA)","0","10","0"
"2022-12-10T00:00:00.000","Transitional Independent Living (TIL)","94","451","0.21"
"2022-12-11T00:00:00.000","Crisis Shelters","47","258","0.18"
"2022-12-11T00:00:00.000","Crisis Shelters (HYA)","5","35","0.14"
"2022-12-11T00:00:00.000","Transitional Independent Living (HYA)","0","10","0"
"2022-12-11T00:00:00.000","Transitional Independent Living (TIL)","93","451","0.21"
"2022-12-12T00:00:00.000","Crisis Shelters","54","258","0.21"
"2022-12-12T00:00:00.000","Crisis Shelters (HYA)","3","35","0.09"
"2022-12-12T00:00:00.000","Transitional Independent Living (HYA)","0","10","0"
"2022-12-12T00:00:00.000","Transitional Independent Living (TIL)","90","451","0.2"
"2022-12-13T00:00:00.000","Crisis Shelters","54","258","0.21"
"2022-12-13T00:00:00.000","Crisis Shelters (HYA)","3","35","0.09"
"2022-12-13T00:00:00.000","Transitional Independent Living (HYA)","0","10","0"
"2022-12-13T00:00:00.000","Transitional Independent Living (TIL)","89","451","0.2"
"2022-12-14T00:00:00.000","Crisis Shelters","54","258","0.21"
"2022-12-14T00:00:00.000","Crisis Shelters (HYA)","3","35","0.09"
"2022-12-14T00:00:00.000","Transitional Independent Living (HYA)","0","10","0"
"2022-12-14T00:00:00.000","Transitional Independent Living (TIL)","92","451","0.2"
"2022-12-15T00:00:00.000","Crisis Shelters","57","258","0.22"
"2022-12-15T00:00:00.000","Crisis Shelters (HYA)","3","35","0.09"
"2022-12-15T00:00:00.000","Transitional Independent Living (HYA)","0","10","0"
"2022-12-15T00:00:00.000","Transitional Independent Living (TIL)","89","451","0.2"
"2022-12-16T00:00:00.000","Crisis Shelters","62","258","0.24"
"2022-12-16T00:00:00.000","Crisis Shelters (HYA)","3","35","0.09"
"2022-12-16T00:00:00.000","Transitional Independent Living (HYA)","0","10","0"
"2022-12-16T00:00:00.000","Transitional Independent Living (TIL)","91","451","0.2"
"2022-12-17T00:00:00.000","Crisis Shelters","61","258","0.24"
"2022-12-17T00:00:00.000","Crisis Shelters (HYA)","3","35","0.09"
"2022-12-17T00:00:00.000","Transitional Independent Living (HYA)","0","10","0"
"2022-12-17T00:00:00.000","Transitional Independent Living (TIL)","87","451","0.19"
"2022-12-18T00:00:00.000","Crisis Shelters","64","258","0.25"
"2022-12-18T00:00:00.000","Crisis Shelters (HYA)","3","35","0.09"
"2022-12-18T00:00:00.000","Transitional Independent Living (HYA)","0","10","0"
"2022-12-18T00:00:00.000","Transitional Independent Living (TIL)","87","451","0.19"
"2022-12-19T00:00:00.000","Crisis Shelters","64","258","0.25"
"2022-12-19T00:00:00.000","Crisis Shelters (HYA)","4","35","0.11"
"2022-12-19T00:00:00.000","Transitional Independent Living (HYA)","0","10","0"
"2022-12-19T00:00:00.000","Transitional Independent Living (TIL)","86","451","0.19"
"2022-12-20T00:00:00.000","Crisis Shelters","61","258","0.24"
"2022-12-20T00:00:00.000","Crisis Shelters (HYA)","4","35","0.11"
"2022-12-20T00:00:00.000","Transitional Independent Living (HYA)","0","10","0"
"2022-12-20T00:00:00.000","Transitional Independent Living (TIL)","84","451","0.19"
"2022-12-21T00:00:00.000","Crisis Shelters","59","258","0.23"
"2022-12-21T00:00:00.000","Crisis Shelters (HYA)","4","35","0.11"
"2022-12-21T00:00:00.000","Transitional Independent Living (HYA)","0","10","0"
"2022-12-21T00:00:00.000","Transitional Independent Living (TIL)","86","451","0.19"
"2022-12-22T00:00:00.000","Crisis Shelters","55","258","0.21"
"2022-12-22T00:00:00.000","Crisis Shelters (HYA)","4","35","0.11"
"2022-12-22T00:00:00.000","Transitional Independent Living (HYA)","0","10","0"
"2022-12-22T00:00:00.000","Transitional Independent Living (TIL)","87","451","0.19"
"2022-12-23T00:00:00.000","Crisis Shelters","52","258","0.2"
"2022-12-23T00:00:00.000","Crisis Shelters (HYA)","4","35","0.11"
"2022-12-23T00:00:00.000","Transitional Independent Living (HYA)","0","10","0"
"2022-12-23T00:00:00.000","Transitional Independent Living (TIL)","87","451","0.19"
"2022-12-24T00:00:00.000","Crisis Shelters","54","258","0.21"
"2022-12-24T00:00:00.000","Crisis Shelters (HYA)","4","35","0.11"
"2022-12-24T00:00:00.000","Transitional Independent Living (HYA)","0","10","0"
"2022-12-24T00:00:00.000","Transitional Independent Living (TIL)","88","451","0.2"
"2022-12-25T00:00:00.000","Crisis Shelters","54","258","0.21"
"2022-12-25T00:00:00.000","Crisis Shelters (HYA)","4","35","0.11"
"2022-12-25T00:00:00.000","Transitional Independent Living (HYA)","0","10","0"
"2022-12-25T00:00:00.000","Transitional Independent Living (TIL)","90","451","0.2"
"2022-12-26T00:00:00.000","Crisis Shelters","55","258","0.21"
"2022-12-26T00:00:00.000","Crisis Shelters (HYA)","3","35","0.09"
"2022-12-26T00:00:00.000","Transitional Independent Living (HYA)","0","10","0"
"2022-12-26T00:00:00.000","Transitional Independent Living (TIL)","87","451","0.19"
"2022-12-27T00:00:00.000","Crisis Shelters","55","258","0.21"
"2022-12-27T00:00:00.000","Crisis Shelters (HYA)","4","35","0.11"
"2022-12-27T00:00:00.000","Transitional Independent Living (HYA)","0","10","0"
"2022-12-27T00:00:00.000","Transitional Independent Living (TIL)","84","451","0.19"
"2022-12-28T00:00:00.000","Crisis Shelters","57","258","0.22"
"2022-12-28T00:00:00.000","Crisis Shelters (HYA)","1","35","0.03"
"2022-12-28T00:00:00.000","Transitional Independent Living (HYA)","0","10","0"
"2022-12-28T00:00:00.000","Transitional Independent Living (TIL)","85","451","0.19"
"2022-12-29T00:00:00.000","Crisis Shelters","59","258","0.23"
"2022-12-29T00:00:00.000","Crisis Shelters (HYA)","1","35","0.03"
"2022-12-29T00:00:00.000","Transitional Independent Living (HYA)","0","10","0"
"2022-12-29T00:00:00.000","Transitional Independent Living (TIL)","85","451","0.19"
"2022-12-30T00:00:00.000","Crisis Shelters","55","258","0.21"
"2022-12-30T00:00:00.000","Crisis Shelters (HYA)","2","35","0.06"
"2022-12-30T00:00:00.000","Transitional Independent Living (HYA)","0","10","0"
"2022-12-30T00:00:00.000","Transitional Independent Living (TIL)","86","451","0.19"
"2022-12-31T00:00:00.000","Crisis Shelters","56","258","0.22"
"2022-12-31T00:00:00.000","Crisis Shelters (HYA)","3","35","0.09"
"2022-12-31T00:00:00.000","Transitional Independent Living (HYA)","0","10","0"
"2022-12-31T00:00:00.000","Transitional Independent Living (TIL)","83","451","0.18"
"2023-01-01T00:00:00.000","Crisis Shelters","55","258","0.21"
"2023-01-01T00:00:00.000","Crisis Shelters (HYA)","3","35","0.09"
"2023-01-01T00:00:00.000","Transitional Independent Living (HYA)","0","10","0"
"2023-01-01T00:00:00.000","Transitional Independent Living (TIL)","82","451","0.18"
"2023-01-02T00:00:00.000","Crisis Shelters","65","258","0.25"
"2023-01-02T00:00:00.000","Crisis Shelters (HYA)","1","35","0.03"
"2023-01-02T00:00:00.000","Transitional Independent Living (HYA)","0","10","0"
"2023-01-02T00:00:00.000","Transitional Independent Living (TIL)","77","451","0.17"
"2023-01-03T00:00:00.000","Crisis Shelters","66","258","0.26"
"2023-01-03T00:00:00.000","Crisis Shelters (HYA)","0","35","0"
"2023-01-03T00:00:00.000","Transitional Independent Living (HYA)","0","10","0"
"2023-01-03T00:00:00.000","Transitional Independent Living (TIL)","79","451","0.18"
"2023-01-04T00:00:00.000","Crisis Shelters","56","258","0.22"
"2023-01-04T00:00:00.000","Crisis Shelters (HYA)","0","35","0"
"2023-01-04T00:00:00.000","Transitional Independent Living (HYA)","0","10","0"
"2023-01-04T00:00:00.000","Transitional Independent Living (TIL)","83","451","0.18"
"2023-01-05T00:00:00.000","Crisis Shelters","57","258","0.22"
"2023-01-05T00:00:00.000","Crisis Shelters (HYA)","2","35","0.06"
"2023-01-05T00:00:00.000","Transitional Independent Living (HYA)","0","10","0"
"2023-01-05T00:00:00.000","Transitional Independent Living (TIL)","81","451","0.18"
"2023-01-06T00:00:00.000","Crisis Shelters","53","258","0.21"
"2023-01-06T00:00:00.000","Crisis Shelters (HYA)","3","35","0.09"
"2023-01-06T00:00:00.000","Transitional Independent Living (HYA)","0","10","0"
"2023-01-06T00:00:00.000","Transitional Independent Living (TIL)","84","451","0.19"
"2023-01-07T00:00:00.000","Crisis Shelters","50","258","0.19"
"2023-01-07T00:00:00.000","Crisis Shelters (HYA)","3","35","0.09"
"2023-01-07T00:00:00.000","Transitional Independent Living (HYA)","0","10","0"
"2023-01-07T00:00:00.000","Transitional Independent Living (TIL)","85","451","0.19"
"2023-01-08T00:00:00.000","Crisis Shelters","52","258","0.2"
"2023-01-08T00:00:00.000","Crisis Shelters (HYA)","3","35","0.09"
"2023-01-08T00:00:00.000","Transitional Independent Living (HYA)","0","10","0"
"2023-01-08T00:00:00.000","Transitional Independent Living (TIL)","82","451","0.18"
"2023-01-09T00:00:00.000","Crisis Shelters","54","258","0.21"
"2023-01-09T00:00:00.000","Crisis Shelters (HYA)","3","35","0.09"
"2023-01-09T00:00:00.000","Transitional Independent Living (HYA)","1","10","0.1"
"2023-01-09T00:00:00.000","Transitional Independent Living (TIL)","82","451","0.18"
"2023-01-10T00:00:00.000","Crisis Shelters","55","258","0.21"
"2023-01-10T00:00:00.000","Crisis Shelters (HYA)","2","35","0.06"
"2023-01-10T00:00:00.000","Transitional Independent Living (HYA)","0","10","0"
"2023-01-10T00:00:00.000","Transitional Independent Living (TIL)","82","451","0.18"
"2023-01-11T00:00:00.000","Crisis Shelters","47","258","0.18"
"2023-01-11T00:00:00.000","Crisis Shelters (HYA)","3","35","0.09"
"2023-01-11T00:00:00.000","Transitional Independent Living (HYA)","0","10","0"
"2023-01-11T00:00:00.000","Transitional Independent Living (TIL)","82","451","0.18"
"2023-01-12T00:00:00.000","Crisis Shelters","47","258","0.18"
"2023-01-12T00:00:00.000","Crisis Shelters (HYA)","3","35","0.09"
"2023-01-12T00:00:00.000","Transitional Independent Living (HYA)","0","10","0"
"2023-01-12T00:00:00.000","Transitional Independent Living (TIL)","83","451","0.18"
"2023-01-13T00:00:00.000","Crisis Shelters","49","258","0.19"
"2023-01-13T00:00:00.000","Crisis Shelters (HYA)","2","35","0.06"
"2023-01-13T00:00:00.000","Transitional Independent Living (HYA)","0","10","0"
"2023-01-13T00:00:00.000","Transitional Independent Living (TIL)","84","451","0.19"
"2023-01-14T00:00:00.000","Crisis Shelters","49","258","0.19"
"2023-01-14T00:00:00.000","Crisis Shelters (HYA)","2","35","0.06"
"2023-01-14T00:00:00.000","Transitional Independent Living (HYA)","0","10","0"
"2023-01-14T00:00:00.000","Transitional Independent Living (TIL)","86","451","0.19"
"2023-01-15T00:00:00.000","Crisis Shelters","44","258","0.17"
"2023-01-15T00:00:00.000","Crisis Shelters (HYA)","2","35","0.06"
"2023-01-15T00:00:00.000","Transitional Independent Living (HYA)","0","10","0"
"2023-01-15T00:00:00.000","Transitional Independent Living (TIL)","88","451","0.2"
"2023-01-16T00:00:00.000","Crisis Shelters","44","258","0.17"
"2023-01-16T00:00:00.000","Crisis Shelters (HYA)","2","35","0.06"
"2023-01-16T00:00:00.000","Transitional Independent Living (HYA)","0","10","0"
"2023-01-16T00:00:00.000","Transitional Independent Living (TIL)","89","451","0.2"
"2023-01-17T00:00:00.000","Crisis Shelters","39","258","0.15"
"2023-01-17T00:00:00.000","Crisis Shelters (HYA)","1","35","0.03"
"2023-01-17T00:00:00.000","Transitional Independent Living (HYA)","0","10","0"
"2023-01-17T00:00:00.000","Transitional Independent Living (TIL)","91","451","0.2"
"2023-01-18T00:00:00.000","Crisis Shelters","41","258","0.16"
"2023-01-18T00:00:00.000","Crisis Shelters (HYA)","4","35","0.11"
"2023-01-18T00:00:00.000","Transitional Independent Living (HYA)","0","10","0"
"2023-01-18T00:00:00.000","Transitional Independent Living (TIL)","93","451","0.21"
"2023-01-19T00:00:00.000","Crisis Shelters","54","258","0.21"
"2023-01-19T00:00:00.000","Crisis Shelters (HYA)","2","35","0.06"
"2023-01-19T00:00:00.000","Transitional Independent Living (HYA)","0","10","0"
"2023-01-19T00:00:00.000","Transitional Independent Living (TIL)","89","451","0.2"
"2023-01-20T00:00:00.000","Crisis Shelters","50","258","0.19"
"2023-01-20T00:00:00.000","Crisis Shelters (HYA)","3","35","0.09"
"2023-01-20T00:00:00.000","Transitional Independent Living (HYA)","0","10","0"
"2023-01-20T00:00:00.000","Transitional Independent Living (TIL)","86","451","0.19"
"2023-01-21T00:00:00.000","Crisis Shelters","52","258","0.2"
"2023-01-21T00:00:00.000","Crisis Shelters (HYA)","4","35","0.11"
"2023-01-21T00:00:00.000","Transitional Independent Living (HYA)","0","10","0"
"2023-01-21T00:00:00.000","Transitional Independent Living (TIL)","84","451","0.19"
"2023-01-22T00:00:00.000","Crisis Shelters","51","258","0.2"
"2023-01-22T00:00:00.000","Crisis Shelters (HYA)","4","35","0.11"
"2023-01-22T00:00:00.000","Transitional Independent Living (HYA)","0","10","0"
"2023-01-22T00:00:00.000","Transitional Independent Living (TIL)","84","451","0.19"
"2023-01-23T00:00:00.000","Crisis Shelters","50","258","0.19"
"2023-01-23T00:00:00.000","Crisis Shelters (HYA)","5","35","0.14"
"2023-01-23T00:00:00.000","Transitional Independent Living (HYA)","0","10","0"
"2023-01-23T00:00:00.000","Transitional Independent Living (TIL)","84","451","0.19"
"2023-01-24T00:00:00.000","Crisis Shelters","41","258","0.16"
"2023-01-24T00:00:00.000","Crisis Shelters (HYA)","4","35","0.11"
"2023-01-24T00:00:00.000","Transitional Independent Living (HYA)","0","10","0"
"2023-01-24T00:00:00.000","Transitional Independent Living (TIL)","83","451","0.18"
"2023-01-25T00:00:00.000","Crisis Shelters","44","258","0.17"
"2023-01-25T00:00:00.000","Crisis Shelters (HYA)","5","35","0.14"
"2023-01-25T00:00:00.000","Transitional Independent Living (HYA)","0","10","0"
"2023-01-25T00:00:00.000","Transitional Independent Living (TIL)","83","451","0.18"
"2023-01-26T00:00:00.000","Crisis Shelters","46","258","0.18"
"2023-01-26T00:00:00.000","Crisis Shelters (HYA)","4","35","0.11"
"2023-01-26T00:00:00.000","Transitional Independent Living (HYA)","0","10","0"
"2023-01-26T00:00:00.000","Transitional Independent Living (TIL)","81","451","0.18"
"2023-01-27T00:00:00.000","Crisis Shelters","51","258","0.2"
"2023-01-27T00:00:00.000","Crisis Shelters (HYA)","4","35","0.11"
"2023-01-27T00:00:00.000","Transitional Independent Living (HYA)","0","10","0"
"2023-01-27T00:00:00.000","Transitional Independent Living (TIL)","82","451","0.18"
"2023-01-28T00:00:00.000","Crisis Shelters","50","258","0.19"
"2023-01-28T00:00:00.000","Crisis Shelters (HYA)","4","35","0.11"
"2023-01-28T00:00:00.000","Transitional Independent Living (HYA)","0","10","0"
"2023-01-28T00:00:00.000","Transitional Independent Living (TIL)","82","451","0.18"
"2023-01-29T00:00:00.000","Crisis Shelters","51","258","0.2"
"2023-01-29T00:00:00.000","Crisis Shelters (HYA)","4","35","0.11"
"2023-01-29T00:00:00.000","Transitional Independent Living (HYA)","1","10","0.1"
"2023-01-29T00:00:00.000","Transitional Independent Living (TIL)","83","451","0.18"
"2023-01-30T00:00:00.000","Crisis Shelters","54","258","0.21"
"2023-01-30T00:00:00.000","Crisis Shelters (HYA)","4","35","0.11"
"2023-01-30T00:00:00.000","Transitional Independent Living (HYA)","0","10","0"
"2023-01-30T00:00:00.000","Transitional Independent Living (TIL)","81","451","0.18"
"2023-01-31T00:00:00.000","Crisis Shelters","53","258","0.21"
"2023-01-31T00:00:00.000","Crisis Shelters (HYA)","4","35","0.11"
"2023-01-31T00:00:00.000","Transitional Independent Living (HYA)","0","10","0"
"2023-01-31T00:00:00.000","Transitional Independent Living (TIL)","81","451","0.18"
"2023-02-01T00:00:00.000","Crisis Shelters","50","258","0.19"
"2023-02-01T00:00:00.000","Crisis Shelters (HYA)","5","35","0.14"
"2023-02-01T00:00:00.000","Transitional Independent Living (HYA)","0","10","0"
"2023-02-01T00:00:00.000","Transitional Independent Living (TIL)","80","451","0.18"
"2023-02-02T00:00:00.000","Crisis Shelters","51","258","0.2"
"2023-02-02T00:00:00.000","Crisis Shelters (HYA)","5","35","0.14"
"2023-02-02T00:00:00.000","Transitional Independent Living (HYA)","0","10","0"
"2023-02-02T00:00:00.000","Transitional Independent Living (TIL)","76","451","0.17"
"2023-02-03T00:00:00.000","Crisis Shelters","52","258","0.2"
"2023-02-03T00:00:00.000","Crisis Shelters (HYA)","6","35","0.17"
"2023-02-03T00:00:00.000","Transitional Independent Living (HYA)","0","10","0"
"2023-02-03T00:00:00.000","Transitional Independent Living (TIL)","78","451","0.17"
"2023-02-04T00:00:00.000","Crisis Shelters","57","258","0.22"
"2023-02-04T00:00:00.000","Crisis Shelters (HYA)","5","35","0.14"
"2023-02-04T00:00:00.000","Transitional Independent Living (HYA)","0","10","0"
"2023-02-04T00:00:00.000","Transitional Independent Living (TIL)","80","451","0.18"
"2023-02-05T00:00:00.000","Crisis Shelters","59","258","0.23"
"2023-02-05T00:00:00.000","Crisis Shelters (HYA)","5","35","0.14"
"2023-02-05T00:00:00.000","Transitional Independent Living (HYA)","0","10","0"
"2023-02-05T00:00:00.000","Transitional Independent Living (TIL)","82","451","0.18"
"2023-02-06T00:00:00.000","Crisis Shelters","57","258","0.22"
"2023-02-06T00:00:00.000","Crisis Shelters (HYA)","0","35","0"
"2023-02-06T00:00:00.000","Transitional Independent Living (HYA)","0","10","0"
"2023-02-06T00:00:00.000","Transitional Independent Living (TIL)","82","451","0.18"
"2023-02-07T00:00:00.000","Crisis Shelters","51","258","0.2"
"2023-02-07T00:00:00.000","Crisis Shelters (HYA)","0","35","0"
"2023-02-07T00:00:00.000","Transitional Independent Living (HYA)","0","10","0"
"2023-02-07T00:00:00.000","Transitional Independent Living (TIL)","80","451","0.18"
"2023-02-08T00:00:00.000","Crisis Shelters","46","258","0.18"
"2023-02-08T00:00:00.000","Crisis Shelters (HYA)","1","35","0.03"
"2023-02-08T00:00:00.000","Transitional Independent Living (HYA)","0","10","0"
"2023-02-08T00:00:00.000","Transitional Independent Living (TIL)","81","451","0.18"
"2023-02-09T00:00:00.000","Crisis Shelters","43","258","0.17"
"2023-02-09T00:00:00.000","Crisis Shelters (HYA)","1","35","0.03"
"2023-02-09T00:00:00.000","Transitional Independent Living (HYA)","0","10","0"
"2023-02-09T00:00:00.000","Transitional Independent Living (TIL)","81","451","0.18"
"2023-02-10T00:00:00.000","Crisis Shelters","39","258","0.15"
"2023-02-10T00:00:00.000","Crisis Shelters (HYA)","1","35","0.03"
"2023-02-10T00:00:00.000","Transitional Independent Living (HYA)","0","10","0"
"2023-02-10T00:00:00.000","Transitional Independent Living (TIL)","83","451","0.18"
"2023-02-11T00:00:00.000","Crisis Shelters","41","258","0.16"
"2023-02-11T00:00:00.000","Crisis Shelters (HYA)","1","35","0.03"
"2023-02-11T00:00:00.000","Transitional Independent Living (HYA)","0","10","0"
"2023-02-11T00:00:00.000","Transitional Independent Living (TIL)","84","451","0.19"
"2023-02-12T00:00:00.000","Crisis Shelters","44","258","0.17"
"2023-02-12T00:00:00.000","Crisis Shelters (HYA)","1","35","0.03"
"2023-02-12T00:00:00.000","Transitional Independent Living (HYA)","0","10","0"
"2023-02-12T00:00:00.000","Transitional Independent Living (TIL)","84","451","0.19"
"2023-02-13T00:00:00.000","Crisis Shelters","45","258","0.17"
"2023-02-13T00:00:00.000","Crisis Shelters (HYA)","1","35","0.03"
"2023-02-13T00:00:00.000","Transitional Independent Living (HYA)","0","10","0"
"2023-02-13T00:00:00.000","Transitional Independent Living (TIL)","87","451","0.19"
"2023-02-14T00:00:00.000","Crisis Shelters","54","258","0.21"
"2023-02-14T00:00:00.000","Crisis Shelters (HYA)","1","35","0.03"
"2023-02-14T00:00:00.000","Transitional Independent Living (HYA)","0","10","0"
"2023-02-14T00:00:00.000","Transitional Independent Living (TIL)","85","451","0.19"
"2023-02-15T00:00:00.000","Crisis Shelters","55","258","0.21"
"2023-02-15T00:00:00.000","Crisis Shelters (HYA)","1","35","0.03"
"2023-02-15T00:00:00.000","Transitional Independent Living (HYA)","0","10","0"
"2023-02-15T00:00:00.000","Transitional Independent Living (TIL)","84","451","0.19"
"2023-02-16T00:00:00.000","Crisis Shelters","55","258","0.21"
"2023-02-16T00:00:00.000","Crisis Shelters (HYA)","0","35","0"
"2023-02-16T00:00:00.000","Transitional Independent Living (HYA)","0","10","0"
"2023-02-16T00:00:00.000","Transitional Independent Living (TIL)","81","451","0.18"
"2023-02-17T00:00:00.000","Crisis Shelters","51","258","0.2"
"2023-02-17T00:00:00.000","Crisis Shelters (HYA)","1","35","0.03"
"2023-02-17T00:00:00.000","Transitional Independent Living (HYA)","0","10","0"
"2023-02-17T00:00:00.000","Transitional Independent Living (TIL)","77","451","0.17"
"2023-02-18T00:00:00.000","Crisis Shelters","55","258","0.21"
"2023-02-18T00:00:00.000","Crisis Shelters (HYA)","1","35","0.03"
"2023-02-18T00:00:00.000","Transitional Independent Living (HYA)","0","10","0"
"2023-02-18T00:00:00.000","Transitional Independent Living (TIL)","80","451","0.18"
"2023-02-19T00:00:00.000","Crisis Shelters","53","258","0.21"
"2023-02-19T00:00:00.000","Crisis Shelters (HYA)","1","35","0.03"
"2023-02-19T00:00:00.000","Transitional Independent Living (HYA)","0","10","0"
"2023-02-19T00:00:00.000","Transitional Independent Living (TIL)","82","451","0.18"
"2023-02-20T00:00:00.000","Crisis Shelters","54","258","0.21"
"2023-02-20T00:00:00.000","Crisis Shelters (HYA)","1","35","0.03"
"2023-02-20T00:00:00.000","Transitional Independent Living (HYA)","0","10","0"
"2023-02-20T00:00:00.000","Transitional Independent Living (TIL)","79","451","0.18"
"2023-02-21T00:00:00.000","Crisis Shelters","55","258","0.21"
"2023-02-21T00:00:00.000","Crisis Shelters (HYA)","1","35","0.03"
"2023-02-21T00:00:00.000","Transitional Independent Living (HYA)","0","10","0"
"2023-02-21T00:00:00.000","Transitional Independent Living (TIL)","79","451","0.18"
"2023-02-22T00:00:00.000","Crisis Shelters","56","258","0.22"
"2023-02-22T00:00:00.000","Crisis Shelters (HYA)","1","35","0.03"
"2023-02-22T00:00:00.000","Transitional Independent Living (HYA)","0","10","0"
"2023-02-22T00:00:00.000","Transitional Independent Living (TIL)","77","451","0.17"
"2023-02-23T00:00:00.000","Crisis Shelters","57","258","0.22"
"2023-02-23T00:00:00.000","Crisis Shelters (HYA)","3","35","0.09"
"2023-02-23T00:00:00.000","Transitional Independent Living (HYA)","0","10","0"
"2023-02-23T00:00:00.000","Transitional Independent Living (TIL)","75","451","0.17"
"2023-02-24T00:00:00.000","Crisis Shelters","62","258","0.24"
"2023-02-24T00:00:00.000","Crisis Shelters (HYA)","3","35","0.09"
"2023-02-24T00:00:00.000","Transitional Independent Living (HYA)","0","10","0"
"2023-02-24T00:00:00.000","Transitional Independent Living (TIL)","93","471","0.2"
"2023-02-25T00:00:00.000","Crisis Shelters","61","258","0.24"
"2023-02-25T00:00:00.000","Crisis Shelters (HYA)","3","35","0.09"
"2023-02-25T00:00:00.000","Transitional Independent Living (HYA)","0","10","0"
"2023-02-25T00:00:00.000","Transitional Independent Living (TIL)","89","471","0.19"
"2023-02-26T00:00:00.000","Crisis Shelters","64","258","0.25"
"2023-02-26T00:00:00.000","Crisis Shelters (HYA)","3","35","0.09"
"2023-02-26T00:00:00.000","Transitional Independent Living (HYA)","0","10","0"
"2023-02-26T00:00:00.000","Transitional Independent Living (TIL)","88","471","0.19"
"2023-02-27T00:00:00.000","Crisis Shelters","61","258","0.24"
"2023-02-27T00:00:00.000","Crisis Shelters (HYA)","3","35","0.09"
"2023-02-27T00:00:00.000","Transitional Independent Living (HYA)","1","10","0.1"
"2023-02-27T00:00:00.000","Transitional Independent Living (TIL)","88","471","0.19"
"2023-02-28T00:00:00.000","Crisis Shelters","63","258","0.24"
"2023-02-28T00:00:00.000","Crisis Shelters (HYA)","2","35","0.06"
"2023-02-28T00:00:00.000","Transitional Independent Living (HYA)","0","10","0"
"2023-02-28T00:00:00.000","Transitional Independent Living (TIL)","87","471","0.18"
"2023-03-01T00:00:00.000","Crisis Shelters","71","258","0.28"
"2023-03-01T00:00:00.000","Crisis Shelters (HYA)","0","35","0"
"2023-03-01T00:00:00.000","Transitional Independent Living (HYA)","0","10","0"
"2023-03-01T00:00:00.000","Transitional Independent Living (TIL)","88","471","0.19"
"2023-03-02T00:00:00.000","Crisis Shelters","68","258","0.26"
"2023-03-02T00:00:00.000","Crisis Shelters (HYA)","0","35","0"
"2023-03-02T00:00:00.000","Transitional Independent Living (HYA)","0","10","0"
"2023-03-02T00:00:00.000","Transitional Independent Living (TIL)","85","471","0.18"
"2023-03-03T00:00:00.000","Crisis Shelters","67","258","0.26"
"2023-03-03T00:00:00.000","Crisis Shelters (HYA)","1","35","0.03"
"2023-03-03T00:00:00.000","Transitional Independent Living (HYA)","0","10","0"
"2023-03-03T00:00:00.000","Transitional Independent Living (TIL)","84","471","0.18"
"2023-03-04T00:00:00.000","Crisis Shelters","70","258","0.27"
"2023-03-04T00:00:00.000","Crisis Shelters (HYA)","1","35","0.03"
"2023-03-04T00:00:00.000","Transitional Independent Living (HYA)","0","10","0"
"2023-03-04T00:00:00.000","Transitional Independent Living (TIL)","79","471","0.17"
"2023-03-05T00:00:00.000","Crisis Shelters","73","258","0.28"
"2023-03-05T00:00:00.000","Crisis Shelters (HYA)","1","35","0.03"
"2023-03-05T00:00:00.000","Transitional Independent Living (HYA)","0","10","0"
"2023-03-05T00:00:00.000","Transitional Independent Living (TIL)","80","471","0.17"
"2023-03-06T00:00:00.000","Crisis Shelters","75","258","0.29"
"2023-03-06T00:00:00.000","Crisis Shelters (HYA)","2","35","0.06"
"2023-03-06T00:00:00.000","Transitional Independent Living (HYA)","1","10","0.1"
"2023-03-06T00:00:00.000","Transitional Independent Living (TIL)","80","471","0.17"
"2023-03-07T00:00:00.000","Crisis Shelters","69","258","0.27"
"2023-03-07T00:00:00.000","Crisis Shelters (HYA)","2","35","0.06"
"2023-03-07T00:00:00.000","Transitional Independent Living (HYA)","1","10","0.1"
"2023-03-07T00:00:00.000","Transitional Independent Living (TIL)","77","471","0.16"
"2023-03-08T00:00:00.000","Crisis Shelters","65","258","0.25"
"2023-03-08T00:00:00.000","Crisis Shelters (HYA)","2","35","0.06"
"2023-03-08T00:00:00.000","Transitional Independent Living (HYA)","1","10","0.1"
"2023-03-08T00:00:00.000","Transitional Independent Living (TIL)","78","471","0.17"
"2023-03-09T00:00:00.000","Crisis Shelters","63","258","0.24"
"2023-03-09T00:00:00.000","Crisis Shelters (HYA)","2","35","0.06"
"2023-03-09T00:00:00.000","Transitional Independent Living (HYA)","0","10","0"
"2023-03-09T00:00:00.000","Transitional Independent Living (TIL)","80","471","0.17"
"2023-03-10T00:00:00.000","Crisis Shelters","64","258","0.25"
"2023-03-10T00:00:00.000","Crisis Shelters (HYA)","3","35","0.09"
"2023-03-10T00:00:00.000","Transitional Independent Living (HYA)","0","10","0"
"2023-03-10T00:00:00.000","Transitional Independent Living (TIL)","76","471","0.16"
"2023-03-11T00:00:00.000","Crisis Shelters","62","258","0.24"
"2023-03-11T00:00:00.000","Crisis Shelters (HYA)","2","35","0.06"
"2023-03-11T00:00:00.000","Transitional Independent Living (HYA)","0","10","0"
"2023-03-11T00:00:00.000","Transitional Independent Living (TIL)","74","471","0.16"
"2023-03-12T00:00:00.000","Crisis Shelters","60","258","0.23"
"2023-03-12T00:00:00.000","Crisis Shelters (HYA)","2","35","0.06"
"2023-03-12T00:00:00.000","Transitional Independent Living (HYA)","0","10","0"
"2023-03-12T00:00:00.000","Transitional Independent Living (TIL)","77","471","0.16"
"2023-03-13T00:00:00.000","Crisis Shelters","58","258","0.22"
"2023-03-13T00:00:00.000","Crisis Shelters (HYA)","1","35","0.03"
"2023-03-13T00:00:00.000","Transitional Independent Living (HYA)","0","10","0"
"2023-03-13T00:00:00.000","Transitional Independent Living (TIL)","75","471","0.16"
"2023-03-14T00:00:00.000","Crisis Shelters","57","258","0.22"
"2023-03-14T00:00:00.000","Crisis Shelters (HYA)","0","35","0"
"2023-03-14T00:00:00.000","Transitional Independent Living (HYA)","0","10","0"
"2023-03-14T00:00:00.000","Transitional Independent Living (TIL)","73","471","0.15"
"2023-03-15T00:00:00.000","Crisis Shelters","62","258","0.24"
"2023-03-15T00:00:00.000","Crisis Shelters (HYA)","0","35","0"
"2023-03-15T00:00:00.000","Transitional Independent Living (HYA)","0","10","0"
"2023-03-15T00:00:00.000","Transitional Independent Living (TIL)","74","471","0.16"
"2023-03-16T00:00:00.000","Crisis Shelters","59","258","0.23"
"2023-03-16T00:00:00.000","Crisis Shelters (HYA)","0","35","0"
"2023-03-16T00:00:00.000","Transitional Independent Living (HYA)","0","10","0"
"2023-03-16T00:00:00.000","Transitional Independent Living (TIL)","68","471","0.14"
"2023-03-17T00:00:00.000","Crisis Shelters","61","258","0.24"
"2023-03-17T00:00:00.000","Crisis Shelters (HYA)","1","35","0.03"
"2023-03-17T00:00:00.000","Transitional Independent Living (HYA)","0","10","0"
"2023-03-17T00:00:00.000","Transitional Independent Living (TIL)","67","471","0.14"
"2023-03-18T00:00:00.000","Crisis Shelters","59","258","0.23"
"2023-03-18T00:00:00.000","Crisis Shelters (HYA)","0","35","0"
"2023-03-18T00:00:00.000","Transitional Independent Living (HYA)","0","10","0"
"2023-03-18T00:00:00.000","Transitional Independent Living (TIL)","65","471","0.14"
"2023-03-19T00:00:00.000","Crisis Shelters","62","258","0.24"
"2023-03-19T00:00:00.000","Crisis Shelters (HYA)","0","35","0"
"2023-03-19T00:00:00.000","Transitional Independent Living (HYA)","0","10","0"
"2023-03-19T00:00:00.000","Transitional Independent Living (TIL)","65","471","0.14"
"2023-03-20T00:00:00.000","Crisis Shelters","65","258","0.25"
"2023-03-20T00:00:00.000","Crisis Shelters (HYA)","1","35","0.03"
"2023-03-20T00:00:00.000","Transitional Independent Living (HYA)","0","10","0"
"2023-03-20T00:00:00.000","Transitional Independent Living (TIL)","63","471","0.13"
"2023-03-21T00:00:00.000","Crisis Shelters","71","258","0.28"
"2023-03-21T00:00:00.000","Crisis Shelters (HYA)","1","35","0.03"
"2023-03-21T00:00:00.000","Transitional Independent Living (HYA)","0","10","0"
"2023-03-21T00:00:00.000","Transitional Independent Living (TIL)","63","471","0.13"
"2023-03-22T00:00:00.000","Crisis Shelters","75","258","0.29"
"2023-03-22T00:00:00.000","Crisis Shelters (HYA)","1","35","0.03"
"2023-03-22T00:00:00.000","Transitional Independent Living (HYA)","0","10","0"
"2023-03-22T00:00:00.000","Transitional Independent Living (TIL)","64","471","0.14"
"2023-03-23T00:00:00.000","Crisis Shelters","81","258","0.31"
"2023-03-23T00:00:00.000","Crisis Shelters (HYA)","1","35","0.03"
"2023-03-23T00:00:00.000","Transitional Independent Living (HYA)","0","10","0"
"2023-03-23T00:00:00.000","Transitional Independent Living (TIL)","61","471","0.13"
"2023-03-24T00:00:00.000","Crisis Shelters","78","258","0.3"
"2023-03-24T00:00:00.000","Crisis Shelters (HYA)","2","35","0.06"
"2023-03-24T00:00:00.000","Transitional Independent Living (HYA)","0","10","0"
"2023-03-24T00:00:00.000","Transitional Independent Living (TIL)","62","471","0.13"
"2023-03-25T00:00:00.000","Crisis Shelters","75","258","0.29"
"2023-03-25T00:00:00.000","Crisis Shelters (HYA)","2","35","0.06"
"2023-03-25T00:00:00.000","Transitional Independent Living (HYA)","0","10","0"
"2023-03-25T00:00:00.000","Transitional Independent Living (TIL)","63","471","0.13"
"2023-03-26T00:00:00.000","Crisis Shelters","74","258","0.29"
"2023-03-26T00:00:00.000","Crisis Shelters (HYA)","2","35","0.06"
"2023-03-26T00:00:00.000","Transitional Independent Living (HYA)","0","10","0"
"2023-03-26T00:00:00.000","Transitional Independent Living (TIL)","65","471","0.14"
"2023-03-27T00:00:00.000","Crisis Shelters","77","258","0.3"
"2023-03-27T00:00:00.000","Crisis Shelters (HYA)","2","35","0.06"
"2023-03-27T00:00:00.000","Transitional Independent Living (HYA)","0","10","0"
"2023-03-27T00:00:00.000","Transitional Independent Living (TIL)","86","491","0.18"
"2023-03-28T00:00:00.000","Crisis Shelters","79","258","0.31"
"2023-03-28T00:00:00.000","Crisis Shelters (HYA)","2","35","0.06"
"2023-03-28T00:00:00.000","Transitional Independent Living (HYA)","1","10","0.1"
"2023-03-28T00:00:00.000","Transitional Independent Living (TIL)","87","491","0.18"
"2023-03-29T00:00:00.000","Crisis Shelters","79","258","0.31"
"2023-03-29T00:00:00.000","Crisis Shelters (HYA)","1","35","0.03"
"2023-03-29T00:00:00.000","Transitional Independent Living (HYA)","1","10","0.1"
"2023-03-29T00:00:00.000","Transitional Independent Living (TIL)","86","491","0.18"
"2023-03-30T00:00:00.000","Crisis Shelters","80","258","0.31"
"2023-03-30T00:00:00.000","Crisis Shelters (HYA)","2","35","0.06"
"2023-03-30T00:00:00.000","Transitional Independent Living (HYA)","1","10","0.1"
"2023-03-30T00:00:00.000","Transitional Independent Living (TIL)","86","491","0.18"
"2023-03-31T00:00:00.000","Crisis Shelters","78","258","0.3"
"2023-03-31T00:00:00.000","Crisis Shelters (HYA)","2","35","0.06"
"2023-03-31T00:00:00.000","Transitional Independent Living (HYA)","1","10","0.1"
"2023-03-31T00:00:00.000","Transitional Independent Living (TIL)","88","491","0.18"
"2023-04-01T00:00:00.000","Crisis Shelters","75","258","0.29"
"2023-04-01T00:00:00.000","Crisis Shelters (HYA)","2","35","0.06"
"2023-04-01T00:00:00.000","Transitional Independent Living (HYA)","1","10","0.1"
"2023-04-01T00:00:00.000","Transitional Independent Living (TIL)","87","491","0.18"
"2023-04-02T00:00:00.000","Crisis Shelters","77","258","0.3"
"2023-04-02T00:00:00.000","Crisis Shelters (HYA)","2","35","0.06"
"2023-04-02T00:00:00.000","Transitional Independent Living (HYA)","1","10","0.1"
"2023-04-02T00:00:00.000","Transitional Independent Living (TIL)","86","491","0.18"
"2023-04-03T00:00:00.000","Crisis Shelters","74","258","0.29"
"2023-04-03T00:00:00.000","Crisis Shelters (HYA)","2","35","0.06"
"2023-04-03T00:00:00.000","Transitional Independent Living (HYA)","1","10","0.1"
"2023-04-03T00:00:00.000","Transitional Independent Living (TIL)","88","491","0.18"
"2023-04-04T00:00:00.000","Crisis Shelters","70","258","0.27"
"2023-04-04T00:00:00.000","Crisis Shelters (HYA)","1","35","0.03"
"2023-04-04T00:00:00.000","Transitional Independent Living (HYA)","0","10","0"
"2023-04-04T00:00:00.000","Transitional Independent Living (TIL)","88","491","0.18"
"2023-04-05T00:00:00.000","Crisis Shelters","69","258","0.27"
"2023-04-05T00:00:00.000","Crisis Shelters (HYA)","0","35","0"
"2023-04-05T00:00:00.000","Transitional Independent Living (HYA)","0","10","0"
"2023-04-05T00:00:00.000","Transitional Independent Living (TIL)","88","491","0.18"
"2023-04-06T00:00:00.000","Crisis Shelters","67","258","0.26"
"2023-04-06T00:00:00.000","Crisis Shelters (HYA)","2","35","0.06"
"2023-04-06T00:00:00.000","Transitional Independent Living (HYA)","0","10","0"
"2023-04-06T00:00:00.000","Transitional Independent Living (TIL)","82","491","0.17"
"2023-04-07T00:00:00.000","Crisis Shelters","65","258","0.25"
"2023-04-07T00:00:00.000","Crisis Shelters (HYA)","2","35","0.06"
"2023-04-07T00:00:00.000","Transitional Independent Living (HYA)","0","10","0"
"2023-04-07T00:00:00.000","Transitional Independent Living (TIL)","82","491","0.17"
"2023-04-08T00:00:00.000","Crisis Shelters","62","258","0.24"
"2023-04-08T00:00:00.000","Crisis Shelters (HYA)","2","35","0.06"
"2023-04-08T00:00:00.000","Transitional Independent Living (HYA)","0","10","0"
"2023-04-08T00:00:00.000","Transitional Independent Living (TIL)","82","491","0.17"
"2023-04-09T00:00:00.000","Crisis Shelters","61","258","0.24"
"2023-04-09T00:00:00.000","Crisis Shelters (HYA)","2","35","0.06"
"2023-04-09T00:00:00.000","Transitional Independent Living (HYA)","0","10","0"
"2023-04-09T00:00:00.000","Transitional Independent Living (TIL)","83","491","0.17"
"2023-04-10T00:00:00.000","Crisis Shelters","59","258","0.23"
"2023-04-10T00:00:00.000","Crisis Shelters (HYA)","1","35","0.03"
"2023-04-10T00:00:00.000","Transitional Independent Living (HYA)","0","10","0"
"2023-04-10T00:00:00.000","Transitional Independent Living (TIL)","84","491","0.17"
"2023-04-11T00:00:00.000","Crisis Shelters","57","258","0.22"
"2023-04-11T00:00:00.000","Crisis Shelters (HYA)","1","35","0.03"
"2023-04-11T00:00:00.000","Transitional Independent Living (HYA)","0","10","0"
"2023-04-11T00:00:00.000","Transitional Independent Living (TIL)","83","491","0.17"
"2023-04-12T00:00:00.000","Crisis Shelters","57","258","0.22"
"2023-04-12T00:00:00.000","Crisis Shelters (HYA)","2","35","0.06"
"2023-04-12T00:00:00.000","Transitional Independent Living (HYA)","0","10","0"
"2023-04-12T00:00:00.000","Transitional Independent Living (TIL)","85","491","0.17"
"2023-04-13T00:00:00.000","Crisis Shelters","62","258","0.24"
"2023-04-13T00:00:00.000","Crisis Shelters (HYA)","4","35","0.11"
"2023-04-13T00:00:00.000","Transitional Independent Living (HYA)","0","10","0"
"2023-04-13T00:00:00.000","Transitional Independent Living (TIL)","81","491","0.16"
"2023-04-14T00:00:00.000","Crisis Shelters","59","258","0.23"
"2023-04-14T00:00:00.000","Crisis Shelters (HYA)","3","35","0.09"
"2023-04-14T00:00:00.000","Transitional Independent Living (HYA)","0","10","0"
"2023-04-14T00:00:00.000","Transitional Independent Living (TIL)","82","491","0.17"
"2023-04-15T00:00:00.000","Crisis Shelters","61","258","0.24"
"2023-04-15T00:00:00.000","Crisis Shelters (HYA)","3","35","0.09"
"2023-04-15T00:00:00.000","Transitional Independent Living (HYA)","0","10","0"
"2023-04-15T00:00:00.000","Transitional Independent Living (TIL)","81","491","0.16"
"2023-04-16T00:00:00.000","Crisis Shelters","68","258","0.26"
"2023-04-16T00:00:00.000","Crisis Shelters (HYA)","2","35","0.06"
"2023-04-16T00:00:00.000","Transitional Independent Living (HYA)","0","10","0"
"2023-04-16T00:00:00.000","Transitional Independent Living (TIL)","84","491","0.17"
"2023-04-17T00:00:00.000","Crisis Shelters","66","258","0.26"
"2023-04-17T00:00:00.000","Crisis Shelters (HYA)","2","35","0.06"
"2023-04-17T00:00:00.000","Transitional Independent Living (HYA)","0","10","0"
"2023-04-17T00:00:00.000","Transitional Independent Living (TIL)","88","491","0.18"
"2023-04-18T00:00:00.000","Crisis Shelters","62","258","0.24"
"2023-04-18T00:00:00.000","Crisis Shelters (HYA)","2","35","0.06"
"2023-04-18T00:00:00.000","Transitional Independent Living (HYA)","0","10","0"
"2023-04-18T00:00:00.000","Transitional Independent Living (TIL)","89","491","0.18"
"2023-04-19T00:00:00.000","Crisis Shelters","60","258","0.23"
"2023-04-19T00:00:00.000","Crisis Shelters (HYA)","1","35","0.03"
"2023-04-19T00:00:00.000","Transitional Independent Living (HYA)","0","10","0"
"2023-04-19T00:00:00.000","Transitional Independent Living (TIL)","84","491","0.17"
"2023-04-20T00:00:00.000","Crisis Shelters","57","258","0.22"
"2023-04-20T00:00:00.000","Crisis Shelters (HYA)","1","35","0.03"
"2023-04-20T00:00:00.000","Transitional Independent Living (HYA)","1","10","0.1"
"2023-04-20T00:00:00.000","Transitional Independent Living (TIL)","83","491","0.17"
"2023-04-21T00:00:00.000","Crisis Shelters","62","258","0.24"
"2023-04-21T00:00:00.000","Crisis Shelters (HYA)","3","35","0.09"
"2023-04-21T00:00:00.000","Transitional Independent Living (HYA)","1","10","0.1"
"2023-04-21T00:00:00.000","Transitional Independent Living (TIL)","83","491","0.17"
"2023-04-22T00:00:00.000","Crisis Shelters","56","258","0.22"
"2023-04-22T00:00:00.000","Crisis Shelters (HYA)","2","35","0.06"
"2023-04-22T00:00:00.000","Transitional Independent Living (HYA)","1","10","0.1"
"2023-04-22T00:00:00.000","Transitional Independent Living (TIL)","85","491","0.17"
"2023-04-23T00:00:00.000","Crisis Shelters","53","258","0.21"
"2023-04-23T00:00:00.000","Crisis Shelters (HYA)","2","35","0.06"
"2023-04-23T00:00:00.000","Transitional Independent Living (HYA)","1","10","0.1"
"2023-04-23T00:00:00.000","Transitional Independent Living (TIL)","88","491","0.18"
"2023-04-24T00:00:00.000","Crisis Shelters","51","258","0.2"
"2023-04-24T00:00:00.000","Crisis Shelters (HYA)","2","35","0.06"
"2023-04-24T00:00:00.000","Transitional Independent Living (HYA)","1","10","0.1"
"2023-04-24T00:00:00.000","Transitional Independent Living (TIL)","89","491","0.18"
"2023-04-25T00:00:00.000","Crisis Shelters","53","258","0.21"
"2023-04-25T00:00:00.000","Crisis Shelters (HYA)","1","35","0.03"
"2023-04-25T00:00:00.000","Transitional Independent Living (HYA)","0","10","0"
"2023-04-25T00:00:00.000","Transitional Independent Living (TIL)","86","491","0.18"
"2023-04-26T00:00:00.000","Crisis Shelters","60","258","0.23"
"2023-04-26T00:00:00.000","Crisis Shelters (HYA)","1","35","0.03"
"2023-04-26T00:00:00.000","Transitional Independent Living (HYA)","0","10","0"
"2023-04-26T00:00:00.000","Transitional Independent Living (TIL)","87","491","0.18"
"2023-04-27T00:00:00.000","Crisis Shelters","61","258","0.24"
"2023-04-27T00:00:00.000","Crisis Shelters (HYA)","2","35","0.06"
"2023-04-27T00:00:00.000","Transitional Independent Living (HYA)","0","10","0"
"2023-04-27T00:00:00.000","Transitional Independent Living (TIL)","85","491","0.17"
"2023-04-28T00:00:00.000","Crisis Shelters","60","258","0.23"
"2023-04-28T00:00:00.000","Crisis Shelters (HYA)","3","35","0.09"
"2023-04-28T00:00:00.000","Transitional Independent Living (HYA)","0","10","0"
"2023-04-28T00:00:00.000","Transitional Independent Living (TIL)","85","491","0.17"
"2023-04-29T00:00:00.000","Crisis Shelters","57","258","0.22"
"2023-04-29T00:00:00.000","Crisis Shelters (HYA)","3","35","0.09"
"2023-04-29T00:00:00.000","Transitional Independent Living (HYA)","0","10","0"
"2023-04-29T00:00:00.000","Transitional Independent Living (TIL)","91","491","0.19"
"2023-04-30T00:00:00.000","Crisis Shelters","56","258","0.22"
"2023-04-30T00:00:00.000","Crisis Shelters (HYA)","3","35","0.09"
"2023-04-30T00:00:00.000","Transitional Independent Living (HYA)","1","10","0.1"
"2023-04-30T00:00:00.000","Transitional Independent Living (TIL)","92","491","0.19"
"2023-05-01T00:00:00.000","Crisis Shelters","55","258","0.21"
"2023-05-01T00:00:00.000","Crisis Shelters (HYA)","3","35","0.09"
"2023-05-01T00:00:00.000","Transitional Independent Living (HYA)","16","25","0.64"
"2023-05-01T00:00:00.000","Transitional Independent Living (TIL)","107","506","0.21"
"2023-05-02T00:00:00.000","Crisis Shelters","51","258","0.2"
"2023-05-02T00:00:00.000","Crisis Shelters (HYA)","3","35","0.09"
"2023-05-02T00:00:00.000","Transitional Independent Living (HYA)","16","25","0.64"
"2023-05-02T00:00:00.000","Transitional Independent Living (TIL)","108","506","0.21"
"2023-05-03T00:00:00.000","Crisis Shelters","46","258","0.18"
"2023-05-03T00:00:00.000","Crisis Shelters (HYA)","3","35","0.09"
"2023-05-03T00:00:00.000","Transitional Independent Living (HYA)","15","25","0.6"
"2023-05-03T00:00:00.000","Transitional Independent Living (TIL)","108","506","0.21"
"2023-05-04T00:00:00.000","Crisis Shelters","46","258","0.18"
"2023-05-04T00:00:00.000","Crisis Shelters (HYA)","2","35","0.06"
"2023-05-04T00:00:00.000","Transitional Independent Living (HYA)","15","25","0.6"
"2023-05-04T00:00:00.000","Transitional Independent Living (TIL)","108","506","0.21"
"2023-05-05T00:00:00.000","Crisis Shelters","43","258","0.17"
"2023-05-05T00:00:00.000","Crisis Shelters (HYA)","2","35","0.06"
"2023-05-05T00:00:00.000","Transitional Independent Living (HYA)","15","25","0.6"
"2023-05-05T00:00:00.000","Transitional Independent Living (TIL)","110","506","0.22"
"2023-05-06T00:00:00.000","Crisis Shelters","49","258","0.19"
"2023-05-06T00:00:00.000","Crisis Shelters (HYA)","2","35","0.06"
"2023-05-06T00:00:00.000","Transitional Independent Living (HYA)","15","25","0.6"
"2023-05-06T00:00:00.000","Transitional Independent Living (TIL)","113","506","0.22"
"2023-05-07T00:00:00.000","Crisis Shelters","48","258","0.19"
"2023-05-07T00:00:00.000","Crisis Shelters (HYA)","2","35","0.06"
"2023-05-07T00:00:00.000","Transitional Independent Living (HYA)","15","25","0.6"
"2023-05-07T00:00:00.000","Transitional Independent Living (TIL)","114","506","0.23"
"2023-05-08T00:00:00.000","Crisis Shelters","50","258","0.19"
"2023-05-08T00:00:00.000","Crisis Shelters (HYA)","2","35","0.06"
"2023-05-08T00:00:00.000","Transitional Independent Living (HYA)","15","25","0.6"
"2023-05-08T00:00:00.000","Transitional Independent Living (TIL)","111","506","0.22"
"2023-05-09T00:00:00.000","Crisis Shelters","42","258","0.16"
"2023-05-09T00:00:00.000","Crisis Shelters (HYA)","1","35","0.03"
"2023-05-09T00:00:00.000","Transitional Independent Living (HYA)","13","25","0.52"
"2023-05-09T00:00:00.000","Transitional Independent Living (TIL)","113","506","0.22"
"2023-05-10T00:00:00.000","Crisis Shelters","46","258","0.18"
"2023-05-10T00:00:00.000","Crisis Shelters (HYA)","0","35","0"
"2023-05-10T00:00:00.000","Transitional Independent Living (HYA)","13","25","0.52"
"2023-05-10T00:00:00.000","Transitional Independent Living (TIL)","112","506","0.22"
"2023-05-11T00:00:00.000","Crisis Shelters","44","258","0.17"
"2023-05-11T00:00:00.000","Crisis Shelters (HYA)","1","35","0.03"
"2023-05-11T00:00:00.000","Transitional Independent Living (HYA)","10","25","0.4"
"2023-05-11T00:00:00.000","Transitional Independent Living (TIL)","114","506","0.23"
"2023-05-12T00:00:00.000","Crisis Shelters","46","258","0.18"
"2023-05-12T00:00:00.000","Crisis Shelters (HYA)","0","35","0"
"2023-05-12T00:00:00.000","Transitional Independent Living (HYA)","10","25","0.4"
"2023-05-12T00:00:00.000","Transitional Independent Living (TIL)","115","506","0.23"
"2023-05-13T00:00:00.000","Crisis Shelters","48","258","0.19"
"2023-05-13T00:00:00.000","Crisis Shelters (HYA)","2","35","0.06"
"2023-05-13T00:00:00.000","Transitional Independent Living (HYA)","10","25","0.4"
"2023-05-13T00:00:00.000","Transitional Independent Living (TIL)","120","506","0.24"
"2023-05-14T00:00:00.000","Crisis Shelters","46","258","0.18"
"2023-05-14T00:00:00.000","Crisis Shelters (HYA)","0","35","0"
"2023-05-14T00:00:00.000","Transitional Independent Living (HYA)","10","25","0.4"
"2023-05-14T00:00:00.000","Transitional Independent Living (TIL)","119","506","0.24"
"2023-05-15T00:00:00.000","Crisis Shelters","45","258","0.17"
"2023-05-15T00:00:00.000","Crisis Shelters (HYA)","3","35","0.09"
"2023-05-15T00:00:00.000","Transitional Independent Living (HYA)","10","25","0.4"
"2023-05-15T00:00:00.000","Transitional Independent Living (TIL)","120","506","0.24"
"2023-05-16T00:00:00.000","Crisis Shelters","44","258","0.17"
"2023-05-16T00:00:00.000","Crisis Shelters (HYA)","3","35","0.09"
"2023-05-16T00:00:00.000","Transitional Independent Living (HYA)","10","25","0.4"
"2023-05-16T00:00:00.000","Transitional Independent Living (TIL)","119","506","0.24"
"2023-05-17T00:00:00.000","Crisis Shelters","44","258","0.17"
"2023-05-17T00:00:00.000","Crisis Shelters (HYA)","4","35","0.11"
"2023-05-17T00:00:00.000","Transitional Independent Living (HYA)","7","25","0.28"
"2023-05-17T00:00:00.000","Transitional Independent Living (TIL)","120","506","0.24"
"2023-05-18T00:00:00.000","Crisis Shelters","43","258","0.17"
"2023-05-18T00:00:00.000","Crisis Shelters (HYA)","2","35","0.06"
"2023-05-18T00:00:00.000","Transitional Independent Living (HYA)","7","25","0.28"
"2023-05-18T00:00:00.000","Transitional Independent Living (TIL)","118","506","0.23"
"2023-05-19T00:00:00.000","Crisis Shelters","44","258","0.17"
"2023-05-19T00:00:00.000","Crisis Shelters (HYA)","2","35","0.06"
"2023-05-19T00:00:00.000","Transitional Independent Living (HYA)","7","25","0.28"
"2023-05-19T00:00:00.000","Transitional Independent Living (TIL)","118","506","0.23"
"2023-05-20T00:00:00.000","Crisis Shelters","42","258","0.16"
"2023-05-20T00:00:00.000","Crisis Shelters (HYA)","2","35","0.06"
"2023-05-20T00:00:00.000","Transitional Independent Living (HYA)","7","25","0.28"
"2023-05-20T00:00:00.000","Transitional Independent Living (TIL)","119","506","0.24"
"2023-05-21T00:00:00.000","Crisis Shelters","43","258","0.17"
"2023-05-21T00:00:00.000","Crisis Shelters (HYA)","3","35","0.09"
"2023-05-21T00:00:00.000","Transitional Independent Living (HYA)","7","25","0.28"
"2023-05-21T00:00:00.000","Transitional Independent Living (TIL)","118","506","0.23"
"2023-05-22T00:00:00.000","Crisis Shelters","43","258","0.17"
"2023-05-22T00:00:00.000","Crisis Shelters (HYA)","0","35","0"
"2023-05-22T00:00:00.000","Transitional Independent Living (HYA)","8","25","0.32"
"2023-05-22T00:00:00.000","Transitional Independent Living (TIL)","118","506","0.23"
"2023-05-23T00:00:00.000","Crisis Shelters","36","258","0.14"
"2023-05-23T00:00:00.000","Crisis Shelters (HYA)","1","35","0.03"
"2023-05-23T00:00:00.000","Transitional Independent Living (HYA)","7","25","0.28"
"2023-05-23T00:00:00.000","Transitional Independent Living (TIL)","116","506","0.23"
"2023-05-24T00:00:00.000","Crisis Shelters","36","258","0.14"
"2023-05-24T00:00:00.000","Crisis Shelters (HYA)","0","35","0"
"2023-05-24T00:00:00.000","Transitional Independent Living (HYA)","6","25","0.24"
"2023-05-24T00:00:00.000","Transitional Independent Living (TIL)","120","506","0.24"
"2023-05-25T00:00:00.000","Crisis Shelters","32","258","0.12"
"2023-05-25T00:00:00.000","Crisis Shelters (HYA)","1","35","0.03"
"2023-05-25T00:00:00.000","Transitional Independent Living (HYA)","6","25","0.24"
"2023-05-25T00:00:00.000","Transitional Independent Living (TIL)","121","506","0.24"
"2023-05-26T00:00:00.000","Crisis Shelters","34","258","0.13"
"2023-05-26T00:00:00.000","Crisis Shelters (HYA)","0","35","0"
"2023-05-26T00:00:00.000","Transitional Independent Living (HYA)","5","25","0.2"
"2023-05-26T00:00:00.000","Transitional Independent Living (TIL)","120","506","0.24"
"2023-05-27T00:00:00.000","Crisis Shelters","34","258","0.13"
"2023-05-27T00:00:00.000","Crisis Shelters (HYA)","0","35","0"
"2023-05-27T00:00:00.000","Transitional Independent Living (HYA)","5","25","0.2"
"2023-05-27T00:00:00.000","Transitional Independent Living (TIL)","120","506","0.24"
"2023-05-28T00:00:00.000","Crisis Shelters","37","258","0.14"
"2023-05-28T00:00:00.000","Crisis Shelters (HYA)","0","35","0"
"2023-05-28T00:00:00.000","Transitional Independent Living (HYA)","5","25","0.2"
"2023-05-28T00:00:00.000","Transitional Independent Living (TIL)","122","506","0.24"
"2023-05-29T00:00:00.000","Crisis Shelters","38","258","0.15"
"2023-05-29T00:00:00.000","Crisis Shelters (HYA)","0","35","0"
"2023-05-29T00:00:00.000","Transitional Independent Living (HYA)","6","25","0.24"
"2023-05-29T00:00:00.000","Transitional Independent Living (TIL)","124","506","0.25"
"2023-05-30T00:00:00.000","Crisis Shelters","44","258","0.17"
"2023-05-30T00:00:00.000","Crisis Shelters (HYA)","0","35","0"
"2023-05-30T00:00:00.000","Transitional Independent Living (HYA)","4","25","0.16"
"2023-05-30T00:00:00.000","Transitional Independent Living (TIL)","118","506","0.23"
"2023-05-31T00:00:00.000","Crisis Shelters","44","258","0.17"
"2023-05-31T00:00:00.000","Crisis Shelters (HYA)","0","35","0"
"2023-05-31T00:00:00.000","Transitional Independent Living (HYA)","5","25","0.2"
"2023-05-31T00:00:00.000","Transitional Independent Living (TIL)","116","506","0.23"
"2023-06-01T00:00:00.000","Crisis Shelters","44","258","0.17"
"2023-06-01T00:00:00.000","Crisis Shelters (HYA)","0","35","0"
"2023-06-01T00:00:00.000","Transitional Independent Living (HYA)","5","25","0.2"
"2023-06-01T00:00:00.000","Transitional Independent Living (TIL)","115","506","0.23"
"2023-06-02T00:00:00.000","Crisis Shelters","46","258","0.18"
"2023-06-02T00:00:00.000","Crisis Shelters (HYA)","0","35","0"
"2023-06-02T00:00:00.000","Transitional Independent Living (HYA)","4","25","0.16"
"2023-06-02T00:00:00.000","Transitional Independent Living (TIL)","108","506","0.21"
"2023-06-03T00:00:00.000","Crisis Shelters","45","258","0.17"
"2023-06-03T00:00:00.000","Crisis Shelters (HYA)","0","35","0"
"2023-06-03T00:00:00.000","Transitional Independent Living (HYA)","4","25","0.16"
"2023-06-03T00:00:00.000","Transitional Independent Living (TIL)","106","506","0.21"
"2023-06-04T00:00:00.000","Crisis Shelters","46","258","0.18"
"2023-06-04T00:00:00.000","Crisis Shelters (HYA)","0","35","0"
"2023-06-04T00:00:00.000","Transitional Independent Living (HYA)","4","25","0.16"
"2023-06-04T00:00:00.000","Transitional Independent Living (TIL)","106","506","0.21"
"2023-06-05T00:00:00.000","Crisis Shelters","49","258","0.19"
"2023-06-05T00:00:00.000","Crisis Shelters (HYA)","2","35","0.06"
"2023-06-05T00:00:00.000","Transitional Independent Living (HYA)","3","25","0.12"
"2023-06-05T00:00:00.000","Transitional Independent Living (TIL)","109","506","0.22"
"2023-06-06T00:00:00.000","Crisis Shelters","52","258","0.2"
"2023-06-06T00:00:00.000","Crisis Shelters (HYA)","0","35","0"
"2023-06-06T00:00:00.000","Transitional Independent Living (HYA)","3","25","0.12"
"2023-06-06T00:00:00.000","Transitional Independent Living (TIL)","109","506","0.22"
"2023-06-07T00:00:00.000","Crisis Shelters","51","258","0.2"
"2023-06-07T00:00:00.000","Crisis Shelters (HYA)","0","35","0"
"2023-06-07T00:00:00.000","Transitional Independent Living (HYA)","3","25","0.12"
"2023-06-07T00:00:00.000","Transitional Independent Living (TIL)","105","506","0.21"
"2023-06-08T00:00:00.000","Crisis Shelters","51","258","0.2"
"2023-06-08T00:00:00.000","Crisis Shelters (HYA)","0","35","0"
"2023-06-08T00:00:00.000","Transitional Independent Living (HYA)","3","25","0.12"
"2023-06-08T00:00:00.000","Transitional Independent Living (TIL)","100","506","0.2"
"2023-06-09T00:00:00.000","Crisis Shelters","50","258","0.19"
"2023-06-09T00:00:00.000","Crisis Shelters (HYA)","2","35","0.06"
"2023-06-09T00:00:00.000","Transitional Independent Living (HYA)","4","25","0.16"
"2023-06-09T00:00:00.000","Transitional Independent Living (TIL)","101","506","0.2"
"2023-06-10T00:00:00.000","Crisis Shelters","50","258","0.19"
"2023-06-10T00:00:00.000","Crisis Shelters (HYA)","2","35","0.06"
"2023-06-10T00:00:00.000","Transitional Independent Living (HYA)","3","25","0.12"
"2023-06-10T00:00:00.000","Transitional Independent Living (TIL)","101","506","0.2"
"2023-06-11T00:00:00.000","Crisis Shelters","48","258","0.19"
"2023-06-11T00:00:00.000","Crisis Shelters (HYA)","3","35","0.09"
"2023-06-11T00:00:00.000","Transitional Independent Living (HYA)","4","25","0.16"
"2023-06-11T00:00:00.000","Transitional Independent Living (TIL)","100","506","0.2"
"2023-06-12T00:00:00.000","Crisis Shelters","49","258","0.19"
"2023-06-12T00:00:00.000","Crisis Shelters (HYA)","1","35","0.03"
"2023-06-12T00:00:00.000","Transitional Independent Living (HYA)","2","25","0.08"
"2023-06-12T00:00:00.000","Transitional Independent Living (TIL)","100","506","0.2"
"2023-06-13T00:00:00.000","Crisis Shelters","49","258","0.19"
"2023-06-13T00:00:00.000","Crisis Shelters (HYA)","2","35","0.06"
"2023-06-13T00:00:00.000","Transitional Independent Living (HYA)","2","25","0.08"
"2023-06-13T00:00:00.000","Transitional Independent Living (TIL)","100","506","0.2"
"2023-06-14T00:00:00.000","Crisis Shelters","49","258","0.19"
"2023-06-14T00:00:00.000","Crisis Shelters (HYA)","0","35","0"
"2023-06-14T00:00:00.000","Transitional Independent Living (HYA)","2","25","0.08"
"2023-06-14T00:00:00.000","Transitional Independent Living (TIL)","102","506","0.2"
"2023-06-15T00:00:00.000","Crisis Shelters","52","258","0.2"
"2023-06-15T00:00:00.000","Crisis Shelters (HYA)","0","35","0"
"2023-06-15T00:00:00.000","Transitional Independent Living (HYA)","2","25","0.08"
"2023-06-15T00:00:00.000","Transitional Independent Living (TIL)","102","506","0.2"
"2023-06-16T00:00:00.000","Crisis Shelters","52","258","0.2"
"2023-06-16T00:00:00.000","Crisis Shelters (HYA)","0","35","0"
"2023-06-16T00:00:00.000","Transitional Independent Living (HYA)","2","25","0.08"
"2023-06-16T00:00:00.000","Transitional Independent Living (TIL)","104","506","0.21"
"2023-06-17T00:00:00.000","Crisis Shelters","51","258","0.2"
"2023-06-17T00:00:00.000","Crisis Shelters (HYA)","0","35","0"
"2023-06-17T00:00:00.000","Transitional Independent Living (HYA)","2","25","0.08"
"2023-06-17T00:00:00.000","Transitional Independent Living (TIL)","103","506","0.2"
"2023-06-18T00:00:00.000","Crisis Shelters","50","258","0.19"
"2023-06-18T00:00:00.000","Crisis Shelters (HYA)","0","35","0"
"2023-06-18T00:00:00.000","Transitional Independent Living (HYA)","2","25","0.08"
"2023-06-18T00:00:00.000","Transitional Independent Living (TIL)","88","491","0.18"
"2023-06-19T00:00:00.000","Crisis Shelters","47","258","0.18"
"2023-06-19T00:00:00.000","Crisis Shelters (HYA)","2","35","0.06"
"2023-06-19T00:00:00.000","Transitional Independent Living (HYA)","2","25","0.08"
"2023-06-19T00:00:00.000","Transitional Independent Living (TIL)","88","491","0.18"
"2023-06-20T00:00:00.000","Crisis Shelters","47","258","0.18"
"2023-06-20T00:00:00.000","Crisis Shelters (HYA)","2","35","0.06"
"2023-06-20T00:00:00.000","Transitional Independent Living (HYA)","2","25","0.08"
"2023-06-20T00:00:00.000","Transitional Independent Living (TIL)","86","491","0.18"
"2023-06-21T00:00:00.000","Crisis Shelters","50","258","0.19"
"2023-06-21T00:00:00.000","Crisis Shelters (HYA)","2","35","0.06"
"2023-06-21T00:00:00.000","Transitional Independent Living (HYA)","2","25","0.08"
"2023-06-21T00:00:00.000","Transitional Independent Living (TIL)","86","491","0.18"
"2023-06-22T00:00:00.000","Crisis Shelters","47","258","0.18"
"2023-06-22T00:00:00.000","Crisis Shelters (HYA)","1","35","0.03"
"2023-06-22T00:00:00.000","Transitional Independent Living (HYA)","1","25","0.04"
"2023-06-22T00:00:00.000","Transitional Independent Living (TIL)","76","491","0.15"
"2023-06-23T00:00:00.000","Crisis Shelters","42","258","0.16"
"2023-06-23T00:00:00.000","Crisis Shelters (HYA)","1","35","0.03"
"2023-06-23T00:00:00.000","Transitional Independent Living (HYA)","1","25","0.04"
"2023-06-23T00:00:00.000","Transitional Independent Living (TIL)","76","491","0.15"
"2023-06-24T00:00:00.000","Crisis Shelters","42","258","0.16"
"2023-06-24T00:00:00.000","Crisis Shelters (HYA)","1","35","0.03"
"2023-06-24T00:00:00.000","Transitional Independent Living (HYA)","1","25","0.04"
"2023-06-24T00:00:00.000","Transitional Independent Living (TIL)","76","491","0.15"
"2023-06-25T00:00:00.000","Crisis Shelters","44","258","0.17"
"2023-06-25T00:00:00.000","Crisis Shelters (HYA)","2","35","0.06"
"2023-06-25T00:00:00.000","Transitional Independent Living (HYA)","1","25","0.04"
"2023-06-25T00:00:00.000","Transitional Independent Living (TIL)","75","491","0.15"
"2023-06-26T00:00:00.000","Crisis Shelters","45","258","0.17"
"2023-06-26T00:00:00.000","Crisis Shelters (HYA)","2","35","0.06"
"2023-06-26T00:00:00.000","Transitional Independent Living (HYA)","0","25","0"
"2023-06-26T00:00:00.000","Transitional Independent Living (TIL)","76","491","0.15"
"2023-06-27T00:00:00.000","Crisis Shelters","47","258","0.18"
"2023-06-27T00:00:00.000","Crisis Shelters (HYA)","3","35","0.09"
"2023-06-27T00:00:00.000","Transitional Independent Living (HYA)","1","25","0.04"
"2023-06-27T00:00:00.000","Transitional Independent Living (TIL)","79","491","0.16"
"2023-06-28T00:00:00.000","Crisis Shelters","48","258","0.19"
"2023-06-28T00:00:00.000","Crisis Shelters (HYA)","2","35","0.06"
"2023-06-28T00:00:00.000","Transitional Independent Living (HYA)","1","25","0.04"
"2023-06-28T00:00:00.000","Transitional Independent Living (TIL)","78","491","0.16"
"2023-06-29T00:00:00.000","Crisis Shelters","48","258","0.19"
"2023-06-29T00:00:00.000","Crisis Shelters (HYA)","2","35","0.06"
"2023-06-29T00:00:00.000","Transitional Independent Living (HYA)","0","25","0"
"2023-06-29T00:00:00.000","Transitional Independent Living (TIL)","77","491","0.16"
"2023-06-30T00:00:00.000","Crisis Shelters","51","258","0.2"
"2023-06-30T00:00:00.000","Crisis Shelters (HYA)","1","35","0.03"
"2023-06-30T00:00:00.000","Transitional Independent Living (HYA)","0","25","0"
"2023-06-30T00:00:00.000","Transitional Independent Living (TIL)","83","491","0.17"
"2023-07-01T00:00:00.000","Crisis Shelters","31","238","0.13"
"2023-07-01T00:00:00.000","Crisis Shelters (HYA)","3","35","0.09"
"2023-07-01T00:00:00.000","Transitional Independent Living (HYA)","0","25","0"
"2023-07-01T00:00:00.000","Transitional Independent Living (TIL)","80","491","0.16"
"2023-07-02T00:00:00.000","Crisis Shelters","34","238","0.14"
"2023-07-02T00:00:00.000","Crisis Shelters (HYA)","3","35","0.09"
"2023-07-02T00:00:00.000","Transitional Independent Living (HYA)","0","25","0"
"2023-07-02T00:00:00.000","Transitional Independent Living (TIL)","79","491","0.16"
"2023-07-03T00:00:00.000","Crisis Shelters","31","238","0.13"
"2023-07-03T00:00:00.000","Crisis Shelters (HYA)","2","35","0.06"
"2023-07-03T00:00:00.000","Transitional Independent Living (HYA)","0","25","0"
"2023-07-03T00:00:00.000","Transitional Independent Living (TIL)","80","491","0.16"
"2023-07-04T00:00:00.000","Crisis Shelters","31","238","0.13"
"2023-07-04T00:00:00.000","Crisis Shelters (HYA)","4","35","0.11"
"2023-07-04T00:00:00.000","Transitional Independent Living (HYA)","0","25","0"
"2023-07-04T00:00:00.000","Transitional Independent Living (TIL)","80","491","0.16"
"2023-07-05T00:00:00.000","Crisis Shelters","29","238","0.12"
"2023-07-05T00:00:00.000","Crisis Shelters (HYA)","3","35","0.09"
"2023-07-05T00:00:00.000","Transitional Independent Living (HYA)","0","25","0"
"2023-07-05T00:00:00.000","Transitional Independent Living (TIL)","85","491","0.17"
"2023-07-06T00:00:00.000","Crisis Shelters","28","238","0.12"
"2023-07-06T00:00:00.000","Crisis Shelters (HYA)","3","35","0.09"
"2023-07-06T00:00:00.000","Transitional Independent Living (HYA)","0","25","0"
"2023-07-06T00:00:00.000","Transitional Independent Living (TIL)","85","491","0.17"
"2023-07-07T00:00:00.000","Crisis Shelters","30","238","0.13"
"2023-07-07T00:00:00.000","Crisis Shelters (HYA)","3","35","0.09"
"2023-07-07T00:00:00.000","Transitional Independent Living (HYA)","0","25","0"
"2023-07-07T00:00:00.000","Transitional Independent Living (TIL)","86","491","0.18"
"2023-07-08T00:00:00.000","Crisis Shelters","31","238","0.13"
"2023-07-08T00:00:00.000","Crisis Shelters (HYA)","2","35","0.06"
"2023-07-08T00:00:00.000","Transitional Independent Living (HYA)","0","25","0"
"2023-07-08T00:00:00.000","Transitional Independent Living (TIL)","87","491","0.18"
"2023-07-09T00:00:00.000","Crisis Shelters","32","238","0.13"
"2023-07-09T00:00:00.000","Crisis Shelters (HYA)","1","35","0.03"
"2023-07-09T00:00:00.000","Transitional Independent Living (HYA)","0","25","0"
"2023-07-09T00:00:00.000","Transitional Independent Living (TIL)","87","491","0.18"
"2023-07-10T00:00:00.000","Crisis Shelters","31","238","0.13"
"2023-07-10T00:00:00.000","Crisis Shelters (HYA)","1","35","0.03"
"2023-07-10T00:00:00.000","Transitional Independent Living (HYA)","0","25","0"
"2023-07-10T00:00:00.000","Transitional Independent Living (TIL)","93","491","0.19"
"2023-07-11T00:00:00.000","Crisis Shelters","35","238","0.15"
"2023-07-11T00:00:00.000","Crisis Shelters (HYA)","1","35","0.03"
"2023-07-11T00:00:00.000","Transitional Independent Living (HYA)","0","25","0"
"2023-07-11T00:00:00.000","Transitional Independent Living (TIL)","88","491","0.18"
"2023-07-12T00:00:00.000","Crisis Shelters","37","238","0.16"
"2023-07-12T00:00:00.000","Crisis Shelters (HYA)","1","35","0.03"
"2023-07-12T00:00:00.000","Transitional Independent Living (HYA)","0","25","0"
"2023-07-12T00:00:00.000","Transitional Independent Living (TIL)","87","491","0.18"
"2023-07-13T00:00:00.000","Crisis Shelters","30","238","0.13"
"2023-07-13T00:00:00.000","Crisis Shelters (HYA)","1","35","0.03"
"2023-07-13T00:00:00.000","Transitional Independent Living (HYA)","0","25","0"
"2023-07-13T00:00:00.000","Transitional Independent Living (TIL)","86","491","0.18"
"2023-07-14T00:00:00.000","Crisis Shelters","26","238","0.11"
"2023-07-14T00:00:00.000","Crisis Shelters (HYA)","1","35","0.03"
"2023-07-14T00:00:00.000","Transitional Independent Living (HYA)","0","25","0"
"2023-07-14T00:00:00.000","Transitional Independent Living (TIL)","86","491","0.18"
"2023-07-15T00:00:00.000","Crisis Shelters","28","238","0.12"
"2023-07-15T00:00:00.000","Crisis Shelters (HYA)","1","35","0.03"
"2023-07-15T00:00:00.000","Transitional Independent Living (HYA)","0","25","0"
"2023-07-15T00:00:00.000","Transitional Independent Living (TIL)","86","491","0.18"
"2023-07-16T00:00:00.000","Crisis Shelters","26","238","0.11"
"2023-07-16T00:00:00.000","Crisis Shelters (HYA)","1","35","0.03"
"2023-07-16T00:00:00.000","Transitional Independent Living (HYA)","0","25","0"
"2023-07-16T00:00:00.000","Transitional Independent Living (TIL)","88","491","0.18"
"2023-07-17T00:00:00.000","Crisis Shelters","25","238","0.11"
"2023-07-17T00:00:00.000","Crisis Shelters (HYA)","4","35","0.11"
"2023-07-17T00:00:00.000","Transitional Independent Living (HYA)","0","25","0"
"2023-07-17T00:00:00.000","Transitional Independent Living (TIL)","89","491","0.18"
"2023-07-18T00:00:00.000","Crisis Shelters","23","238","0.1"
"2023-07-18T00:00:00.000","Crisis Shelters (HYA)","3","35","0.09"
"2023-07-18T00:00:00.000","Transitional Independent Living (HYA)","0","25","0"
"2023-07-18T00:00:00.000","Transitional Independent Living (TIL)","86","491","0.18"
"2023-07-19T00:00:00.000","Crisis Shelters","25","238","0.11"
"2023-07-19T00:00:00.000","Crisis Shelters (HYA)","2","35","0.06"
"2023-07-19T00:00:00.000","Transitional Independent Living (HYA)","0","25","0"
"2023-07-19T00:00:00.000","Transitional Independent Living (TIL)","87","491","0.18"
"2023-07-20T00:00:00.000","Crisis Shelters","27","238","0.11"
"2023-07-20T00:00:00.000","Crisis Shelters (HYA)","2","35","0.06"
"2023-07-20T00:00:00.000","Transitional Independent Living (HYA)","0","25","0"
"2023-07-20T00:00:00.000","Transitional Independent Living (TIL)","84","491","0.17"
"2023-07-21T00:00:00.000","Crisis Shelters","26","238","0.11"
"2023-07-21T00:00:00.000","Crisis Shelters (HYA)","1","35","0.03"
"2023-07-21T00:00:00.000","Transitional Independent Living (HYA)","0","25","0"
"2023-07-21T00:00:00.000","Transitional Independent Living (TIL)","88","491","0.18"
"2023-07-22T00:00:00.000","Crisis Shelters","26","238","0.11"
"2023-07-22T00:00:00.000","Crisis Shelters (HYA)","1","35","0.03"
"2023-07-22T00:00:00.000","Transitional Independent Living (HYA)","0","25","0"
"2023-07-22T00:00:00.000","Transitional Independent Living (TIL)","87","491","0.18"
"2023-07-23T00:00:00.000","Crisis Shelters","26","238","0.11"
"2023-07-23T00:00:00.000","Crisis Shelters (HYA)","1","35","0.03"
"2023-07-23T00:00:00.000","Transitional Independent Living (HYA)","0","25","0"
"2023-07-23T00:00:00.000","Transitional Independent Living (TIL)","88","491","0.18"
"2023-07-24T00:00:00.000","Crisis Shelters","24","238","0.1"
"2023-07-24T00:00:00.000","Crisis Shelters (HYA)","1","35","0.03"
"2023-07-24T00:00:00.000","Transitional Independent Living (HYA)","1","25","0.04"
"2023-07-24T00:00:00.000","Transitional Independent Living (TIL)","87","491","0.18"
"2023-07-25T00:00:00.000","Crisis Shelters","27","238","0.11"
"2023-07-25T00:00:00.000","Crisis Shelters (HYA)","1","35","0.03"
"2023-07-25T00:00:00.000","Transitional Independent Living (HYA)","0","25","0"
"2023-07-25T00:00:00.000","Transitional Independent Living (TIL)","88","491","0.18"
"2023-07-26T00:00:00.000","Crisis Shelters","35","238","0.15"
"2023-07-26T00:00:00.000","Crisis Shelters (HYA)","0","35","0"
"2023-07-26T00:00:00.000","Transitional Independent Living (HYA)","0","25","0"
"2023-07-26T00:00:00.000","Transitional Independent Living (TIL)","78","491","0.16"
"2023-07-27T00:00:00.000","Crisis Shelters","42","238","0.18"
"2023-07-27T00:00:00.000","Crisis Shelters (HYA)","1","35","0.03"
"2023-07-27T00:00:00.000","Transitional Independent Living (HYA)","0","25","0"
"2023-07-27T00:00:00.000","Transitional Independent Living (TIL)","75","491","0.15"
"2023-07-28T00:00:00.000","Crisis Shelters","47","238","0.2"
"2023-07-28T00:00:00.000","Crisis Shelters (HYA)","1","35","0.03"
"2023-07-28T00:00:00.000","Transitional Independent Living (HYA)","1","25","0.04"
"2023-07-28T00:00:00.000","Transitional Independent Living (TIL)","72","491","0.15"
"2023-07-29T00:00:00.000","Crisis Shelters","46","238","0.19"
"2023-07-29T00:00:00.000","Crisis Shelters (HYA)","0","35","0"
"2023-07-29T00:00:00.000","Transitional Independent Living (HYA)","1","25","0.04"
"2023-07-29T00:00:00.000","Transitional Independent Living (TIL)","74","491","0.15"
"2023-07-30T00:00:00.000","Crisis Shelters","45","238","0.19"
"2023-07-30T00:00:00.000","Crisis Shelters (HYA)","0","35","0"
"2023-07-30T00:00:00.000","Transitional Independent Living (HYA)","1","25","0.04"
"2023-07-30T00:00:00.000","Transitional Independent Living (TIL)","75","491","0.15"
"2023-07-31T00:00:00.000","Crisis Shelters","44","238","0.18"
"2023-07-31T00:00:00.000","Crisis Shelters (HYA)","1","35","0.03"
"2023-07-31T00:00:00.000","Transitional Independent Living (HYA)","1","25","0.04"
"2023-07-31T00:00:00.000","Transitional Independent Living (TIL)","75","491","0.15"
"2023-08-01T00:00:00.000","Crisis Shelters","39","238","0.16"
"2023-08-01T00:00:00.000","Crisis Shelters (HYA)","1","35","0.03"
"2023-08-01T00:00:00.000","Transitional Independent Living (HYA)","0","25","0"
"2023-08-01T00:00:00.000","Transitional Independent Living (TIL)","75","491","0.15"
"2023-08-02T00:00:00.000","Crisis Shelters","34","238","0.14"
"2023-08-02T00:00:00.000","Crisis Shelters (HYA)","1","35","0.03"
"2023-08-02T00:00:00.000","Transitional Independent Living (HYA)","0","25","0"
"2023-08-02T00:00:00.000","Transitional Independent Living (TIL)","71","491","0.14"
"2023-08-03T00:00:00.000","Crisis Shelters","33","238","0.14"
"2023-08-03T00:00:00.000","Crisis Shelters (HYA)","1","35","0.03"
"2023-08-03T00:00:00.000","Transitional Independent Living (HYA)","0","25","0"
"2023-08-03T00:00:00.000","Transitional Independent Living (TIL)","74","491","0.15"
"2023-08-04T00:00:00.000","Crisis Shelters","34","238","0.14"
"2023-08-04T00:00:00.000","Crisis Shelters (HYA)","1","35","0.03"
"2023-08-04T00:00:00.000","Transitional Independent Living (HYA)","0","25","0"
"2023-08-04T00:00:00.000","Transitional Independent Living (TIL)","70","491","0.14"
"2023-08-05T00:00:00.000","Crisis Shelters","32","238","0.13"
"2023-08-05T00:00:00.000","Crisis Shelters (HYA)","1","35","0.03"
"2023-08-05T00:00:00.000","Transitional Independent Living (HYA)","0","25","0"
"2023-08-05T00:00:00.000","Transitional Independent Living (TIL)","71","491","0.14"
"2023-08-06T00:00:00.000","Crisis Shelters","35","238","0.15"
"2023-08-06T00:00:00.000","Crisis Shelters (HYA)","1","35","0.03"
"2023-08-06T00:00:00.000","Transitional Independent Living (HYA)","0","25","0"
"2023-08-06T00:00:00.000","Transitional Independent Living (TIL)","74","491","0.15"
"2023-08-07T00:00:00.000","Crisis Shelters","56","258","0.22"
"2023-08-07T00:00:00.000","Crisis Shelters (HYA)","2","35","0.06"
"2023-08-07T00:00:00.000","Transitional Independent Living (HYA)","0","25","0"
"2023-08-07T00:00:00.000","Transitional Independent Living (TIL)","75","491","0.15"
"2023-08-08T00:00:00.000","Crisis Shelters","46","258","0.18"
"2023-08-08T00:00:00.000","Crisis Shelters (HYA)","2","35","0.06"
"2023-08-08T00:00:00.000","Transitional Independent Living (HYA)","1","25","0.04"
"2023-08-08T00:00:00.000","Transitional Independent Living (TIL)","76","491","0.15"
"2023-08-09T00:00:00.000","Crisis Shelters","47","258","0.18"
"2023-08-09T00:00:00.000","Crisis Shelters (HYA)","2","35","0.06"
"2023-08-09T00:00:00.000","Transitional Independent Living (HYA)","1","25","0.04"
"2023-08-09T00:00:00.000","Transitional Independent Living (TIL)","76","491","0.15"
"2023-08-10T00:00:00.000","Crisis Shelters","42","258","0.16"
"2023-08-10T00:00:00.000","Crisis Shelters (HYA)","2","35","0.06"
"2023-08-10T00:00:00.000","Transitional Independent Living (HYA)","1","25","0.04"
"2023-08-10T00:00:00.000","Transitional Independent Living (TIL)","76","491","0.15"
"2023-08-11T00:00:00.000","Crisis Shelters","41","258","0.16"
"2023-08-11T00:00:00.000","Crisis Shelters (HYA)","0","35","0"
"2023-08-11T00:00:00.000","Transitional Independent Living (HYA)","2","25","0.08"
"2023-08-11T00:00:00.000","Transitional Independent Living (TIL)","74","491","0.15"
"2023-08-12T00:00:00.000","Crisis Shelters","42","258","0.16"
"2023-08-12T00:00:00.000","Crisis Shelters (HYA)","0","35","0"
"2023-08-12T00:00:00.000","Transitional Independent Living (HYA)","2","25","0.08"
"2023-08-12T00:00:00.000","Transitional Independent Living (TIL)","75","491","0.15"
"2023-08-13T00:00:00.000","Crisis Shelters","45","258","0.17"
"2023-08-13T00:00:00.000","Crisis Shelters (HYA)","0","35","0"
"2023-08-13T00:00:00.000","Transitional Independent Living (HYA)","2","25","0.08"
"2023-08-13T00:00:00.000","Transitional Independent Living (TIL)","76","491","0.15"
"2023-08-14T00:00:00.000","Crisis Shelters","46","258","0.18"
"2023-08-14T00:00:00.000","Crisis Shelters (HYA)","0","35","0"
"2023-08-14T00:00:00.000","Transitional Independent Living (HYA)","1","25","0.04"
"2023-08-14T00:00:00.000","Transitional Independent Living (TIL)","79","491","0.16"
"2023-08-15T00:00:00.000","Crisis Shelters","33","258","0.13"
"2023-08-15T00:00:00.000","Crisis Shelters (HYA)","1","35","0.03"
"2023-08-15T00:00:00.000","Transitional Independent Living (HYA)","0","25","0"
"2023-08-15T00:00:00.000","Transitional Independent Living (TIL)","80","491","0.16"
"2023-08-16T00:00:00.000","Crisis Shelters","33","258","0.13"
"2023-08-16T00:00:00.000","Crisis Shelters (HYA)","1","35","0.03"
"2023-08-16T00:00:00.000","Transitional Independent Living (HYA)","0","25","0"
"2023-08-16T00:00:00.000","Transitional Independent Living (TIL)","79","491","0.16"
"2023-08-17T00:00:00.000","Crisis Shelters","33","258","0.13"
"2023-08-17T00:00:00.000","Crisis Shelters (HYA)","0","35","0"
"2023-08-17T00:00:00.000","Transitional Independent Living (HYA)","0","25","0"
"2023-08-17T00:00:00.000","Transitional Independent Living (TIL)","80","491","0.16"
"2023-08-18T00:00:00.000","Crisis Shelters","31","258","0.12"
"2023-08-18T00:00:00.000","Crisis Shelters (HYA)","1","35","0.03"
"2023-08-18T00:00:00.000","Transitional Independent Living (HYA)","0","25","0"
"2023-08-18T00:00:00.000","Transitional Independent Living (TIL)","74","491","0.15"
"2023-08-19T00:00:00.000","Crisis Shelters","32","258","0.12"
"2023-08-19T00:00:00.000","Crisis Shelters (HYA)","1","35","0.03"
"2023-08-19T00:00:00.000","Transitional Independent Living (HYA)","0","25","0"
"2023-08-19T00:00:00.000","Transitional Independent Living (TIL)","74","491","0.15"
"2023-08-20T00:00:00.000","Crisis Shelters","33","258","0.13"
"2023-08-20T00:00:00.000","Crisis Shelters (HYA)","1","35","0.03"
"2023-08-20T00:00:00.000","Transitional Independent Living (HYA)","0","25","0"
"2023-08-20T00:00:00.000","Transitional Independent Living (TIL)","73","491","0.15"
"2023-08-21T00:00:00.000","Crisis Shelters","36","258","0.14"
"2023-08-21T00:00:00.000","Crisis Shelters (HYA)","1","35","0.03"
"2023-08-21T00:00:00.000","Transitional Independent Living (HYA)","1","25","0.04"
"2023-08-21T00:00:00.000","Transitional Independent Living (TIL)","72","491","0.15"
"2023-08-22T00:00:00.000","Crisis Shelters","31","258","0.12"
"2023-08-22T00:00:00.000","Crisis Shelters (HYA)","1","35","0.03"
"2023-08-22T00:00:00.000","Transitional Independent Living (HYA)","1","25","0.04"
"2023-08-22T00:00:00.000","Transitional Independent Living (TIL)","69","491","0.14"
"2023-08-23T00:00:00.000","Crisis Shelters","32","258","0.12"
"2023-08-23T00:00:00.000","Crisis Shelters (HYA)","1","35","0.03"
"2023-08-23T00:00:00.000","Transitional Independent Living (HYA)","1","25","0.04"
"2023-08-23T00:00:00.000","Transitional Independent Living (TIL)","68","491","0.14"
"2023-08-24T00:00:00.000","Crisis Shelters","30","258","0.12"
"2023-08-24T00:00:00.000","Crisis Shelters (HYA)","0","35","0"
"2023-08-24T00:00:00.000","Transitional Independent Living (HYA)","1","25","0.04"
"2023-08-24T00:00:00.000","Transitional Independent Living (TIL)","67","491","0.14"
"2023-08-25T00:00:00.000","Crisis Shelters","33","258","0.13"
"2023-08-25T00:00:00.000","Crisis Shelters (HYA)","0","35","0"
"2023-08-25T00:00:00.000","Transitional Independent Living (HYA)","1","25","0.04"
"2023-08-25T00:00:00.000","Transitional Independent Living (TIL)","69","491","0.14"
"2023-08-26T00:00:00.000","Crisis Shelters","33","258","0.13"
"2023-08-26T00:00:00.000","Crisis Shelters (HYA)","0","35","0"
"2023-08-26T00:00:00.000","Transitional Independent Living (HYA)","1","25","0.04"
"2023-08-26T00:00:00.000","Transitional Independent Living (TIL)","71","491","0.14"
"2023-08-27T00:00:00.000","Crisis Shelters","31","258","0.12"
"2023-08-27T00:00:00.000","Crisis Shelters (HYA)","0","35","0"
"2023-08-27T00:00:00.000","Transitional Independent Living (HYA)","1","25","0.04"
"2023-08-27T00:00:00.000","Transitional Independent Living (TIL)","69","491","0.14"
"2023-08-28T00:00:00.000","Crisis Shelters","22","258","0.09"
"2023-08-28T00:00:00.000","Crisis Shelters (HYA)","0","35","0"
"2023-08-28T00:00:00.000","Transitional Independent Living (HYA)","0","25","0"
"2023-08-28T00:00:00.000","Transitional Independent Living (TIL)","69","491","0.14"
"2023-08-29T00:00:00.000","Crisis Shelters","19","258","0.07"
"2023-08-29T00:00:00.000","Crisis Shelters (HYA)","1","35","0.03"
"2023-08-29T00:00:00.000","Transitional Independent Living (HYA)","0","25","0"
"2023-08-29T00:00:00.000","Transitional Independent Living (TIL)","68","491","0.14"
"2023-08-30T00:00:00.000","Crisis Shelters","25","258","0.1"
"2023-08-30T00:00:00.000","Crisis Shelters (HYA)","1","35","0.03"
"2023-08-30T00:00:00.000","Transitional Independent Living (HYA)","0","25","0"
"2023-08-30T00:00:00.000","Transitional Independent Living (TIL)","68","491","0.14"
"2023-08-31T00:00:00.000","Crisis Shelters","21","258","0.08"
"2023-08-31T00:00:00.000","Crisis Shelters (HYA)","1","35","0.03"
"2023-08-31T00:00:00.000","Transitional Independent Living (HYA)","0","25","0"
"2023-08-31T00:00:00.000","Transitional Independent Living (TIL)","69","491","0.14"
"2023-09-01T00:00:00.000","Crisis Shelters","18","258","0.07"
"2023-09-01T00:00:00.000","Crisis Shelters (HYA)","1","35","0.03"
"2023-09-01T00:00:00.000","Transitional Independent Living (HYA)","0","25","0"
"2023-09-01T00:00:00.000","Transitional Independent Living (TIL)","66","491","0.13"
"2023-09-02T00:00:00.000","Crisis Shelters","20","258","0.08"
"2023-09-02T00:00:00.000","Crisis Shelters (HYA)","0","35","0"
"2023-09-02T00:00:00.000","Transitional Independent Living (HYA)","0","25","0"
"2023-09-02T00:00:00.000","Transitional Independent Living (TIL)","65","491","0.13"
"2023-09-03T00:00:00.000","Crisis Shelters","21","258","0.08"
"2023-09-03T00:00:00.000","Crisis Shelters (HYA)","0","35","0"
"2023-09-03T00:00:00.000","Transitional Independent Living (HYA)","0","25","0"
"2023-09-03T00:00:00.000","Transitional Independent Living (TIL)","65","491","0.13"
"2023-09-04T00:00:00.000","Crisis Shelters","17","258","0.07"
"2023-09-04T00:00:00.000","Crisis Shelters (HYA)","3","35","0.09"
"2023-09-04T00:00:00.000","Transitional Independent Living (HYA)","0","25","0"
"2023-09-04T00:00:00.000","Transitional Independent Living (TIL)","68","491","0.14"
"2023-09-05T00:00:00.000","Crisis Shelters","16","258","0.06"
"2023-09-05T00:00:00.000","Crisis Shelters (HYA)","3","35","0.09"
"2023-09-05T00:00:00.000","Transitional Independent Living (HYA)","0","25","0"
"2023-09-05T00:00:00.000","Transitional Independent Living (TIL)","68","491","0.14"
"2023-09-06T00:00:00.000","Crisis Shelters","15","258","0.06"
"2023-09-06T00:00:00.000","Crisis Shelters (HYA)","2","35","0.06"
"2023-09-06T00:00:00.000","Transitional Independent Living (HYA)","0","25","0"
"2023-09-06T00:00:00.000","Transitional Independent Living (TIL)","69","491","0.14"
"2023-09-07T00:00:00.000","Crisis Shelters","14","258","0.05"
"2023-09-07T00:00:00.000","Crisis Shelters (HYA)","2","35","0.06"
"2023-09-07T00:00:00.000","Transitional Independent Living (HYA)","0","25","0"
"2023-09-07T00:00:00.000","Transitional Independent Living (TIL)","68","491","0.14"
"2023-09-08T00:00:00.000","Crisis Shelters","15","258","0.06"
"2023-09-08T00:00:00.000","Crisis Shelters (HYA)","4","35","0.11"
"2023-09-08T00:00:00.000","Transitional Independent Living (HYA)","1","25","0.04"
"2023-09-08T00:00:00.000","Transitional Independent Living (TIL)","67","491","0.14"
"2023-09-09T00:00:00.000","Crisis Shelters","16","258","0.06"
"2023-09-09T00:00:00.000","Crisis Shelters (HYA)","4","35","0.11"
"2023-09-09T00:00:00.000","Transitional Independent Living (HYA)","1","25","0.04"
"2023-09-09T00:00:00.000","Transitional Independent Living (TIL)","67","491","0.14"
"2023-09-10T00:00:00.000","Crisis Shelters","16","258","0.06"
"2023-09-10T00:00:00.000","Crisis Shelters (HYA)","4","35","0.11"
"2023-09-10T00:00:00.000","Transitional Independent Living (HYA)","1","25","0.04"
"2023-09-10T00:00:00.000","Transitional Independent Living (TIL)","67","491","0.14"
"2023-09-11T00:00:00.000","Crisis Shelters","21","258","0.08"
"2023-09-11T00:00:00.000","Crisis Shelters (HYA)","2","35","0.06"
"2023-09-11T00:00:00.000","Transitional Independent Living (HYA)","0","25","0"
"2023-09-11T00:00:00.000","Transitional Independent Living (TIL)","67","491","0.14"
"2023-09-12T00:00:00.000","Crisis Shelters","20","258","0.08"
"2023-09-12T00:00:00.000","Crisis Shelters (HYA)","2","35","0.06"
"2023-09-12T00:00:00.000","Transitional Independent Living (HYA)","0","25","0"
"2023-09-12T00:00:00.000","Transitional Independent Living (TIL)","68","491","0.14"
"2023-09-13T00:00:00.000","Crisis Shelters","14","258","0.05"
"2023-09-13T00:00:00.000","Crisis Shelters (HYA)","2","35","0.06"
"2023-09-13T00:00:00.000","Transitional Independent Living (HYA)","0","25","0"
"2023-09-13T00:00:00.000","Transitional Independent Living (TIL)","66","491","0.13"
"2023-09-14T00:00:00.000","Crisis Shelters","13","258","0.05"
"2023-09-14T00:00:00.000","Crisis Shelters (HYA)","2","35","0.06"
"2023-09-14T00:00:00.000","Transitional Independent Living (HYA)","0","25","0"
"2023-09-14T00:00:00.000","Transitional Independent Living (TIL)","66","491","0.13"
"2023-09-15T00:00:00.000","Crisis Shelters","17","258","0.07"
"2023-09-15T00:00:00.000","Crisis Shelters (HYA)","1","35","0.03"
"2023-09-15T00:00:00.000","Transitional Independent Living (HYA)","0","25","0"
"2023-09-15T00:00:00.000","Transitional Independent Living (TIL)","65","491","0.13"
"2023-09-16T00:00:00.000","Crisis Shelters","18","258","0.07"
"2023-09-16T00:00:00.000","Crisis Shelters (HYA)","1","35","0.03"
"2023-09-16T00:00:00.000","Transitional Independent Living (HYA)","0","25","0"
"2023-09-16T00:00:00.000","Transitional Independent Living (TIL)","64","491","0.13"
"2023-09-17T00:00:00.000","Crisis Shelters","19","258","0.07"
"2023-09-17T00:00:00.000","Crisis Shelters (HYA)","2","35","0.06"
"2023-09-17T00:00:00.000","Transitional Independent Living (HYA)","1","25","0.04"
"2023-09-17T00:00:00.000","Transitional Independent Living (TIL)","66","491","0.13"
"2023-09-18T00:00:00.000","Crisis Shelters","18","258","0.07"
"2023-09-18T00:00:00.000","Crisis Shelters (HYA)","2","35","0.06"
"2023-09-18T00:00:00.000","Transitional Independent Living (HYA)","1","25","0.04"
"2023-09-18T00:00:00.000","Transitional Independent Living (TIL)","66","491","0.13"
"2023-09-19T00:00:00.000","Crisis Shelters","16","258","0.06"
"2023-09-19T00:00:00.000","Crisis Shelters (HYA)","0","35","0"
"2023-09-19T00:00:00.000","Transitional Independent Living (HYA)","1","25","0.04"
"2023-09-19T00:00:00.000","Transitional Independent Living (TIL)","66","491","0.13"
"2023-09-20T00:00:00.000","Crisis Shelters","17","258","0.07"
"2023-09-20T00:00:00.000","Crisis Shelters (HYA)","0","35","0"
"2023-09-20T00:00:00.000","Transitional Independent Living (HYA)","1","25","0.04"
"2023-09-20T00:00:00.000","Transitional Independent Living (TIL)","65","491","0.13"
"2023-09-21T00:00:00.000","Crisis Shelters","16","258","0.06"
"2023-09-21T00:00:00.000","Crisis Shelters (HYA)","0","35","0"
"2023-09-21T00:00:00.000","Transitional Independent Living (HYA)","2","25","0.08"
"2023-09-21T00:00:00.000","Transitional Independent Living (TIL)","62","491","0.13"
"2023-09-22T00:00:00.000","Crisis Shelters","12","258","0.05"
"2023-09-22T00:00:00.000","Crisis Shelters (HYA)","0","35","0"
"2023-09-22T00:00:00.000","Transitional Independent Living (HYA)","1","25","0.04"
"2023-09-22T00:00:00.000","Transitional Independent Living (TIL)","62","491","0.13"
"2023-09-23T00:00:00.000","Crisis Shelters","13","258","0.05"
"2023-09-23T00:00:00.000","Crisis Shelters (HYA)","0","35","0"
"2023-09-23T00:00:00.000","Transitional Independent Living (HYA)","0","25","0"
"2023-09-23T00:00:00.000","Transitional Independent Living (TIL)","62","491","0.13"
"2023-09-24T00:00:00.000","Crisis Shelters","12","258","0.05"
"2023-09-24T00:00:00.000","Crisis Shelters (HYA)","0","35","0"
"2023-09-24T00:00:00.000","Transitional Independent Living (HYA)","0","25","0"
"2023-09-24T00:00:00.000","Transitional Independent Living (TIL)","63","491","0.13"
"2023-09-25T00:00:00.000","Crisis Shelters","17","258","0.07"
"2023-09-25T00:00:00.000","Crisis Shelters (HYA)","2","35","0.06"
"2023-09-25T00:00:00.000","Transitional Independent Living (HYA)","0","25","0"
"2023-09-25T00:00:00.000","Transitional Independent Living (TIL)","60","491","0.12"
"2023-09-26T00:00:00.000","Crisis Shelters","16","258","0.06"
"2023-09-26T00:00:00.000","Crisis Shelters (HYA)","0","35","0"
"2023-09-26T00:00:00.000","Transitional Independent Living (HYA)","0","25","0"
"2023-09-26T00:00:00.000","Transitional Independent Living (TIL)","58","491","0.12"
"2023-09-27T00:00:00.000","Crisis Shelters","12","258","0.05"
"2023-09-27T00:00:00.000","Crisis Shelters (HYA)","0","35","0"
"2023-09-27T00:00:00.000","Transitional Independent Living (HYA)","0","25","0"
"2023-09-27T00:00:00.000","Transitional Independent Living (TIL)","52","491","0.11"
"2023-09-28T00:00:00.000","Crisis Shelters","13","258","0.05"
"2023-09-28T00:00:00.000","Crisis Shelters (HYA)","0","35","0"
"2023-09-28T00:00:00.000","Transitional Independent Living (HYA)","0","25","0"
"2023-09-28T00:00:00.000","Transitional Independent Living (TIL)","46","491","0.09"
"2023-09-29T00:00:00.000","Crisis Shelters","14","258","0.05"
"2023-09-29T00:00:00.000","Crisis Shelters (HYA)","0","35","0"
"2023-09-29T00:00:00.000","Transitional Independent Living (HYA)","0","25","0"
"2023-09-29T00:00:00.000","Transitional Independent Living (TIL)","44","491","0.09"
"2023-09-30T00:00:00.000","Crisis Shelters","15","258","0.06"
"2023-09-30T00:00:00.000","Crisis Shelters (HYA)","0","35","0"
"2023-09-30T00:00:00.000","Transitional Independent Living (HYA)","0","25","0"
"2023-09-30T00:00:00.000","Transitional Independent Living (TIL)","41","491","0.08"
"2023-10-01T00:00:00.000","Crisis Shelters","13","258","0.05"
"2023-10-01T00:00:00.000","Crisis Shelters (HYA)","0","35","0"
"2023-10-01T00:00:00.000","Transitional Independent Living (HYA)","0","25","0"
"2023-10-01T00:00:00.000","Transitional Independent Living (TIL)","44","491","0.09"
"2023-10-02T00:00:00.000","Crisis Shelters","15","258","0.06"
"2023-10-02T00:00:00.000","Crisis Shelters (HYA)","0","35","0"
"2023-10-02T00:00:00.000","Transitional Independent Living (HYA)","0","25","0"
"2023-10-02T00:00:00.000","Transitional Independent Living (TIL)","44","491","0.09"
"2023-10-03T00:00:00.000","Crisis Shelters","13","258","0.05"
"2023-10-03T00:00:00.000","Crisis Shelters (HYA)","1","35","0.03"
"2023-10-03T00:00:00.000","Transitional Independent Living (HYA)","0","25","0"
"2023-10-03T00:00:00.000","Transitional Independent Living (TIL)","42","491","0.09"
"2023-10-04T00:00:00.000","Crisis Shelters","15","258","0.06"
"2023-10-04T00:00:00.000","Crisis Shelters (HYA)","1","35","0.03"
"2023-10-04T00:00:00.000","Transitional Independent Living (HYA)","0","25","0"
"2023-10-04T00:00:00.000","Transitional Independent Living (TIL)","44","491","0.09"
"2023-10-05T00:00:00.000","Crisis Shelters","17","258","0.07"
"2023-10-05T00:00:00.000","Crisis Shelters (HYA)","2","35","0.06"
"2023-10-05T00:00:00.000","Transitional Independent Living (HYA)","1","25","0.04"
"2023-10-05T00:00:00.000","Transitional Independent Living (TIL)","45","491","0.09"
"2023-10-06T00:00:00.000","Crisis Shelters","11","258","0.04"
"2023-10-06T00:00:00.000","Crisis Shelters (HYA)","3","35","0.09"
"2023-10-06T00:00:00.000","Transitional Independent Living (HYA)","0","25","0"
"2023-10-06T00:00:00.000","Transitional Independent Living (TIL)","48","491","0.1"
"2023-10-07T00:00:00.000","Crisis Shelters","15","258","0.06"
"2023-10-07T00:00:00.000","Crisis Shelters (HYA)","2","35","0.06"
"2023-10-07T00:00:00.000","Transitional Independent Living (HYA)","0","25","0"
"2023-10-07T00:00:00.000","Transitional Independent Living (TIL)","47","491","0.1"
"2023-10-08T00:00:00.000","Crisis Shelters","18","258","0.07"
"2023-10-08T00:00:00.000","Crisis Shelters (HYA)","3","35","0.09"
"2023-10-08T00:00:00.000","Transitional Independent Living (HYA)","0","25","0"
"2023-10-08T00:00:00.000","Transitional Independent Living (TIL)","46","491","0.09"
"2023-10-09T00:00:00.000","Crisis Shelters","18","258","0.07"
"2023-10-09T00:00:00.000","Crisis Shelters (HYA)","4","35","0.11"
"2023-10-09T00:00:00.000","Transitional Independent Living (HYA)","0","25","0"
"2023-10-09T00:00:00.000","Transitional Independent Living (TIL)","46","491","0.09"
"2023-10-10T00:00:00.000","Crisis Shelters","12","258","0.05"
"2023-10-10T00:00:00.000","Crisis Shelters (HYA)","5","35","0.14"
"2023-10-10T00:00:00.000","Transitional Independent Living (HYA)","0","25","0"
"2023-10-10T00:00:00.000","Transitional Independent Living (TIL)","47","491","0.1"
"2023-10-11T00:00:00.000","Crisis Shelters","12","258","0.05"
"2023-10-11T00:00:00.000","Crisis Shelters (HYA)","2","35","0.06"
"2023-10-11T00:00:00.000","Transitional Independent Living (HYA)","0","25","0"
"2023-10-11T00:00:00.000","Transitional Independent Living (TIL)","48","491","0.1"
"2023-10-12T00:00:00.000","Crisis Shelters","12","258","0.05"
"2023-10-12T00:00:00.000","Crisis Shelters (HYA)","2","35","0.06"
"2023-10-12T00:00:00.000","Transitional Independent Living (HYA)","0","25","0"
"2023-10-12T00:00:00.000","Transitional Independent Living (TIL)","47","491","0.1"
"2023-10-13T00:00:00.000","Crisis Shelters","16","258","0.06"
"2023-10-13T00:00:00.000","Crisis Shelters (HYA)","3","35","0.09"
"2023-10-13T00:00:00.000","Transitional Independent Living (HYA)","0","25","0"
"2023-10-13T00:00:00.000","Transitional Independent Living (TIL)","49","491","0.1"
"2023-10-14T00:00:00.000","Crisis Shelters","13","258","0.05"
"2023-10-14T00:00:00.000","Crisis Shelters (HYA)","4","35","0.11"
"2023-10-14T00:00:00.000","Transitional Independent Living (HYA)","0","25","0"
"2023-10-14T00:00:00.000","Transitional Independent Living (TIL)","48","491","0.1"
"2023-10-15T00:00:00.000","Crisis Shelters","15","258","0.06"
"2023-10-15T00:00:00.000","Crisis Shelters (HYA)","4","35","0.11"
"2023-10-15T00:00:00.000","Transitional Independent Living (HYA)","0","25","0"
"2023-10-15T00:00:00.000","Transitional Independent Living (TIL)","50","491","0.1"
"2023-10-16T00:00:00.000","Crisis Shelters","22","258","0.09"
"2023-10-16T00:00:00.000","Crisis Shelters (HYA)","2","35","0.06"
"2023-10-16T00:00:00.000","Transitional Independent Living (HYA)","0","25","0"
"2023-10-16T00:00:00.000","Transitional Independent Living (TIL)","54","491","0.11"
"2023-10-17T00:00:00.000","Crisis Shelters","21","258","0.08"
"2023-10-17T00:00:00.000","Crisis Shelters (HYA)","2","35","0.06"
"2023-10-17T00:00:00.000","Transitional Independent Living (HYA)","0","25","0"
"2023-10-17T00:00:00.000","Transitional Independent Living (TIL)","51","491","0.1"
"2023-10-18T00:00:00.000","Crisis Shelters","20","258","0.08"
"2023-10-18T00:00:00.000","Crisis Shelters (HYA)","1","35","0.03"
"2023-10-18T00:00:00.000","Transitional Independent Living (HYA)","0","25","0"
"2023-10-18T00:00:00.000","Transitional Independent Living (TIL)","56","491","0.11"
"2023-10-19T00:00:00.000","Crisis Shelters","21","258","0.08"
"2023-10-19T00:00:00.000","Crisis Shelters (HYA)","2","35","0.06"
"2023-10-19T00:00:00.000","Transitional Independent Living (HYA)","0","25","0"
"2023-10-19T00:00:00.000","Transitional Independent Living (TIL)","49","491","0.1"
"2023-10-20T00:00:00.000","Crisis Shelters","23","258","0.09"
"2023-10-20T00:00:00.000","Crisis Shelters (HYA)","2","35","0.06"
"2023-10-20T00:00:00.000","Transitional Independent Living (HYA)","0","25","0"
"2023-10-20T00:00:00.000","Transitional Independent Living (TIL)","39","491","0.08"
"2023-10-21T00:00:00.000","Crisis Shelters","20","258","0.08"
"2023-10-21T00:00:00.000","Crisis Shelters (HYA)","2","35","0.06"
"2023-10-21T00:00:00.000","Transitional Independent Living (HYA)","0","25","0"
"2023-10-21T00:00:00.000","Transitional Independent Living (TIL)","39","491","0.08"
"2023-10-22T00:00:00.000","Crisis Shelters","21","258","0.08"
"2023-10-22T00:00:00.000","Crisis Shelters (HYA)","2","35","0.06"
"2023-10-22T00:00:00.000","Transitional Independent Living (HYA)","0","25","0"
"2023-10-22T00:00:00.000","Transitional Independent Living (TIL)","38","491","0.08"
"2023-10-23T00:00:00.000","Crisis Shelters","15","258","0.06"
"2023-10-23T00:00:00.000","Crisis Shelters (HYA)","1","35","0.03"
"2023-10-23T00:00:00.000","Transitional Independent Living (HYA)","0","25","0"
"2023-10-23T00:00:00.000","Transitional Independent Living (TIL)","39","491","0.08"
"2023-10-24T00:00:00.000","Crisis Shelters","16","258","0.06"
"2023-10-24T00:00:00.000","Crisis Shelters (HYA)","0","35","0"
"2023-10-24T00:00:00.000","Transitional Independent Living (HYA)","0","25","0"
"2023-10-24T00:00:00.000","Transitional Independent Living (TIL)","39","491","0.08"
"2023-10-25T00:00:00.000","Crisis Shelters","12","258","0.05"
"2023-10-25T00:00:00.000","Crisis Shelters (HYA)","0","35","0"
"2023-10-25T00:00:00.000","Transitional Independent Living (HYA)","0","25","0"
"2023-10-25T00:00:00.000","Transitional Independent Living (TIL)","35","491","0.07"
"2023-10-26T00:00:00.000","Crisis Shelters","13","258","0.05"
"2023-10-26T00:00:00.000","Crisis Shelters (HYA)","0","35","0"
"2023-10-26T00:00:00.000","Transitional Independent Living (HYA)","1","25","0.04"
"2023-10-26T00:00:00.000","Transitional Independent Living (TIL)","34","491","0.07"
"2023-10-27T00:00:00.000","Crisis Shelters","11","258","0.04"
"2023-10-27T00:00:00.000","Crisis Shelters (HYA)","0","35","0"
"2023-10-27T00:00:00.000","Transitional Independent Living (HYA)","1","25","0.04"
"2023-10-27T00:00:00.000","Transitional Independent Living (TIL)","38","491","0.08"
"2023-10-28T00:00:00.000","Crisis Shelters","10","258","0.04"
"2023-10-28T00:00:00.000","Crisis Shelters (HYA)","0","35","0"
"2023-10-28T00:00:00.000","Transitional Independent Living (HYA)","1","25","0.04"
"2023-10-28T00:00:00.000","Transitional Independent Living (TIL)","38","491","0.08"
"2023-10-29T00:00:00.000","Crisis Shelters","8","258","0.03"
"2023-10-29T00:00:00.000","Crisis Shelters (HYA)","0","35","0"
"2023-10-29T00:00:00.000","Transitional Independent Living (HYA)","1","25","0.04"
"2023-10-29T00:00:00.000","Transitional Independent Living (TIL)","37","491","0.08"
"2023-10-30T00:00:00.000","Crisis Shelters","13","258","0.05"
"2023-10-30T00:00:00.000","Crisis Shelters (HYA)","0","35","0"
"2023-10-30T00:00:00.000","Transitional Independent Living (HYA)","1","25","0.04"
"2023-10-30T00:00:00.000","Transitional Independent Living (TIL)","36","491","0.07"
"2023-10-31T00:00:00.000","Crisis Shelters","10","258","0.04"
"2023-10-31T00:00:00.000","Crisis Shelters (HYA)","0","35","0"
"2023-10-31T00:00:00.000","Transitional Independent Living (HYA)","1","25","0.04"
"2023-10-31T00:00:00.000","Transitional Independent Living (TIL)","36","491","0.07"
"2023-11-01T00:00:00.000","Crisis Shelters","11","258","0.04"
"2023-11-01T00:00:00.000","Crisis Shelters (HYA)","0","35","0"
"2023-11-01T00:00:00.000","Transitional Independent Living (HYA)","1","25","0.04"
"2023-11-01T00:00:00.000","Transitional Independent Living (TIL)","37","491","0.08"
"2023-11-02T00:00:00.000","Crisis Shelters","13","258","0.05"
"2023-11-02T00:00:00.000","Crisis Shelters (HYA)","1","35","0.03"
"2023-11-02T00:00:00.000","Transitional Independent Living (HYA)","1","25","0.04"
"2023-11-02T00:00:00.000","Transitional Independent Living (TIL)","35","491","0.07"
"2023-11-03T00:00:00.000","Crisis Shelters","10","258","0.04"
"2023-11-03T00:00:00.000","Crisis Shelters (HYA)","0","35","0"
"2023-11-03T00:00:00.000","Transitional Independent Living (HYA)","0","25","0"
"2023-11-03T00:00:00.000","Transitional Independent Living (TIL)","40","495","0.08"
"2023-11-04T00:00:00.000","Crisis Shelters","12","258","0.05"
"2023-11-04T00:00:00.000","Crisis Shelters (HYA)","0","35","0"
"2023-11-04T00:00:00.000","Transitional Independent Living (HYA)","0","25","0"
"2023-11-04T00:00:00.000","Transitional Independent Living (TIL)","39","495","0.08"
"2023-11-05T00:00:00.000","Crisis Shelters","13","258","0.05"
"2023-11-05T00:00:00.000","Crisis Shelters (HYA)","1","35","0.03"
"2023-11-05T00:00:00.000","Transitional Independent Living (HYA)","0","25","0"
"2023-11-05T00:00:00.000","Transitional Independent Living (TIL)","39","495","0.08"
"2023-11-06T00:00:00.000","Crisis Shelters","15","258","0.06"
"2023-11-06T00:00:00.000","Crisis Shelters (HYA)","2","35","0.06"
"2023-11-06T00:00:00.000","Transitional Independent Living (HYA)","0","25","0"
"2023-11-06T00:00:00.000","Transitional Independent Living (TIL)","36","495","0.07"
"2023-11-07T00:00:00.000","Crisis Shelters","15","258","0.06"
"2023-11-07T00:00:00.000","Crisis Shelters (HYA)","3","35","0.09"
"2023-11-07T00:00:00.000","Transitional Independent Living (HYA)","0","25","0"
"2023-11-07T00:00:00.000","Transitional Independent Living (TIL)","36","495","0.07"
"2023-11-08T00:00:00.000","Crisis Shelters","12","258","0.05"
"2023-11-08T00:00:00.000","Crisis Shelters (HYA)","3","35","0.09"
"2023-11-08T00:00:00.000","Transitional Independent Living (HYA)","1","25","0.04"
"2023-11-08T00:00:00.000","Transitional Independent Living (TIL)","34","495","0.07"
"2023-11-09T00:00:00.000","Crisis Shelters","10","258","0.04"
"2023-11-09T00:00:00.000","Crisis Shelters (HYA)","2","35","0.06"
"2023-11-09T00:00:00.000","Transitional Independent Living (HYA)","0","25","0"
"2023-11-09T00:00:00.000","Transitional Independent Living (TIL)","34","495","0.07"
"2023-11-10T00:00:00.000","Crisis Shelters","16","258","0.06"
"2023-11-10T00:00:00.000","Crisis Shelters (HYA)","4","35","0.11"
"2023-11-10T00:00:00.000","Transitional Independent Living (HYA)","0","25","0"
"2023-11-10T00:00:00.000","Transitional Independent Living (TIL)","34","495","0.07"
"2023-11-11T00:00:00.000","Crisis Shelters","15","258","0.06"
"2023-11-11T00:00:00.000","Crisis Shelters (HYA)","2","35","0.06"
"2023-11-11T00:00:00.000","Transitional Independent Living (HYA)","0","25","0"
"2023-11-11T00:00:00.000","Transitional Independent Living (TIL)","36","495","0.07"
"2023-11-12T00:00:00.000","Crisis Shelters","18","258","0.07"
"2023-11-12T00:00:00.000","Crisis Shelters (HYA)","1","35","0.03"
"2023-11-12T00:00:00.000","Transitional Independent Living (HYA)","0","25","0"
"2023-11-12T00:00:00.000","Transitional Independent Living (TIL)","37","495","0.07"
"2023-11-13T00:00:00.000","Crisis Shelters","20","258","0.08"
"2023-11-13T00:00:00.000","Crisis Shelters (HYA)","1","35","0.03"
"2023-11-13T00:00:00.000","Transitional Independent Living (HYA)","0","25","0"
"2023-11-13T00:00:00.000","Transitional Independent Living (TIL)","34","495","0.07"
"2023-11-14T00:00:00.000","Crisis Shelters","15","258","0.06"
"2023-11-14T00:00:00.000","Crisis Shelters (HYA)","1","35","0.03"
"2023-11-14T00:00:00.000","Transitional Independent Living (HYA)","0","25","0"
"2023-11-14T00:00:00.000","Transitional Independent Living (TIL)","28","495","0.06"
"2023-11-15T00:00:00.000","Crisis Shelters","15","258","0.06"
"2023-11-15T00:00:00.000","Crisis Shelters (HYA)","2","35","0.06"
"2023-11-15T00:00:00.000","Transitional Independent Living (HYA)","0","25","0"
"2023-11-15T00:00:00.000","Transitional Independent Living (TIL)","25","495","0.05"
"2023-11-16T00:00:00.000","Crisis Shelters","19","258","0.07"
"2023-11-16T00:00:00.000","Crisis Shelters (HYA)","2","35","0.06"
"2023-11-16T00:00:00.000","Transitional Independent Living (HYA)","0","25","0"
"2023-11-16T00:00:00.000","Transitional Independent Living (TIL)","24","495","0.05"
"2023-11-17T00:00:00.000","Crisis Shelters","21","258","0.08"
"2023-11-17T00:00:00.000","Crisis Shelters (HYA)","1","35","0.03"
"2023-11-17T00:00:00.000","Transitional Independent Living (HYA)","0","25","0"
"2023-11-17T00:00:00.000","Transitional Independent Living (TIL)","27","495","0.05"
"2023-11-18T00:00:00.000","Crisis Shelters","19","258","0.07"
"2023-11-18T00:00:00.000","Crisis Shelters (HYA)","2","35","0.06"
"2023-11-18T00:00:00.000","Transitional Independent Living (HYA)","0","25","0"
"2023-11-18T00:00:00.000","Transitional Independent Living (TIL)","27","495","0.05"
"2023-11-19T00:00:00.000","Crisis Shelters","19","258","0.07"
"2023-11-19T00:00:00.000","Crisis Shelters (HYA)","1","35","0.03"
"2023-11-19T00:00:00.000","Transitional Independent Living (HYA)","0","25","0"
"2023-11-19T00:00:00.000","Transitional Independent Living (TIL)","27","495","0.05"
"2023-11-20T00:00:00.000","Crisis Shelters","22","258","0.09"
"2023-11-20T00:00:00.000","Crisis Shelters (HYA)","1","35","0.03"
"2023-11-20T00:00:00.000","Transitional Independent Living (HYA)","0","25","0"
"2023-11-20T00:00:00.000","Transitional Independent Living (TIL)","27","495","0.05"
"2023-11-21T00:00:00.000","Crisis Shelters","23","258","0.09"
"2023-11-21T00:00:00.000","Crisis Shelters (HYA)","0","35","0"
"2023-11-21T00:00:00.000","Transitional Independent Living (HYA)","0","25","0"
"2023-11-21T00:00:00.000","Transitional Independent Living (TIL)","27","495","0.05"
"2023-11-22T00:00:00.000","Crisis Shelters","20","258","0.08"
"2023-11-22T00:00:00.000","Crisis Shelters (HYA)","0","35","0"
"2023-11-22T00:00:00.000","Transitional Independent Living (HYA)","0","25","0"
"2023-11-22T00:00:00.000","Transitional Independent Living (TIL)","27","495","0.05"
"2023-11-23T00:00:00.000","Crisis Shelters","15","258","0.06"
"2023-11-23T00:00:00.000","Crisis Shelters (HYA)","0","35","0"
"2023-11-23T00:00:00.000","Transitional Independent Living (HYA)","0","25","0"
"2023-11-23T00:00:00.000","Transitional Independent Living (TIL)","29","495","0.06"
"2023-11-24T00:00:00.000","Crisis Shelters","17","258","0.07"
"2023-11-24T00:00:00.000","Crisis Shelters (HYA)","1","35","0.03"
"2023-11-24T00:00:00.000","Transitional Independent Living (HYA)","0","25","0"
"2023-11-24T00:00:00.000","Transitional Independent Living (TIL)","28","495","0.06"
"2023-11-25T00:00:00.000","Crisis Shelters","17","258","0.07"
"2023-11-25T00:00:00.000","Crisis Shelters (HYA)","1","35","0.03"
"2023-11-25T00:00:00.000","Transitional Independent Living (HYA)","0","25","0"
"2023-11-25T00:00:00.000","Transitional Independent Living (TIL)","28","495","0.06"
"2023-11-26T00:00:00.000","Crisis Shelters","19","258","0.07"
"2023-11-26T00:00:00.000","Crisis Shelters (HYA)","2","35","0.06"
"2023-11-26T00:00:00.000","Transitional Independent Living (HYA)","0","25","0"
"2023-11-26T00:00:00.000","Transitional Independent Living (TIL)","27","495","0.05"
"2023-11-27T00:00:00.000","Crisis Shelters","18","258","0.07"
"2023-11-27T00:00:00.000","Crisis Shelters (HYA)","5","35","0.14"
"2023-11-27T00:00:00.000","Transitional Independent Living (HYA)","0","25","0"
"2023-11-27T00:00:00.000","Transitional Independent Living (TIL)","31","495","0.06"
"2023-11-28T00:00:00.000","Crisis Shelters","19","258","0.07"
"2023-11-28T00:00:00.000","Crisis Shelters (HYA)","3","35","0.09"
"2023-11-28T00:00:00.000","Transitional Independent Living (HYA)","0","25","0"
"2023-11-28T00:00:00.000","Transitional Independent Living (TIL)","33","495","0.07"
"2023-11-29T00:00:00.000","Crisis Shelters","24","258","0.09"
"2023-11-29T00:00:00.000","Crisis Shelters (HYA)","1","35","0.03"
"2023-11-29T00:00:00.000","Transitional Independent Living (HYA)","0","25","0"
"2023-11-29T00:00:00.000","Transitional Independent Living (TIL)","34","495","0.07"
"2023-11-30T00:00:00.000","Crisis Shelters","25","258","0.1"
"2023-11-30T00:00:00.000","Crisis Shelters (HYA)","1","35","0.03"
"2023-11-30T00:00:00.000","Transitional Independent Living (HYA)","0","25","0"
"2023-11-30T00:00:00.000","Transitional Independent Living (TIL)","28","495","0.06"
"2023-12-01T00:00:00.000","Crisis Shelters","21","258","0.08"
"2023-12-01T00:00:00.000","Crisis Shelters (HYA)","2","35","0.06"
"2023-12-01T00:00:00.000","Transitional Independent Living (HYA)","0","25","0"
"2023-12-01T00:00:00.000","Transitional Independent Living (TIL)","29","495","0.06"
"2023-12-02T00:00:00.000","Crisis Shelters","23","258","0.09"
"2023-12-02T00:00:00.000","Crisis Shelters (HYA)","2","35","0.06"
"2023-12-02T00:00:00.000","Transitional Independent Living (HYA)","0","25","0"
"2023-12-02T00:00:00.000","Transitional Independent Living (TIL)","27","495","0.05"
"2023-12-03T00:00:00.000","Crisis Shelters","20","258","0.08"
"2023-12-03T00:00:00.000","Crisis Shelters (HYA)","2","35","0.06"
"2023-12-03T00:00:00.000","Transitional Independent Living (HYA)","0","25","0"
"2023-12-03T00:00:00.000","Transitional Independent Living (TIL)","27","495","0.05"
"2023-12-04T00:00:00.000","Crisis Shelters","18","258","0.07"
"2023-12-04T00:00:00.000","Crisis Shelters (HYA)","1","35","0.03"
"2023-12-04T00:00:00.000","Transitional Independent Living (HYA)","0","25","0"
"2023-12-04T00:00:00.000","Transitional Independent Living (TIL)","28","495","0.06"
"2023-12-05T00:00:00.000","Crisis Shelters","14","258","0.05"
"2023-12-05T00:00:00.000","Crisis Shelters (HYA)","0","35","0"
"2023-12-05T00:00:00.000","Transitional Independent Living (HYA)","0","25","0"
"2023-12-05T00:00:00.000","Transitional Independent Living (TIL)","26","495","0.05"
"2023-12-06T00:00:00.000","Crisis Shelters","15","258","0.06"
"2023-12-06T00:00:00.000","Crisis Shelters (HYA)","0","35","0"
"2023-12-06T00:00:00.000","Transitional Independent Living (HYA)","1","25","0.04"
"2023-12-06T00:00:00.000","Transitional Independent Living (TIL)","22","495","0.04"
"2023-12-07T00:00:00.000","Crisis Shelters","13","258","0.05"
"2023-12-07T00:00:00.000","Crisis Shelters (HYA)","1","35","0.03"
"2023-12-07T00:00:00.000","Transitional Independent Living (HYA)","1","25","0.04"
"2023-12-07T00:00:00.000","Transitional Independent Living (TIL)","22","495","0.04"
"2023-12-08T00:00:00.000","Crisis Shelters","14","258","0.05"
"2023-12-08T00:00:00.000","Crisis Shelters (HYA)","0","35","0"
"2023-12-08T00:00:00.000","Transitional Independent Living (HYA)","1","25","0.04"
"2023-12-08T00:00:00.000","Transitional Independent Living (TIL)","24","495","0.05"
"2023-12-09T00:00:00.000","Crisis Shelters","15","258","0.06"
"2023-12-09T00:00:00.000","Crisis Shelters (HYA)","0","35","0"
"2023-12-09T00:00:00.000","Transitional Independent Living (HYA)","1","25","0.04"
"2023-12-09T00:00:00.000","Transitional Independent Living (TIL)","24","495","0.05"
"2023-12-10T00:00:00.000","Crisis Shelters","18","258","0.07"
"2023-12-10T00:00:00.000","Crisis Shelters (HYA)","0","35","0"
"2023-12-10T00:00:00.000","Transitional Independent Living (HYA)","1","25","0.04"
"2023-12-10T00:00:00.000","Transitional Independent Living (TIL)","25","495","0.05"
"2023-12-11T00:00:00.000","Crisis Shelters","17","258","0.07"
"2023-12-11T00:00:00.000","Crisis Shelters (HYA)","0","35","0"
"2023-12-11T00:00:00.000","Transitional Independent Living (HYA)","1","25","0.04"
"2023-12-11T00:00:00.000","Transitional Independent Living (TIL)","26","495","0.05"
"2023-12-12T00:00:00.000","Crisis Shelters","19","258","0.07"
"2023-12-12T00:00:00.000","Crisis Shelters (HYA)","3","35","0.09"
"2023-12-12T00:00:00.000","Transitional Independent Living (HYA)","1","25","0.04"
"2023-12-12T00:00:00.000","Transitional Independent Living (TIL)","26","495","0.05"
"2023-12-13T00:00:00.000","Crisis Shelters","22","258","0.09"
"2023-12-13T00:00:00.000","Crisis Shelters (HYA)","1","35","0.03"
"2023-12-13T00:00:00.000","Transitional Independent Living (HYA)","2","25","0.08"
"2023-12-13T00:00:00.000","Transitional Independent Living (TIL)","28","495","0.06"
"2023-12-14T00:00:00.000","Crisis Shelters","22","258","0.09"
"2023-12-14T00:00:00.000","Crisis Shelters (HYA)","1","35","0.03"
"2023-12-14T00:00:00.000","Transitional Independent Living (HYA)","1","25","0.04"
"2023-12-14T00:00:00.000","Transitional Independent Living (TIL)","28","495","0.06"
"2023-12-15T00:00:00.000","Crisis Shelters","20","258","0.08"
"2023-12-15T00:00:00.000","Crisis Shelters (HYA)","0","35","0"
"2023-12-15T00:00:00.000","Transitional Independent Living (HYA)","1","25","0.04"
"2023-12-15T00:00:00.000","Transitional Independent Living (TIL)","29","495","0.06"
"2023-12-16T00:00:00.000","Crisis Shelters","21","258","0.08"
"2023-12-16T00:00:00.000","Crisis Shelters (HYA)","0","35","0"
"2023-12-16T00:00:00.000","Transitional Independent Living (HYA)","1","25","0.04"
"2023-12-16T00:00:00.000","Transitional Independent Living (TIL)","27","495","0.05"
"2023-12-17T00:00:00.000","Crisis Shelters","21","258","0.08"
"2023-12-17T00:00:00.000","Crisis Shelters (HYA)","0","35","0"
"2023-12-17T00:00:00.000","Transitional Independent Living (HYA)","1","25","0.04"
"2023-12-17T00:00:00.000","Transitional Independent Living (TIL)","32","495","0.06"
"2023-12-18T00:00:00.000","Crisis Shelters","26","258","0.1"
"2023-12-18T00:00:00.000","Crisis Shelters (HYA)","0","35","0"
"2023-12-18T00:00:00.000","Transitional Independent Living (HYA)","1","25","0.04"
"2023-12-18T00:00:00.000","Transitional Independent Living (TIL)","29","495","0.06"
"2023-12-19T00:00:00.000","Crisis Shelters","24","258","0.09"
"2023-12-19T00:00:00.000","Crisis Shelters (HYA)","4","35","0.11"
"2023-12-19T00:00:00.000","Transitional Independent Living (HYA)","1","25","0.04"
"2023-12-19T00:00:00.000","Transitional Independent Living (TIL)","27","495","0.05"
"2023-12-20T00:00:00.000","Crisis Shelters","28","258","0.11"
"2023-12-20T00:00:00.000","Crisis Shelters (HYA)","3","35","0.09"
"2023-12-20T00:00:00.000","Transitional Independent Living (HYA)","1","25","0.04"
"2023-12-20T00:00:00.000","Transitional Independent Living (TIL)","27","495","0.05"
"2023-12-21T00:00:00.000","Crisis Shelters","28","258","0.11"
"2023-12-21T00:00:00.000","Crisis Shelters (HYA)","2","35","0.06"
"2023-12-21T00:00:00.000","Transitional Independent Living (HYA)","1","25","0.04"
"2023-12-21T00:00:00.000","Transitional Independent Living (TIL)","28","495","0.06"
"2023-12-22T00:00:00.000","Crisis Shelters","28","258","0.11"
"2023-12-22T00:00:00.000","Crisis Shelters (HYA)","1","35","0.03"
"2023-12-22T00:00:00.000","Transitional Independent Living (HYA)","0","25","0"
"2023-12-22T00:00:00.000","Transitional Independent Living (TIL)","23","495","0.05"
"2023-12-23T00:00:00.000","Crisis Shelters","28","258","0.11"
"2023-12-23T00:00:00.000","Crisis Shelters (HYA)","1","35","0.03"
"2023-12-23T00:00:00.000","Transitional Independent Living (HYA)","0","25","0"
"2023-12-23T00:00:00.000","Transitional Independent Living (TIL)","26","495","0.05"
"2023-12-24T00:00:00.000","Crisis Shelters","29","258","0.11"
"2023-12-24T00:00:00.000","Crisis Shelters (HYA)","1","35","0.03"
"2023-12-24T00:00:00.000","Transitional Independent Living (HYA)","1","25","0.04"
"2023-12-24T00:00:00.000","Transitional Independent Living (TIL)","25","495","0.05"
"2023-12-25T00:00:00.000","Crisis Shelters","25","258","0.1"
"2023-12-25T00:00:00.000","Crisis Shelters (HYA)","1","35","0.03"
"2023-12-25T00:00:00.000","Transitional Independent Living (HYA)","1","25","0.04"
"2023-12-25T00:00:00.000","Transitional Independent Living (TIL)","26","495","0.05"
"2023-12-26T00:00:00.000","Crisis Shelters","34","258","0.13"
"2023-12-26T00:00:00.000","Crisis Shelters (HYA)","2","35","0.06"
"2023-12-26T00:00:00.000","Transitional Independent Living (HYA)","1","25","0.04"
"2023-12-26T00:00:00.000","Transitional Independent Living (TIL)","27","495","0.05"
"2023-12-27T00:00:00.000","Crisis Shelters","28","258","0.11"
"2023-12-27T00:00:00.000","Crisis Shelters (HYA)","1","35","0.03"
"2023-12-27T00:00:00.000","Transitional Independent Living (HYA)","0","25","0"
"2023-12-27T00:00:00.000","Transitional Independent Living (TIL)","29","495","0.06"
"2023-12-28T00:00:00.000","Crisis Shelters","28","258","0.11"
"2023-12-28T00:00:00.000","Crisis Shelters (HYA)","1","35","0.03"
"2023-12-28T00:00:00.000","Transitional Independent Living (HYA)","0","25","0"
"2023-12-28T00:00:00.000","Transitional Independent Living (TIL)","29","495","0.06"
"2023-12-29T00:00:00.000","Crisis Shelters","32","258","0.12"
"2023-12-29T00:00:00.000","Crisis Shelters (HYA)","1","35","0.03"
"2023-12-29T00:00:00.000","Transitional Independent Living (HYA)","0","25","0"
"2023-12-29T00:00:00.000","Transitional Independent Living (TIL)","28","495","0.06"
"2023-12-30T00:00:00.000","Crisis Shelters","29","258","0.11"
"2023-12-30T00:00:00.000","Crisis Shelters (HYA)","1","35","0.03"
"2023-12-30T00:00:00.000","Transitional Independent Living (HYA)","0","25","0"
"2023-12-30T00:00:00.000","Transitional Independent Living (TIL)","34","495","0.07"
"2023-12-31T00:00:00.000","Crisis Shelters","30","258","0.12"
"2023-12-31T00:00:00.000","Crisis Shelters (HYA)","1","35","0.03"
"2023-12-31T00:00:00.000","Transitional Independent Living (HYA)","0","25","0"
"2023-12-31T00:00:00.000","Transitional Independent Living (TIL)","35","495","0.07"
"2024-01-01T00:00:00.000","Crisis Shelters","26","258","0.1"
"2024-01-01T00:00:00.000","Crisis Shelters (HYA)","1","35","0.03"
"2024-01-01T00:00:00.000","Transitional Independent Living (HYA)","0","25","0"
"2024-01-01T00:00:00.000","Transitional Independent Living (TIL)","35","495","0.07"
"2024-01-02T00:00:00.000","Crisis Shelters","24","258","0.09"
"2024-01-02T00:00:00.000","Crisis Shelters (HYA)","1","35","0.03"
"2024-01-02T00:00:00.000","Transitional Independent Living (HYA)","2","25","0.08"
"2024-01-02T00:00:00.000","Transitional Independent Living (TIL)","36","495","0.07"
"2024-01-03T00:00:00.000","Crisis Shelters","26","258","0.1"
"2024-01-03T00:00:00.000","Crisis Shelters (HYA)","0","35","0"
"2024-01-03T00:00:00.000","Transitional Independent Living (HYA)","1","25","0.04"
"2024-01-03T00:00:00.000","Transitional Independent Living (TIL)","35","495","0.07"
"2024-01-04T00:00:00.000","Crisis Shelters","24","258","0.09"
"2024-01-04T00:00:00.000","Crisis Shelters (HYA)","0","35","0"
"2024-01-04T00:00:00.000","Transitional Independent Living (HYA)","0","25","0"
"2024-01-04T00:00:00.000","Transitional Independent Living (TIL)","34","495","0.07"
"2024-01-05T00:00:00.000","Crisis Shelters","26","258","0.1"
"2024-01-05T00:00:00.000","Crisis Shelters (HYA)","0","35","0"
"2024-01-05T00:00:00.000","Transitional Independent Living (HYA)","0","25","0"
"2024-01-05T00:00:00.000","Transitional Independent Living (TIL)","36","495","0.07"
"2024-01-06T00:00:00.000","Crisis Shelters","24","258","0.09"
"2024-01-06T00:00:00.000","Crisis Shelters (HYA)","0","35","0"
"2024-01-06T00:00:00.000","Transitional Independent Living (HYA)","0","25","0"
"2024-01-06T00:00:00.000","Transitional Independent Living (TIL)","35","495","0.07"
"2024-01-07T00:00:00.000","Crisis Shelters","24","258","0.09"
"2024-01-07T00:00:00.000","Crisis Shelters (HYA)","0","35","0"
"2024-01-07T00:00:00.000","Transitional Independent Living (HYA)","0","25","0"
"2024-01-07T00:00:00.000","Transitional Independent Living (TIL)","37","495","0.07"
"2024-01-08T00:00:00.000","Crisis Shelters","20","258","0.08"
"2024-01-08T00:00:00.000","Crisis Shelters (HYA)","4","35","0.11"
"2024-01-08T00:00:00.000","Transitional Independent Living (HYA)","0","25","0"
"2024-01-08T00:00:00.000","Transitional Independent Living (TIL)","36","495","0.07"
"2024-01-09T00:00:00.000","Crisis Shelters","22","258","0.09"
"2024-01-09T00:00:00.000","Crisis Shelters (HYA)","3","35","0.09"
"2024-01-09T00:00:00.000","Transitional Independent Living (HYA)","0","25","0"
"2024-01-09T00:00:00.000","Transitional Independent Living (TIL)","38","495","0.08"
"2024-01-10T00:00:00.000","Crisis Shelters","23","258","0.09"
"2024-01-10T00:00:00.000","Crisis Shelters (HYA)","3","35","0.09"
"2024-01-10T00:00:00.000","Transitional Independent Living (HYA)","0","25","0"
"2024-01-10T00:00:00.000","Transitional Independent Living (TIL)","34","495","0.07"
"2024-01-11T00:00:00.000","Crisis Shelters","19","258","0.07"
"2024-01-11T00:00:00.000","Crisis Shelters (HYA)","2","35","0.06"
"2024-01-11T00:00:00.000","Transitional Independent Living (HYA)","0","25","0"
"2024-01-11T00:00:00.000","Transitional Independent Living (TIL)","35","495","0.07"
"2024-01-12T00:00:00.000","Crisis Shelters","25","258","0.1"
"2024-01-12T00:00:00.000","Crisis Shelters (HYA)","3","35","0.09"
"2024-01-12T00:00:00.000","Transitional Independent Living (HYA)","0","25","0"
"2024-01-12T00:00:00.000","Transitional Independent Living (TIL)","36","495","0.07"
"2024-01-13T00:00:00.000","Crisis Shelters","19","258","0.07"
"2024-01-13T00:00:00.000","Crisis Shelters (HYA)","2","35","0.06"
"2024-01-13T00:00:00.000","Transitional Independent Living (HYA)","0","25","0"
"2024-01-13T00:00:00.000","Transitional Independent Living (TIL)","36","495","0.07"
"2024-01-14T00:00:00.000","Crisis Shelters","23","258","0.09"
"2024-01-14T00:00:00.000","Crisis Shelters (HYA)","2","35","0.06"
"2024-01-14T00:00:00.000","Transitional Independent Living (HYA)","0","25","0"
"2024-01-14T00:00:00.000","Transitional Independent Living (TIL)","36","495","0.07"
"2024-01-15T00:00:00.000","Crisis Shelters","20","258","0.08"
"2024-01-15T00:00:00.000","Crisis Shelters (HYA)","4","35","0.11"
"2024-01-15T00:00:00.000","Transitional Independent Living (HYA)","0","25","0"
"2024-01-15T00:00:00.000","Transitional Independent Living (TIL)","37","495","0.07"
"2024-01-16T00:00:00.000","Crisis Shelters","21","258","0.08"
"2024-01-16T00:00:00.000","Crisis Shelters (HYA)","2","35","0.06"
"2024-01-16T00:00:00.000","Transitional Independent Living (HYA)","0","25","0"
"2024-01-16T00:00:00.000","Transitional Independent Living (TIL)","38","495","0.08"
"2024-01-17T00:00:00.000","Crisis Shelters","26","258","0.1"
"2024-01-17T00:00:00.000","Crisis Shelters (HYA)","2","35","0.06"
"2024-01-17T00:00:00.000","Transitional Independent Living (HYA)","0","25","0"
"2024-01-17T00:00:00.000","Transitional Independent Living (TIL)","37","495","0.07"
"2024-01-18T00:00:00.000","Crisis Shelters","25","258","0.1"
"2024-01-18T00:00:00.000","Crisis Shelters (HYA)","5","35","0.14"
"2024-01-18T00:00:00.000","Transitional Independent Living (HYA)","0","25","0"
"2024-01-18T00:00:00.000","Transitional Independent Living (TIL)","36","495","0.07"
"2024-01-19T00:00:00.000","Crisis Shelters","22","258","0.09"
"2024-01-19T00:00:00.000","Crisis Shelters (HYA)","2","35","0.06"
"2024-01-19T00:00:00.000","Transitional Independent Living (HYA)","0","25","0"
"2024-01-19T00:00:00.000","Transitional Independent Living (TIL)","34","495","0.07"
"2024-01-20T00:00:00.000","Crisis Shelters","24","258","0.09"
"2024-01-20T00:00:00.000","Crisis Shelters (HYA)","2","35","0.06"
"2024-01-20T00:00:00.000","Transitional Independent Living (HYA)","0","25","0"
"2024-01-20T00:00:00.000","Transitional Independent Living (TIL)","38","495","0.08"
"2024-01-21T00:00:00.000","Crisis Shelters","28","258","0.11"
"2024-01-21T00:00:00.000","Crisis Shelters (HYA)","2","35","0.06"
"2024-01-21T00:00:00.000","Transitional Independent Living (HYA)","0","25","0"
"2024-01-21T00:00:00.000","Transitional Independent Living (TIL)","36","495","0.07"
"2024-01-22T00:00:00.000","Crisis Shelters","22","258","0.09"
"2024-01-22T00:00:00.000","Crisis Shelters (HYA)","1","35","0.03"
"2024-01-22T00:00:00.000","Transitional Independent Living (HYA)","0","25","0"
"2024-01-22T00:00:00.000","Transitional Independent Living (TIL)","35","495","0.07"
"2024-01-23T00:00:00.000","Crisis Shelters","19","258","0.07"
"2024-01-23T00:00:00.000","Crisis Shelters (HYA)","1","35","0.03"
"2024-01-23T00:00:00.000","Transitional Independent Living (HYA)","0","25","0"
"2024-01-23T00:00:00.000","Transitional Independent Living (TIL)","32","495","0.06"
"2024-01-24T00:00:00.000","Crisis Shelters","18","258","0.07"
"2024-01-24T00:00:00.000","Crisis Shelters (HYA)","1","35","0.03"
"2024-01-24T00:00:00.000","Transitional Independent Living (HYA)","0","25","0"
"2024-01-24T00:00:00.000","Transitional Independent Living (TIL)","32","495","0.06"
"2024-01-25T00:00:00.000","Crisis Shelters","17","258","0.07"
"2024-01-25T00:00:00.000","Crisis Shelters (HYA)","0","35","0"
"2024-01-25T00:00:00.000","Transitional Independent Living (HYA)","0","25","0"
"2024-01-25T00:00:00.000","Transitional Independent Living (TIL)","31","495","0.06"
"2024-01-26T00:00:00.000","Crisis Shelters","20","258","0.08"
"2024-01-26T00:00:00.000","Crisis Shelters (HYA)","1","35","0.03"
"2024-01-26T00:00:00.000","Transitional Independent Living (HYA)","0","25","0"
"2024-01-26T00:00:00.000","Transitional Independent Living (TIL)","28","495","0.06"
"2024-01-27T00:00:00.000","Crisis Shelters","18","258","0.07"
"2024-01-27T00:00:00.000","Crisis Shelters (HYA)","0","35","0"
"2024-01-27T00:00:00.000","Transitional Independent Living (HYA)","0","25","0"
"2024-01-27T00:00:00.000","Transitional Independent Living (TIL)","28","495","0.06"
"2024-01-28T00:00:00.000","Crisis Shelters","15","258","0.06"
"2024-01-28T00:00:00.000","Crisis Shelters (HYA)","0","35","0"
"2024-01-28T00:00:00.000","Transitional Independent Living (HYA)","0","25","0"
"2024-01-28T00:00:00.000","Transitional Independent Living (TIL)","29","495","0.06"
"2024-01-29T00:00:00.000","Crisis Shelters","16","258","0.06"
"2024-01-29T00:00:00.000","Crisis Shelters (HYA)","1","35","0.03"
"2024-01-29T00:00:00.000","Transitional Independent Living (HYA)","0","25","0"
"2024-01-29T00:00:00.000","Transitional Independent Living (TIL)","30","495","0.06"
"2024-01-30T00:00:00.000","Crisis Shelters","16","258","0.06"
"2024-01-30T00:00:00.000","Crisis Shelters (HYA)","0","35","0"
"2024-01-30T00:00:00.000","Transitional Independent Living (HYA)","0","25","0"
"2024-01-30T00:00:00.000","Transitional Independent Living (TIL)","28","495","0.06"
"2024-01-31T00:00:00.000","Crisis Shelters","19","258","0.07"
"2024-01-31T00:00:00.000","Crisis Shelters (HYA)","1","35","0.03"
"2024-01-31T00:00:00.000","Transitional Independent Living (HYA)","0","25","0"
"2024-01-31T00:00:00.000","Transitional Independent Living (TIL)","28","495","0.06"
"2024-02-01T00:00:00.000","Crisis Shelters","25","258","0.1"
"2024-02-01T00:00:00.000","Crisis Shelters (HYA)","2","35","0.06"
"2024-02-01T00:00:00.000","Transitional Independent Living (HYA)","0","25","0"
"2024-02-01T00:00:00.000","Transitional Independent Living (TIL)","32","495","0.06"
"2024-02-02T00:00:00.000","Crisis Shelters","21","258","0.08"
"2024-02-02T00:00:00.000","Crisis Shelters (HYA)","1","35","0.03"
"2024-02-02T00:00:00.000","Transitional Independent Living (HYA)","1","25","0.04"
"2024-02-02T00:00:00.000","Transitional Independent Living (TIL)","32","495","0.06"
"2024-02-03T00:00:00.000","Crisis Shelters","19","258","0.07"
"2024-02-03T00:00:00.000","Crisis Shelters (HYA)","1","35","0.03"
"2024-02-03T00:00:00.000","Transitional Independent Living (HYA)","1","25","0.04"
"2024-02-03T00:00:00.000","Transitional Independent Living (TIL)","33","495","0.07"
"2024-02-04T00:00:00.000","Crisis Shelters","20","258","0.08"
"2024-02-04T00:00:00.000","Crisis Shelters (HYA)","2","35","0.06"
"2024-02-04T00:00:00.000","Transitional Independent Living (HYA)","0","25","0"
"2024-02-04T00:00:00.000","Transitional Independent Living (TIL)","33","495","0.07"
"2024-02-05T00:00:00.000","Crisis Shelters","21","258","0.08"
"2024-02-05T00:00:00.000","Crisis Shelters (HYA)","1","35","0.03"
"2024-02-05T00:00:00.000","Transitional Independent Living (HYA)","1","25","0.04"
"2024-02-05T00:00:00.000","Transitional Independent Living (TIL)","31","495","0.06"
"2024-02-06T00:00:00.000","Crisis Shelters","16","258","0.06"
"2024-02-06T00:00:00.000","Crisis Shelters (HYA)","1","35","0.03"
"2024-02-06T00:00:00.000","Transitional Independent Living (HYA)","1","25","0.04"
"2024-02-06T00:00:00.000","Transitional Independent Living (TIL)","31","495","0.06"
"2024-02-07T00:00:00.000","Crisis Shelters","13","258","0.05"
"2024-02-07T00:00:00.000","Crisis Shelters (HYA)","0","35","0"
"2024-02-07T00:00:00.000","Transitional Independent Living (HYA)","1","25","0.04"
"2024-02-07T00:00:00.000","Transitional Independent Living (TIL)","33","495","0.07"
"2024-02-08T00:00:00.000","Crisis Shelters","16","258","0.06"
"2024-02-08T00:00:00.000","Crisis Shelters (HYA)","0","35","0"
"2024-02-08T00:00:00.000","Transitional Independent Living (HYA)","0","25","0"
"2024-02-08T00:00:00.000","Transitional Independent Living (TIL)","34","495","0.07"
"2024-02-09T00:00:00.000","Crisis Shelters","14","258","0.05"
"2024-02-09T00:00:00.000","Crisis Shelters (HYA)","0","35","0"
"2024-02-09T00:00:00.000","Transitional Independent Living (HYA)","1","25","0.04"
"2024-02-09T00:00:00.000","Transitional Independent Living (TIL)","36","495","0.07"
"2024-02-10T00:00:00.000","Crisis Shelters","14","258","0.05"
"2024-02-10T00:00:00.000","Crisis Shelters (HYA)","1","35","0.03"
"2024-02-10T00:00:00.000","Transitional Independent Living (HYA)","1","25","0.04"
"2024-02-10T00:00:00.000","Transitional Independent Living (TIL)","36","495","0.07"
"2024-02-11T00:00:00.000","Crisis Shelters","17","258","0.07"
"2024-02-11T00:00:00.000","Crisis Shelters (HYA)","1","35","0.03"
"2024-02-11T00:00:00.000","Transitional Independent Living (HYA)","0","25","0"
"2024-02-11T00:00:00.000","Transitional Independent Living (TIL)","36","495","0.07"
"2024-02-12T00:00:00.000","Crisis Shelters","19","258","0.07"
"2024-02-12T00:00:00.000","Crisis Shelters (HYA)","0","35","0"
"2024-02-12T00:00:00.000","Transitional Independent Living (HYA)","0","25","0"
"2024-02-12T00:00:00.000","Transitional Independent Living (TIL)","38","495","0.08"
"2024-02-13T00:00:00.000","Crisis Shelters","18","258","0.07"
"2024-02-13T00:00:00.000","Crisis Shelters (HYA)","0","35","0"
"2024-02-13T00:00:00.000","Transitional Independent Living (HYA)","0","25","0"
"2024-02-13T00:00:00.000","Transitional Independent Living (TIL)","38","495","0.08"
"2024-02-14T00:00:00.000","Crisis Shelters","17","258","0.07"
"2024-02-14T00:00:00.000","Crisis Shelters (HYA)","0","35","0"
"2024-02-14T00:00:00.000","Transitional Independent Living (HYA)","0","25","0"
"2024-02-14T00:00:00.000","Transitional Independent Living (TIL)","34","495","0.07"
"2024-02-15T00:00:00.000","Crisis Shelters","13","258","0.05"
"2024-02-15T00:00:00.000","Crisis Shelters (HYA)","0","35","0"
"2024-02-15T00:00:00.000","Transitional Independent Living (HYA)","0","25","0"
"2024-02-15T00:00:00.000","Transitional Independent Living (TIL)","35","495","0.07"
"2024-02-16T00:00:00.000","Crisis Shelters","14","258","0.05"
"2024-02-16T00:00:00.000","Crisis Shelters (HYA)","0","35","0"
"2024-02-16T00:00:00.000","Transitional Independent Living (HYA)","0","25","0"
"2024-02-16T00:00:00.000","Transitional Independent Living (TIL)","31","495","0.06"
"2024-02-17T00:00:00.000","Crisis Shelters","16","258","0.06"
"2024-02-17T00:00:00.000","Crisis Shelters (HYA)","0","35","0"
"2024-02-17T00:00:00.000","Transitional Independent Living (HYA)","0","25","0"
"2024-02-17T00:00:00.000","Transitional Independent Living (TIL)","30","495","0.06"
"2024-02-18T00:00:00.000","Crisis Shelters","13","258","0.05"
"2024-02-18T00:00:00.000","Crisis Shelters (HYA)","0","35","0"
"2024-02-18T00:00:00.000","Transitional Independent Living (HYA)","0","25","0"
"2024-02-18T00:00:00.000","Transitional Independent Living (TIL)","31","495","0.06"
"2024-02-19T00:00:00.000","Crisis Shelters","13","258","0.05"
"2024-02-19T00:00:00.000","Crisis Shelters (HYA)","0","35","0"
"2024-02-19T00:00:00.000","Transitional Independent Living (HYA)","0","25","0"
"2024-02-19T00:00:00.000","Transitional Independent Living (TIL)","33","495","0.07"
"2024-02-20T00:00:00.000","Crisis Shelters","13","258","0.05"
"2024-02-20T00:00:00.000","Crisis Shelters (HYA)","0","35","0"
"2024-02-20T00:00:00.000","Transitional Independent Living (HYA)","0","25","0"
"2024-02-20T00:00:00.000","Transitional Independent Living (TIL)","31","495","0.06"
"2024-02-21T00:00:00.000","Crisis Shelters","17","258","0.07"
"2024-02-21T00:00:00.000","Crisis Shelters (HYA)","0","35","0"
"2024-02-21T00:00:00.000","Transitional Independent Living (HYA)","0","25","0"
"2024-02-21T00:00:00.000","Transitional Independent Living (TIL)","31","495","0.06"
"2024-02-22T00:00:00.000","Crisis Shelters","19","258","0.07"
"2024-02-22T00:00:00.000","Crisis Shelters (HYA)","0","35","0"
"2024-02-22T00:00:00.000","Transitional Independent Living (HYA)","0","25","0"
"2024-02-22T00:00:00.000","Transitional Independent Living (TIL)","33","495","0.07"
"2024-02-23T00:00:00.000","Crisis Shelters","18","258","0.07"
"2024-02-23T00:00:00.000","Crisis Shelters (HYA)","0","35","0"
"2024-02-23T00:00:00.000","Transitional Independent Living (HYA)","0","25","0"
"2024-02-23T00:00:00.000","Transitional Independent Living (TIL)","30","495","0.06"
"2024-02-24T00:00:00.000","Crisis Shelters","19","258","0.07"
"2024-02-24T00:00:00.000","Crisis Shelters (HYA)","0","35","0"
"2024-02-24T00:00:00.000","Transitional Independent Living (HYA)","0","25","0"
"2024-02-24T00:00:00.000","Transitional Independent Living (TIL)","30","495","0.06"
"2024-02-25T00:00:00.000","Crisis Shelters","18","258","0.07"
"2024-02-25T00:00:00.000","Crisis Shelters (HYA)","0","35","0"
"2024-02-25T00:00:00.000","Transitional Independent Living (HYA)","0","25","0"
"2024-02-25T00:00:00.000","Transitional Independent Living (TIL)","30","495","0.06"
"2024-02-26T00:00:00.000","Crisis Shelters","22","258","0.09"
"2024-02-26T00:00:00.000","Crisis Shelters (HYA)","0","35","0"
"2024-02-26T00:00:00.000","Transitional Independent Living (HYA)","0","25","0"
"2024-02-26T00:00:00.000","Transitional Independent Living (TIL)","33","495","0.07"
"2024-02-27T00:00:00.000","Crisis Shelters","19","258","0.07"
"2024-02-27T00:00:00.000","Crisis Shelters (HYA)","0","35","0"
"2024-02-27T00:00:00.000","Transitional Independent Living (HYA)","0","25","0"
"2024-02-27T00:00:00.000","Transitional Independent Living (TIL)","30","495","0.06"
"2024-02-28T00:00:00.000","Crisis Shelters","18","258","0.07"
"2024-02-28T00:00:00.000","Crisis Shelters (HYA)","0","35","0"
"2024-02-28T00:00:00.000","Transitional Independent Living (HYA)","0","25","0"
"2024-02-28T00:00:00.000","Transitional Independent Living (TIL)","29","495","0.06"
"2024-02-29T00:00:00.000","Crisis Shelters","16","258","0.06"
"2024-02-29T00:00:00.000","Crisis Shelters (HYA)","0","35","0"
"2024-02-29T00:00:00.000","Transitional Independent Living (HYA)","0","25","0"
"2024-02-29T00:00:00.000","Transitional Independent Living (TIL)","30","495","0.06"
"2024-03-01T00:00:00.000","Crisis Shelters","17","258","0.07"
"2024-03-01T00:00:00.000","Crisis Shelters (HYA)","0","35","0"
"2024-03-01T00:00:00.000","Transitional Independent Living (HYA)","0","25","0"
"2024-03-01T00:00:00.000","Transitional Independent Living (TIL)","32","495","0.06"
"2024-03-02T00:00:00.000","Crisis Shelters","16","258","0.06"
"2024-03-02T00:00:00.000","Crisis Shelters (HYA)","0","35","0"
"2024-03-02T00:00:00.000","Transitional Independent Living (HYA)","0","25","0"
"2024-03-02T00:00:00.000","Transitional Independent Living (TIL)","34","495","0.07"
"2024-03-03T00:00:00.000","Crisis Shelters","15","258","0.06"
"2024-03-03T00:00:00.000","Crisis Shelters (HYA)","0","35","0"
"2024-03-03T00:00:00.000","Transitional Independent Living (HYA)","0","25","0"
"2024-03-03T00:00:00.000","Transitional Independent Living (TIL)","34","495","0.07"
"2024-03-04T00:00:00.000","Crisis Shelters","16","258","0.06"
"2024-03-04T00:00:00.000","Crisis Shelters (HYA)","1","35","0.03"
"2024-03-04T00:00:00.000","Transitional Independent Living (HYA)","0","25","0"
"2024-03-04T00:00:00.000","Transitional Independent Living (TIL)","34","495","0.07"
"2024-03-05T00:00:00.000","Crisis Shelters","18","258","0.07"
"2024-03-05T00:00:00.000","Crisis Shelters (HYA)","1","35","0.03"
"2024-03-05T00:00:00.000","Transitional Independent Living (HYA)","0","25","0"
"2024-03-05T00:00:00.000","Transitional Independent Living (TIL)","37","495","0.07"
"2024-03-06T00:00:00.000","Crisis Shelters","17","258","0.07"
"2024-03-06T00:00:00.000","Crisis Shelters (HYA)","1","35","0.03"
"2024-03-06T00:00:00.000","Transitional Independent Living (HYA)","0","25","0"
"2024-03-06T00:00:00.000","Transitional Independent Living (TIL)","36","495","0.07"
"2024-03-07T00:00:00.000","Crisis Shelters","15","258","0.06"
"2024-03-07T00:00:00.000","Crisis Shelters (HYA)","1","35","0.03"
"2024-03-07T00:00:00.000","Transitional Independent Living (HYA)","0","25","0"
"2024-03-07T00:00:00.000","Transitional Independent Living (TIL)","32","495","0.06"
"2024-03-08T00:00:00.000","Crisis Shelters","18","258","0.07"
"2024-03-08T00:00:00.000","Crisis Shelters (HYA)","0","35","0"
"2024-03-08T00:00:00.000","Transitional Independent Living (HYA)","0","25","0"
"2024-03-08T00:00:00.000","Transitional Independent Living (TIL)","28","495","0.06"
"2024-03-09T00:00:00.000","Crisis Shelters","14","258","0.05"
"2024-03-09T00:00:00.000","Crisis Shelters (HYA)","0","35","0"
"2024-03-09T00:00:00.000","Transitional Independent Living (HYA)","0","25","0"
"2024-03-09T00:00:00.000","Transitional Independent Living (TIL)","28","495","0.06"
"2024-03-10T00:00:00.000","Crisis Shelters","16","258","0.06"
"2024-03-10T00:00:00.000","Crisis Shelters (HYA)","0","35","0"
"2024-03-10T00:00:00.000","Transitional Independent Living (HYA)","0","25","0"
"2024-03-10T00:00:00.000","Transitional Independent Living (TIL)","28","495","0.06"
"2024-03-11T00:00:00.000","Crisis Shelters","17","258","0.07"
"2024-03-11T00:00:00.000","Crisis Shelters (HYA)","0","35","0"
"2024-03-11T00:00:00.000","Transitional Independent Living (HYA)","0","25","0"
"2024-03-11T00:00:00.000","Transitional Independent Living (TIL)","26","495","0.05"
"2024-03-12T00:00:00.000","Crisis Shelters","18","258","0.07"
"2024-03-12T00:00:00.000","Crisis Shelters (HYA)","0","35","0"
"2024-03-12T00:00:00.000","Transitional Independent Living (HYA)","0","25","0"
"2024-03-12T00:00:00.000","Transitional Independent Living (TIL)","27","495","0.05"
"2024-03-13T00:00:00.000","Crisis Shelters","19","258","0.07"
"2024-03-13T00:00:00.000","Crisis Shelters (HYA)","0","35","0"
"2024-03-13T00:00:00.000","Transitional Independent Living (HYA)","0","25","0"
"2024-03-13T00:00:00.000","Transitional Independent Living (TIL)","29","495","0.06"
"2024-03-14T00:00:00.000","Crisis Shelters","21","258","0.08"
"2024-03-14T00:00:00.000","Crisis Shelters (HYA)","0","35","0"
"2024-03-14T00:00:00.000","Transitional Independent Living (HYA)","0","25","0"
"2024-03-14T00:00:00.000","Transitional Independent Living (TIL)","29","495","0.06"
"2024-03-15T00:00:00.000","Crisis Shelters","25","258","0.1"
"2024-03-15T00:00:00.000","Crisis Shelters (HYA)","0","35","0"
"2024-03-15T00:00:00.000","Transitional Independent Living (HYA)","0","25","0"
"2024-03-15T00:00:00.000","Transitional Independent Living (TIL)","27","495","0.05"
"2024-03-16T00:00:00.000","Crisis Shelters","30","258","0.12"
"2024-03-16T00:00:00.000","Crisis Shelters (HYA)","0","35","0"
"2024-03-16T00:00:00.000","Transitional Independent Living (HYA)","0","25","0"
"2024-03-16T00:00:00.000","Transitional Independent Living (TIL)","27","495","0.05"
"2024-03-17T00:00:00.000","Crisis Shelters","33","258","0.13"
"2024-03-17T00:00:00.000","Crisis Shelters (HYA)","1","35","0.03"
"2024-03-17T00:00:00.000","Transitional Independent Living (HYA)","0","25","0"
"2024-03-17T00:00:00.000","Transitional Independent Living (TIL)","27","495","0.05"
"2024-03-18T00:00:00.000","Crisis Shelters","26","258","0.1"
"2024-03-18T00:00:00.000","Crisis Shelters (HYA)","0","35","0"
"2024-03-18T00:00:00.000","Transitional Independent Living (HYA)","0","25","0"
"2024-03-18T00:00:00.000","Transitional Independent Living (TIL)","27","495","0.05"
"2024-03-19T00:00:00.000","Crisis Shelters","25","258","0.1"
"2024-03-19T00:00:00.000","Crisis Shelters (HYA)","0","35","0"
"2024-03-19T00:00:00.000","Transitional Independent Living (HYA)","0","25","0"
"2024-03-19T00:00:00.000","Transitional Independent Living (TIL)","30","495","0.06"
"2024-03-20T00:00:00.000","Crisis Shelters","25","258","0.1"
"2024-03-20T00:00:00.000","Crisis Shelters (HYA)","0","35","0"
"2024-03-20T00:00:00.000","Transitional Independent Living (HYA)","0","25","0"
"2024-03-20T00:00:00.000","Transitional Independent Living (TIL)","32","495","0.06"
"2024-03-21T00:00:00.000","Crisis Shelters","22","258","0.09"
"2024-03-21T00:00:00.000","Crisis Shelters (HYA)","0","35","0"
"2024-03-21T00:00:00.000","Transitional Independent Living (HYA)","0","25","0"
"2024-03-21T00:00:00.000","Transitional Independent Living (TIL)","28","495","0.06"
"2024-03-22T00:00:00.000","Crisis Shelters","21","258","0.08"
"2024-03-22T00:00:00.000","Crisis Shelters (HYA)","0","35","0"
"2024-03-22T00:00:00.000","Transitional Independent Living (HYA)","0","25","0"
"2024-03-22T00:00:00.000","Transitional Independent Living (TIL)","30","495","0.06"
"2024-03-23T00:00:00.000","Crisis Shelters","22","258","0.09"
"2024-03-23T00:00:00.000","Crisis Shelters (HYA)","0","35","0"
"2024-03-23T00:00:00.000","Transitional Independent Living (HYA)","0","25","0"
"2024-03-23T00:00:00.000","Transitional Independent Living (TIL)","30","495","0.06"
"2024-03-24T00:00:00.000","Crisis Shelters","24","258","0.09"
"2024-03-24T00:00:00.000","Crisis Shelters (HYA)","0","35","0"
"2024-03-24T00:00:00.000","Transitional Independent Living (HYA)","0","25","0"
"2024-03-24T00:00:00.000","Transitional Independent Living (TIL)","31","495","0.06"
"2024-03-25T00:00:00.000","Crisis Shelters","27","258","0.1"
"2024-03-25T00:00:00.000","Crisis Shelters (HYA)","0","35","0"
"2024-03-25T00:00:00.000","Transitional Independent Living (HYA)","0","25","0"
"2024-03-25T00:00:00.000","Transitional Independent Living (TIL)","27","495","0.05"
"2024-03-26T00:00:00.000","Crisis Shelters","23","258","0.09"
"2024-03-26T00:00:00.000","Crisis Shelters (HYA)","0","35","0"
"2024-03-26T00:00:00.000","Transitional Independent Living (HYA)","0","25","0"
"2024-03-26T00:00:00.000","Transitional Independent Living (TIL)","28","495","0.06"
"2024-03-27T00:00:00.000","Crisis Shelters","23","258","0.09"
"2024-03-27T00:00:00.000","Crisis Shelters (HYA)","0","35","0"
"2024-03-27T00:00:00.000","Transitional Independent Living (HYA)","0","25","0"
"2024-03-27T00:00:00.000","Transitional Independent Living (TIL)","28","495","0.06"
"2024-03-28T00:00:00.000","Crisis Shelters","18","258","0.07"
"2024-03-28T00:00:00.000","Crisis Shelters (HYA)","1","35","0.03"
"2024-03-28T00:00:00.000","Transitional Independent Living (HYA)","0","25","0"
"2024-03-28T00:00:00.000","Transitional Independent Living (TIL)","28","495","0.06"
"2024-03-29T00:00:00.000","Crisis Shelters","19","258","0.07"
"2024-03-29T00:00:00.000","Crisis Shelters (HYA)","3","35","0.09"
"2024-03-29T00:00:00.000","Transitional Independent Living (HYA)","0","25","0"
"2024-03-29T00:00:00.000","Transitional Independent Living (TIL)","27","495","0.05"
"2024-03-30T00:00:00.000","Crisis Shelters","22","258","0.09"
"2024-03-30T00:00:00.000","Crisis Shelters (HYA)","2","35","0.06"
"2024-03-30T00:00:00.000","Transitional Independent Living (HYA)","0","25","0"
"2024-03-30T00:00:00.000","Transitional Independent Living (TIL)","27","495","0.05"
"2024-03-31T00:00:00.000","Crisis Shelters","19","258","0.07"
"2024-03-31T00:00:00.000","Crisis Shelters (HYA)","2","35","0.06"
"2024-03-31T00:00:00.000","Transitional Independent Living (HYA)","0","25","0"
"2024-03-31T00:00:00.000","Transitional Independent Living (TIL)","27","495","0.05"
"2024-04-01T00:00:00.000","Crisis Shelters","22","258","0.09"
"2024-04-01T00:00:00.000","Crisis Shelters (HYA)","0","35","0"
"2024-04-01T00:00:00.000","Transitional Independent Living (HYA)","0","25","0"
"2024-04-01T00:00:00.000","Transitional Independent Living (TIL)","25","495","0.05"
"2024-04-02T00:00:00.000","Crisis Shelters","24","258","0.09"
"2024-04-02T00:00:00.000","Crisis Shelters (HYA)","1","35","0.03"
"2024-04-02T00:00:00.000","Transitional Independent Living (HYA)","0","25","0"
"2024-04-02T00:00:00.000","Transitional Independent Living (TIL)","25","495","0.05"
"2024-04-03T00:00:00.000","Crisis Shelters","22","258","0.09"
"2024-04-03T00:00:00.000","Crisis Shelters (HYA)","1","35","0.03"
"2024-04-03T00:00:00.000","Transitional Independent Living (HYA)","0","25","0"
"2024-04-03T00:00:00.000","Transitional Independent Living (TIL)","26","495","0.05"
"2024-04-04T00:00:00.000","Crisis Shelters","23","258","0.09"
"2024-04-04T00:00:00.000","Crisis Shelters (HYA)","1","35","0.03"
"2024-04-04T00:00:00.000","Transitional Independent Living (HYA)","0","25","0"
"2024-04-04T00:00:00.000","Transitional Independent Living (TIL)","26","495","0.05"
"2024-04-05T00:00:00.000","Crisis Shelters","27","258","0.1"
"2024-04-05T00:00:00.000","Crisis Shelters (HYA)","2","35","0.06"
"2024-04-05T00:00:00.000","Transitional Independent Living (HYA)","0","25","0"
"2024-04-05T00:00:00.000","Transitional Independent Living (TIL)","28","495","0.06"
"2024-04-06T00:00:00.000","Crisis Shelters","28","258","0.11"
"2024-04-06T00:00:00.000","Crisis Shelters (HYA)","4","35","0.11"
"2024-04-06T00:00:00.000","Transitional Independent Living (HYA)","0","25","0"
"2024-04-06T00:00:00.000","Transitional Independent Living (TIL)","28","495","0.06"
"2024-04-07T00:00:00.000","Crisis Shelters","29","258","0.11"
"2024-04-07T00:00:00.000","Crisis Shelters (HYA)","4","35","0.11"
"2024-04-07T00:00:00.000","Transitional Independent Living (HYA)","0","25","0"
"2024-04-07T00:00:00.000","Transitional Independent Living (TIL)","29","495","0.06"
"2024-04-08T00:00:00.000","Crisis Shelters","34","258","0.13"
"2024-04-08T00:00:00.000","Crisis Shelters (HYA)","3","35","0.09"
"2024-04-08T00:00:00.000","Transitional Independent Living (HYA)","0","25","0"
"2024-04-08T00:00:00.000","Transitional Independent Living (TIL)","27","495","0.05"
"2024-04-09T00:00:00.000","Crisis Shelters","29","258","0.11"
"2024-04-09T00:00:00.000","Crisis Shelters (HYA)","3","35","0.09"
"2024-04-09T00:00:00.000","Transitional Independent Living (HYA)","0","25","0"
"2024-04-09T00:00:00.000","Transitional Independent Living (TIL)","28","495","0.06"
"2024-04-10T00:00:00.000","Crisis Shelters","29","258","0.11"
"2024-04-10T00:00:00.000","Crisis Shelters (HYA)","1","35","0.03"
"2024-04-10T00:00:00.000","Transitional Independent Living (HYA)","0","25","0"
"2024-04-10T00:00:00.000","Transitional Independent Living (TIL)","26","495","0.05"
"2024-04-11T00:00:00.000","Crisis Shelters","26","258","0.1"
"2024-04-11T00:00:00.000","Crisis Shelters (HYA)","1","35","0.03"
"2024-04-11T00:00:00.000","Transitional Independent Living (HYA)","0","25","0"
"2024-04-11T00:00:00.000","Transitional Independent Living (TIL)","26","495","0.05"
"2024-04-12T00:00:00.000","Crisis Shelters","25","258","0.1"
"2024-04-12T00:00:00.000","Crisis Shelters (HYA)","1","35","0.03"
"2024-04-12T00:00:00.000","Transitional Independent Living (HYA)","0","25","0"
"2024-04-12T00:00:00.000","Transitional Independent Living (TIL)","28","495","0.06"
"2024-04-13T00:00:00.000","Crisis Shelters","25","258","0.1"
"2024-04-13T00:00:00.000","Crisis Shelters (HYA)","1","35","0.03"
"2024-04-13T00:00:00.000","Transitional Independent Living (HYA)","0","25","0"
"2024-04-13T00:00:00.000","Transitional Independent Living (TIL)","28","495","0.06"
"2024-04-14T00:00:00.000","Crisis Shelters","25","258","0.1"
"2024-04-14T00:00:00.000","Crisis Shelters (HYA)","1","35","0.03"
"2024-04-14T00:00:00.000","Transitional Independent Living (HYA)","0","25","0"
"2024-04-14T00:00:00.000","Transitional Independent Living (TIL)","29","495","0.06"
"2024-04-15T00:00:00.000","Crisis Shelters","27","258","0.1"
"2024-04-15T00:00:00.000","Crisis Shelters (HYA)","0","35","0"
"2024-04-15T00:00:00.000","Transitional Independent Living (HYA)","0","25","0"
"2024-04-15T00:00:00.000","Transitional Independent Living (TIL)","28","495","0.06"
"2024-04-16T00:00:00.000","Crisis Shelters","23","258","0.09"
"2024-04-16T00:00:00.000","Crisis Shelters (HYA)","0","35","0"
"2024-04-16T00:00:00.000","Transitional Independent Living (HYA)","0","25","0"
"2024-04-16T00:00:00.000","Transitional Independent Living (TIL)","27","495","0.05"
"2024-04-17T00:00:00.000","Crisis Shelters","20","258","0.08"
"2024-04-17T00:00:00.000","Crisis Shelters (HYA)","0","35","0"
"2024-04-17T00:00:00.000","Transitional Independent Living (HYA)","0","25","0"
"2024-04-17T00:00:00.000","Transitional Independent Living (TIL)","24","495","0.05"
"2024-04-18T00:00:00.000","Crisis Shelters","18","258","0.07"
"2024-04-18T00:00:00.000","Crisis Shelters (HYA)","1","35","0.03"
"2024-04-18T00:00:00.000","Transitional Independent Living (HYA)","0","25","0"
"2024-04-18T00:00:00.000","Transitional Independent Living (TIL)","25","495","0.05"
"2024-04-19T00:00:00.000","Crisis Shelters","22","258","0.09"
"2024-04-19T00:00:00.000","Crisis Shelters (HYA)","1","35","0.03"
"2024-04-19T00:00:00.000","Transitional Independent Living (HYA)","0","25","0"
"2024-04-19T00:00:00.000","Transitional Independent Living (TIL)","24","495","0.05"
"2024-04-20T00:00:00.000","Crisis Shelters","27","258","0.1"
"2024-04-20T00:00:00.000","Crisis Shelters (HYA)","1","35","0.03"
"2024-04-20T00:00:00.000","Transitional Independent Living (HYA)","0","25","0"
"2024-04-20T00:00:00.000","Transitional Independent Living (TIL)","23","495","0.05"
"2024-04-21T00:00:00.000","Crisis Shelters","29","258","0.11"
"2024-04-21T00:00:00.000","Crisis Shelters (HYA)","1","35","0.03"
"2024-04-21T00:00:00.000","Transitional Independent Living (HYA)","0","25","0"
"2024-04-21T00:00:00.000","Transitional Independent Living (TIL)","22","495","0.04"
"2024-04-22T00:00:00.000","Crisis Shelters","30","258","0.12"
"2024-04-22T00:00:00.000","Crisis Shelters (HYA)","0","35","0"
"2024-04-22T00:00:00.000","Transitional Independent Living (HYA)","0","25","0"
"2024-04-22T00:00:00.000","Transitional Independent Living (TIL)","23","495","0.05"
"2024-04-23T00:00:00.000","Crisis Shelters","32","258","0.12"
"2024-04-23T00:00:00.000","Crisis Shelters (HYA)","0","35","0"
"2024-04-23T00:00:00.000","Transitional Independent Living (HYA)","0","25","0"
"2024-04-23T00:00:00.000","Transitional Independent Living (TIL)","24","495","0.05"
"2024-04-24T00:00:00.000","Crisis Shelters","32","258","0.12"
"2024-04-24T00:00:00.000","Crisis Shelters (HYA)","0","35","0"
"2024-04-24T00:00:00.000","Transitional Independent Living (HYA)","0","25","0"
"2024-04-24T00:00:00.000","Transitional Independent Living (TIL)","26","495","0.05"
"2024-04-25T00:00:00.000","Crisis Shelters","32","258","0.12"
"2024-04-25T00:00:00.000","Crisis Shelters (HYA)","1","35","0.03"
"2024-04-25T00:00:00.000","Transitional Independent Living (HYA)","0","25","0"
"2024-04-25T00:00:00.000","Transitional Independent Living (TIL)","22","495","0.04"
"2024-04-26T00:00:00.000","Crisis Shelters","34","258","0.13"
"2024-04-26T00:00:00.000","Crisis Shelters (HYA)","0","35","0"
"2024-04-26T00:00:00.000","Transitional Independent Living (HYA)","0","25","0"
"2024-04-26T00:00:00.000","Transitional Independent Living (TIL)","22","495","0.04"
"2024-04-27T00:00:00.000","Crisis Shelters","36","258","0.14"
"2024-04-27T00:00:00.000","Crisis Shelters (HYA)","0","35","0"
"2024-04-27T00:00:00.000","Transitional Independent Living (HYA)","0","25","0"
"2024-04-27T00:00:00.000","Transitional Independent Living (TIL)","21","495","0.04"
"2024-04-28T00:00:00.000","Crisis Shelters","36","258","0.14"
"2024-04-28T00:00:00.000","Crisis Shelters (HYA)","1","35","0.03"
"2024-04-28T00:00:00.000","Transitional Independent Living (HYA)","0","25","0"
"2024-04-28T00:00:00.000","Transitional Independent Living (TIL)","21","495","0.04"
"2024-04-29T00:00:00.000","Crisis Shelters","27","258","0.1"
"2024-04-29T00:00:00.000","Crisis Shelters (HYA)","0","35","0"
"2024-04-29T00:00:00.000","Transitional Independent Living (HYA)","0","25","0"
"2024-04-29T00:00:00.000","Transitional Independent Living (TIL)","22","495","0.04"
"2024-04-30T00:00:00.000","Crisis Shelters","24","258","0.09"
"2024-04-30T00:00:00.000","Crisis Shelters (HYA)","0","35","0"
"2024-04-30T00:00:00.000","Transitional Independent Living (HYA)","0","25","0"
"2024-04-30T00:00:00.000","Transitional Independent Living (TIL)","21","495","0.04"
"2024-05-01T00:00:00.000","Crisis Shelters","24","258","0.09"
"2024-05-01T00:00:00.000","Crisis Shelters (HYA)","0","35","0"
"2024-05-01T00:00:00.000","Transitional Independent Living (HYA)","0","25","0"
"2024-05-01T00:00:00.000","Transitional Independent Living (TIL)","24","495","0.05"
"2024-05-02T00:00:00.000","Crisis Shelters","29","258","0.11"
"2024-05-02T00:00:00.000","Crisis Shelters (HYA)","0","35","0"
"2024-05-02T00:00:00.000","Transitional Independent Living (HYA)","0","25","0"
"2024-05-02T00:00:00.000","Transitional Independent Living (TIL)","23","495","0.05"
"2024-05-03T00:00:00.000","Crisis Shelters","26","258","0.1"
"2024-05-03T00:00:00.000","Crisis Shelters (HYA)","1","35","0.03"
"2024-05-03T00:00:00.000","Transitional Independent Living (HYA)","0","25","0"
"2024-05-03T00:00:00.000","Transitional Independent Living (TIL)","23","495","0.05"
"2024-05-04T00:00:00.000","Crisis Shelters","28","258","0.11"
"2024-05-04T00:00:00.000","Crisis Shelters (HYA)","1","35","0.03"
"2024-05-04T00:00:00.000","Transitional Independent Living (HYA)","0","25","0"
"2024-05-04T00:00:00.000","Transitional Independent Living (TIL)","22","495","0.04"
"2024-05-05T00:00:00.000","Crisis Shelters","31","258","0.12"
"2024-05-05T00:00:00.000","Crisis Shelters (HYA)","2","35","0.06"
"2024-05-05T00:00:00.000","Transitional Independent Living (HYA)","0","25","0"
"2024-05-05T00:00:00.000","Transitional Independent Living (TIL)","24","495","0.05"
"2024-05-06T00:00:00.000","Crisis Shelters","29","258","0.11"
"2024-05-06T00:00:00.000","Crisis Shelters (HYA)","1","35","0.03"
"2024-05-06T00:00:00.000","Transitional Independent Living (HYA)","0","25","0"
"2024-05-06T00:00:00.000","Transitional Independent Living (TIL)","23","495","0.05"
"2024-05-07T00:00:00.000","Crisis Shelters","28","258","0.11"
"2024-05-07T00:00:00.000","Crisis Shelters (HYA)","0","35","0"
"2024-05-07T00:00:00.000","Transitional Independent Living (HYA)","0","25","0"
"2024-05-07T00:00:00.000","Transitional Independent Living (TIL)","23","495","0.05"
"2024-05-08T00:00:00.000","Crisis Shelters","25","258","0.1"
"2024-05-08T00:00:00.000","Crisis Shelters (HYA)","0","35","0"
"2024-05-08T00:00:00.000","Transitional Independent Living (HYA)","0","25","0"
"2024-05-08T00:00:00.000","Transitional Independent Living (TIL)","22","495","0.04"
"2024-05-09T00:00:00.000","Crisis Shelters","26","258","0.1"
"2024-05-09T00:00:00.000","Crisis Shelters (HYA)","0","35","0"
"2024-05-09T00:00:00.000","Transitional Independent Living (HYA)","0","25","0"
"2024-05-09T00:00:00.000","Transitional Independent Living (TIL)","23","495","0.05"
"2024-05-10T00:00:00.000","Crisis Shelters","22","258","0.09"
"2024-05-10T00:00:00.000","Crisis Shelters (HYA)","1","35","0.03"
"2024-05-10T00:00:00.000","Transitional Independent Living (HYA)","0","25","0"
"2024-05-10T00:00:00.000","Transitional Independent Living (TIL)","23","495","0.05"
"2024-05-11T00:00:00.000","Crisis Shelters","24","258","0.09"
"2024-05-11T00:00:00.000","Crisis Shelters (HYA)","0","35","0"
"2024-05-11T00:00:00.000","Transitional Independent Living (HYA)","0","25","0"
"2024-05-11T00:00:00.000","Transitional Independent Living (TIL)","19","495","0.04"
"2024-05-12T00:00:00.000","Crisis Shelters","21","258","0.08"
"2024-05-12T00:00:00.000","Crisis Shelters (HYA)","0","35","0"
"2024-05-12T00:00:00.000","Transitional Independent Living (HYA)","0","25","0"
"2024-05-12T00:00:00.000","Transitional Independent Living (TIL)","20","495","0.04"
"2024-05-13T00:00:00.000","Crisis Shelters","23","258","0.09"
"2024-05-13T00:00:00.000","Crisis Shelters (HYA)","0","35","0"
"2024-05-13T00:00:00.000","Transitional Independent Living (HYA)","0","25","0"
"2024-05-13T00:00:00.000","Transitional Independent Living (TIL)","21","495","0.04"
"2024-05-14T00:00:00.000","Crisis Shelters","24","258","0.09"
"2024-05-14T00:00:00.000","Crisis Shelters (HYA)","1","35","0.03"
"2024-05-14T00:00:00.000","Transitional Independent Living (HYA)","0","25","0"
"2024-05-14T00:00:00.000","Transitional Independent Living (TIL)","23","495","0.05"
"2024-05-15T00:00:00.000","Crisis Shelters","23","258","0.09"
"2024-05-15T00:00:00.000","Crisis Shelters (HYA)","0","35","0"
"2024-05-15T00:00:00.000","Transitional Independent Living (HYA)","0","25","0"
"2024-05-15T00:00:00.000","Transitional Independent Living (TIL)","22","495","0.04"
"2024-05-16T00:00:00.000","Crisis Shelters","24","258","0.09"
"2024-05-16T00:00:00.000","Crisis Shelters (HYA)","1","35","0.03"
"2024-05-16T00:00:00.000","Transitional Independent Living (HYA)","0","25","0"
"2024-05-16T00:00:00.000","Transitional Independent Living (TIL)","21","495","0.04"
"2024-05-17T00:00:00.000","Crisis Shelters","27","258","0.1"
"2024-05-17T00:00:00.000","Crisis Shelters (HYA)","0","35","0"
"2024-05-17T00:00:00.000","Transitional Independent Living (HYA)","0","25","0"
"2024-05-17T00:00:00.000","Transitional Independent Living (TIL)","23","495","0.05"
"2024-05-18T00:00:00.000","Crisis Shelters","29","258","0.11"
"2024-05-18T00:00:00.000","Crisis Shelters (HYA)","0","35","0"
"2024-05-18T00:00:00.000","Transitional Independent Living (HYA)","0","25","0"
"2024-05-18T00:00:00.000","Transitional Independent Living (TIL)","24","495","0.05"
"2024-05-19T00:00:00.000","Crisis Shelters","31","258","0.12"
"2024-05-19T00:00:00.000","Crisis Shelters (HYA)","0","35","0"
"2024-05-19T00:00:00.000","Transitional Independent Living (HYA)","0","25","0"
"2024-05-19T00:00:00.000","Transitional Independent Living (TIL)","25","495","0.05"
"2024-05-20T00:00:00.000","Crisis Shelters","32","258","0.12"
"2024-05-20T00:00:00.000","Crisis Shelters (HYA)","0","35","0"
"2024-05-20T00:00:00.000","Transitional Independent Living (HYA)","0","25","0"
"2024-05-20T00:00:00.000","Transitional Independent Living (TIL)","26","495","0.05"
"2024-05-21T00:00:00.000","Crisis Shelters","29","258","0.11"
"2024-05-21T00:00:00.000","Crisis Shelters (HYA)","0","35","0"
"2024-05-21T00:00:00.000","Transitional Independent Living (HYA)","0","25","0"
"2024-05-21T00:00:00.000","Transitional Independent Living (TIL)","24","495","0.05"
"2024-05-22T00:00:00.000","Crisis Shelters","22","258","0.09"
"2024-05-22T00:00:00.000","Crisis Shelters (HYA)","1","35","0.03"
"2024-05-22T00:00:00.000","Transitional Independent Living (HYA)","0","25","0"
"2024-05-22T00:00:00.000","Transitional Independent Living (TIL)","25","495","0.05"
"2024-05-23T00:00:00.000","Crisis Shelters","20","258","0.08"
"2024-05-23T00:00:00.000","Crisis Shelters (HYA)","0","35","0"
"2024-05-23T00:00:00.000","Transitional Independent Living (HYA)","0","25","0"
"2024-05-23T00:00:00.000","Transitional Independent Living (TIL)","25","495","0.05"
"2024-05-24T00:00:00.000","Crisis Shelters","22","258","0.09"
"2024-05-24T00:00:00.000","Crisis Shelters (HYA)","0","35","0"
"2024-05-24T00:00:00.000","Transitional Independent Living (HYA)","0","25","0"
"2024-05-24T00:00:00.000","Transitional Independent Living (TIL)","23","495","0.05"
"2024-05-25T00:00:00.000","Crisis Shelters","23","258","0.09"
"2024-05-25T00:00:00.000","Crisis Shelters (HYA)","0","35","0"
"2024-05-25T00:00:00.000","Transitional Independent Living (HYA)","0","25","0"
"2024-05-25T00:00:00.000","Transitional Independent Living (TIL)","22","495","0.04"
"2024-05-26T00:00:00.000","Crisis Shelters","22","258","0.09"
"2024-05-26T00:00:00.000","Crisis Shelters (HYA)","0","35","0"
"2024-05-26T00:00:00.000","Transitional Independent Living (HYA)","0","25","0"
"2024-05-26T00:00:00.000","Transitional Independent Living (TIL)","23","495","0.05"
"2024-05-27T00:00:00.000","Crisis Shelters","23","258","0.09"
"2024-05-27T00:00:00.000","Crisis Shelters (HYA)","1","35","0.03"
"2024-05-27T00:00:00.000","Transitional Independent Living (HYA)","0","25","0"
"2024-05-27T00:00:00.000","Transitional Independent Living (TIL)","24","495","0.05"
"2024-05-28T00:00:00.000","Crisis Shelters","21","258","0.08"
"2024-05-28T00:00:00.000","Crisis Shelters (HYA)","3","35","0.09"
"2024-05-28T00:00:00.000","Transitional Independent Living (HYA)","0","25","0"
"2024-05-28T00:00:00.000","Transitional Independent Living (TIL)","24","495","0.05"
"2024-05-29T00:00:00.000","Crisis Shelters","20","258","0.08"
"2024-05-29T00:00:00.000","Crisis Shelters (HYA)","4","35","0.11"
"2024-05-29T00:00:00.000","Transitional Independent Living (HYA)","0","25","0"
"2024-05-29T00:00:00.000","Transitional Independent Living (TIL)","26","495","0.05"
"2024-05-30T00:00:00.000","Crisis Shelters","17","258","0.07"
"2024-05-30T00:00:00.000","Crisis Shelters (HYA)","5","35","0.14"
"2024-05-30T00:00:00.000","Transitional Independent Living (HYA)","0","25","0"
"2024-05-30T00:00:00.000","Transitional Independent Living (TIL)","25","495","0.05"
"2024-05-31T00:00:00.000","Crisis Shelters","17","258","0.07"
"2024-05-31T00:00:00.000","Crisis Shelters (HYA)","6","35","0.17"
"2024-05-31T00:00:00.000","Transitional Independent Living (HYA)","0","25","0"
"2024-05-31T00:00:00.000","Transitional Independent Living (TIL)","22","495","0.04"
"2024-06-01T00:00:00.000","Crisis Shelters","15","258","0.06"
"2024-06-01T00:00:00.000","Crisis Shelters (HYA)","6","35","0.17"
"2024-06-01T00:00:00.000","Transitional Independent Living (HYA)","0","25","0"
"2024-06-01T00:00:00.000","Transitional Independent Living (TIL)","22","495","0.04"
"2024-06-02T00:00:00.000","Crisis Shelters","16","258","0.06"
"2024-06-02T00:00:00.000","Crisis Shelters (HYA)","4","35","0.11"
"2024-06-02T00:00:00.000","Transitional Independent Living (HYA)","0","25","0"
"2024-06-02T00:00:00.000","Transitional Independent Living (TIL)","23","495","0.05"
"2024-06-03T00:00:00.000","Crisis Shelters","14","258","0.05"
"2024-06-03T00:00:00.000","Crisis Shelters (HYA)","4","35","0.11"
"2024-06-03T00:00:00.000","Transitional Independent Living (HYA)","0","25","0"
"2024-06-03T00:00:00.000","Transitional Independent Living (TIL)","23","495","0.05"
"2024-06-04T00:00:00.000","Crisis Shelters","12","258","0.05"
"2024-06-04T00:00:00.000","Crisis Shelters (HYA)","3","35","0.09"
"2024-06-04T00:00:00.000","Transitional Independent Living (HYA)","0","25","0"
"2024-06-04T00:00:00.000","Transitional Independent Living (TIL)","24","495","0.05"
"2024-06-05T00:00:00.000","Crisis Shelters","11","258","0.04"
"2024-06-05T00:00:00.000","Crisis Shelters (HYA)","3","35","0.09"
"2024-06-05T00:00:00.000","Transitional Independent Living (HYA)","0","25","0"
"2024-06-05T00:00:00.000","Transitional Independent Living (TIL)","22","495","0.04"
"2024-06-06T00:00:00.000","Crisis Shelters","11","258","0.04"
"2024-06-06T00:00:00.000","Crisis Shelters (HYA)","1","35","0.03"
"2024-06-06T00:00:00.000","Transitional Independent Living (HYA)","0","25","0"
"2024-06-06T00:00:00.000","Transitional Independent Living (TIL)","21","495","0.04"
"2024-06-07T00:00:00.000","Crisis Shelters","11","258","0.04"
"2024-06-07T00:00:00.000","Crisis Shelters (HYA)","0","35","0"
"2024-06-07T00:00:00.000","Transitional Independent Living (HYA)","0","25","0"
"2024-06-07T00:00:00.000","Transitional Independent Living (TIL)","23","495","0.05"
"2024-06-08T00:00:00.000","Crisis Shelters","11","258","0.04"
"2024-06-08T00:00:00.000","Crisis Shelters (HYA)","0","35","0"
"2024-06-08T00:00:00.000","Transitional Independent Living (HYA)","0","25","0"
"2024-06-08T00:00:00.000","Transitional Independent Living (TIL)","23","495","0.05"
"2024-06-09T00:00:00.000","Crisis Shelters","8","258","0.03"
"2024-06-09T00:00:00.000","Crisis Shelters (HYA)","0","35","0"
"2024-06-09T00:00:00.000","Transitional Independent Living (HYA)","0","25","0"
"2024-06-09T00:00:00.000","Transitional Independent Living (TIL)","23","495","0.05"
"2024-06-10T00:00:00.000","Crisis Shelters","11","258","0.04"
"2024-06-10T00:00:00.000","Crisis Shelters (HYA)","0","35","0"
"2024-06-10T00:00:00.000","Transitional Independent Living (HYA)","0","25","0"
"2024-06-10T00:00:00.000","Transitional Independent Living (TIL)","21","495","0.04"
"2024-06-11T00:00:00.000","Crisis Shelters","10","258","0.04"
"2024-06-11T00:00:00.000","Crisis Shelters (HYA)","1","35","0.03"
"2024-06-11T00:00:00.000","Transitional Independent Living (HYA)","0","25","0"
"2024-06-11T00:00:00.000","Transitional Independent Living (TIL)","25","495","0.05"
"2024-06-12T00:00:00.000","Crisis Shelters","11","258","0.04"
"2024-06-12T00:00:00.000","Crisis Shelters (HYA)","0","35","0"
"2024-06-12T00:00:00.000","Transitional Independent Living (HYA)","1","25","0.04"
"2024-06-12T00:00:00.000","Transitional Independent Living (TIL)","27","495","0.05"
"2024-06-13T00:00:00.000","Crisis Shelters","16","258","0.06"
"2024-06-13T00:00:00.000","Crisis Shelters (HYA)","0","35","0"
"2024-06-13T00:00:00.000","Transitional Independent Living (HYA)","0","25","0"
"2024-06-13T00:00:00.000","Transitional Independent Living (TIL)","23","495","0.05"
"2024-06-14T00:00:00.000","Crisis Shelters","16","258","0.06"
"2024-06-14T00:00:00.000","Crisis Shelters (HYA)","2","35","0.06"
"2024-06-14T00:00:00.000","Transitional Independent Living (HYA)","0","25","0"
"2024-06-14T00:00:00.000","Transitional Independent Living (TIL)","22","495","0.04"
"2024-06-15T00:00:00.000","Crisis Shelters","16","258","0.06"
"2024-06-15T00:00:00.000","Crisis Shelters (HYA)","2","35","0.06"
"2024-06-15T00:00:00.000","Transitional Independent Living (HYA)","0","25","0"
"2024-06-15T00:00:00.000","Transitional Independent Living (TIL)","23","495","0.05"
"2024-06-16T00:00:00.000","Crisis Shelters","17","258","0.07"
"2024-06-16T00:00:00.000","Crisis Shelters (HYA)","1","35","0.03"
"2024-06-16T00:00:00.000","Transitional Independent Living (HYA)","0","25","0"
"2024-06-16T00:00:00.000","Transitional Independent Living (TIL)","24","495","0.05"
"2024-06-17T00:00:00.000","Crisis Shelters","17","258","0.07"
"2024-06-17T00:00:00.000","Crisis Shelters (HYA)","1","35","0.03"
"2024-06-17T00:00:00.000","Transitional Independent Living (HYA)","0","25","0"
"2024-06-17T00:00:00.000","Transitional Independent Living (TIL)","25","495","0.05"
"2024-06-18T00:00:00.000","Crisis Shelters","17","258","0.07"
"2024-06-18T00:00:00.000","Crisis Shelters (HYA)","0","35","0"
"2024-06-18T00:00:00.000","Transitional Independent Living (HYA)","0","25","0"
"2024-06-18T00:00:00.000","Transitional Independent Living (TIL)","24","495","0.05"
"2024-06-19T00:00:00.000","Crisis Shelters","18","258","0.07"
"2024-06-19T00:00:00.000","Crisis Shelters (HYA)","0","35","0"
"2024-06-19T00:00:00.000","Transitional Independent Living (HYA)","0","25","0"
"2024-06-19T00:00:00.000","Transitional Independent Living (TIL)","22","495","0.04"
"2024-06-20T00:00:00.000","Crisis Shelters","17","258","0.07"
"2024-06-20T00:00:00.000","Crisis Shelters (HYA)","0","35","0"
"2024-06-20T00:00:00.000","Transitional Independent Living (HYA)","0","25","0"
"2024-06-20T00:00:00.000","Transitional Independent Living (TIL)","22","495","0.04"
"2024-06-21T00:00:00.000","Crisis Shelters","14","258","0.05"
"2024-06-21T00:00:00.000","Crisis Shelters (HYA)","0","35","0"
"2024-06-21T00:00:00.000","Transitional Independent Living (HYA)","0","25","0"
"2024-06-21T00:00:00.000","Transitional Independent Living (TIL)","25","495","0.05"
"2024-06-22T00:00:00.000","Crisis Shelters","12","258","0.05"
"2024-06-22T00:00:00.000","Crisis Shelters (HYA)","0","35","0"
"2024-06-22T00:00:00.000","Transitional Independent Living (HYA)","0","25","0"
"2024-06-22T00:00:00.000","Transitional Independent Living (TIL)","28","495","0.06"
"2024-06-23T00:00:00.000","Crisis Shelters","7","258","0.03"
"2024-06-23T00:00:00.000","Crisis Shelters (HYA)","0","35","0"
"2024-06-23T00:00:00.000","Transitional Independent Living (HYA)","0","25","0"
"2024-06-23T00:00:00.000","Transitional Independent Living (TIL)","28","495","0.06"
"2024-06-24T00:00:00.000","Crisis Shelters","11","258","0.04"
"2024-06-24T00:00:00.000","Crisis Shelters (HYA)","0","35","0"
"2024-06-24T00:00:00.000","Transitional Independent Living (HYA)","0","25","0"
"2024-06-24T00:00:00.000","Transitional Independent Living (TIL)","29","495","0.06"
"2024-06-25T00:00:00.000","Crisis Shelters","8","258","0.03"
"2024-06-25T00:00:00.000","Crisis Shelters (HYA)","0","35","0"
"2024-06-25T00:00:00.000","Transitional Independent Living (HYA)","0","25","0"
"2024-06-25T00:00:00.000","Transitional Independent Living (TIL)","28","495","0.06"
"2024-06-26T00:00:00.000","Crisis Shelters","11","258","0.04"
"2024-06-26T00:00:00.000","Crisis Shelters (HYA)","0","35","0"
"2024-06-26T00:00:00.000","Transitional Independent Living (HYA)","0","25","0"
"2024-06-26T00:00:00.000","Transitional Independent Living (TIL)","28","495","0.06"
"2024-06-27T00:00:00.000","Crisis Shelters","16","258","0.06"
"2024-06-27T00:00:00.000","Crisis Shelters (HYA)","0","35","0"
"2024-06-27T00:00:00.000","Transitional Independent Living (HYA)","0","25","0"
"2024-06-27T00:00:00.000","Transitional Independent Living (TIL)","27","495","0.05"
"2024-06-28T00:00:00.000","Crisis Shelters","14","258","0.05"
"2024-06-28T00:00:00.000","Crisis Shelters (HYA)","0","35","0"
"2024-06-28T00:00:00.000","Transitional Independent Living (HYA)","0","25","0"
"2024-06-28T00:00:00.000","Transitional Independent Living (TIL)","26","495","0.05"
"2024-06-29T00:00:00.000","Crisis Shelters","13","258","0.05"
"2024-06-29T00:00:00.000","Crisis Shelters (HYA)","1","35","0.03"
"2024-06-29T00:00:00.000","Transitional Independent Living (HYA)","0","25","0"
"2024-06-29T00:00:00.000","Transitional Independent Living (TIL)","25","495","0.05"
"2024-06-30T00:00:00.000","Crisis Shelters","18","258","0.07"
"2024-06-30T00:00:00.000","Crisis Shelters (HYA)","2","35","0.06"
"2024-06-30T00:00:00.000","Transitional Independent Living (HYA)","1","25","0.04"
"2024-06-30T00:00:00.000","Transitional Independent Living (TIL)","25","495","0.05"
"2024-07-01T00:00:00.000","Crisis Shelters","15","258","0.06"
"2024-07-01T00:00:00.000","Crisis Shelters (HYA)","2","55","0.04"
"2024-07-01T00:00:00.000","Transitional Independent Living (HYA)","1","35","0.03"
"2024-07-01T00:00:00.000","Transitional Independent Living (TIL)","29","495","0.06"
"2024-07-02T00:00:00.000","Crisis Shelters","16","258","0.06"
"2024-07-02T00:00:00.000","Crisis Shelters (HYA)","1","35","0.03"
"2024-07-02T00:00:00.000","Transitional Independent Living (HYA)","1","25","0.04"
"2024-07-02T00:00:00.000","Transitional Independent Living (TIL)","29","495","0.06"
"2024-07-03T00:00:00.000","Crisis Shelters","19","258","0.07"
"2024-07-03T00:00:00.000","Crisis Shelters (HYA)","1","35","0.03"
"2024-07-03T00:00:00.000","Transitional Independent Living (HYA)","1","25","0.04"
"2024-07-03T00:00:00.000","Transitional Independent Living (TIL)","27","495","0.05"
"2024-07-04T00:00:00.000","Crisis Shelters","17","258","0.07"
"2024-07-04T00:00:00.000","Crisis Shelters (HYA)","1","35","0.03"
"2024-07-04T00:00:00.000","Transitional Independent Living (HYA)","1","25","0.04"
"2024-07-04T00:00:00.000","Transitional Independent Living (TIL)","29","495","0.06"
"2024-07-05T00:00:00.000","Crisis Shelters","17","258","0.07"
"2024-07-05T00:00:00.000","Crisis Shelters (HYA)","2","35","0.06"
"2024-07-05T00:00:00.000","Transitional Independent Living (HYA)","1","25","0.04"
"2024-07-05T00:00:00.000","Transitional Independent Living (TIL)","27","495","0.05"
"2024-07-06T00:00:00.000","Crisis Shelters","14","258","0.05"
"2024-07-06T00:00:00.000","Crisis Shelters (HYA)","3","35","0.09"
"2024-07-06T00:00:00.000","Transitional Independent Living (HYA)","1","25","0.04"
"2024-07-06T00:00:00.000","Transitional Independent Living (TIL)","26","495","0.05"
"2024-07-07T00:00:00.000","Crisis Shelters","14","258","0.05"
"2024-07-07T00:00:00.000","Crisis Shelters (HYA)","3","35","0.09"
"2024-07-07T00:00:00.000","Transitional Independent Living (HYA)","1","25","0.04"
"2024-07-07T00:00:00.000","Transitional Independent Living (TIL)","29","495","0.06"
"2024-07-08T00:00:00.000","Crisis Shelters","25","258","0.1"
"2024-07-08T00:00:00.000","Crisis Shelters (HYA)","1","35","0.03"
"2024-07-08T00:00:00.000","Transitional Independent Living (HYA)","1","25","0.04"
"2024-07-08T00:00:00.000","Transitional Independent Living (TIL)","27","495","0.05"
"2024-07-09T00:00:00.000","Crisis Shelters","25","258","0.1"
"2024-07-09T00:00:00.000","Crisis Shelters (HYA)","0","35","0"
"2024-07-09T00:00:00.000","Transitional Independent Living (HYA)","2","25","0.08"
"2024-07-09T00:00:00.000","Transitional Independent Living (TIL)","29","495","0.06"
"2024-07-10T00:00:00.000","Crisis Shelters","25","258","0.1"
"2024-07-10T00:00:00.000","Crisis Shelters (HYA)","0","35","0"
"2024-07-10T00:00:00.000","Transitional Independent Living (HYA)","2","25","0.08"
"2024-07-10T00:00:00.000","Transitional Independent Living (TIL)","27","495","0.05"
"2024-07-11T00:00:00.000","Crisis Shelters","26","258","0.1"
"2024-07-11T00:00:00.000","Crisis Shelters (HYA)","1","35","0.03"
"2024-07-11T00:00:00.000","Transitional Independent Living (HYA)","2","25","0.08"
"2024-07-11T00:00:00.000","Transitional Independent Living (TIL)","24","495","0.05"
"2024-07-12T00:00:00.000","Crisis Shelters","27","258","0.1"
"2024-07-12T00:00:00.000","Crisis Shelters (HYA)","3","35","0.09"
"2024-07-12T00:00:00.000","Transitional Independent Living (HYA)","2","25","0.08"
"2024-07-12T00:00:00.000","Transitional Independent Living (TIL)","26","495","0.05"
"2024-07-13T00:00:00.000","Crisis Shelters","27","258","0.1"
"2024-07-13T00:00:00.000","Crisis Shelters (HYA)","4","35","0.11"
"2024-07-13T00:00:00.000","Transitional Independent Living (HYA)","2","25","0.08"
"2024-07-13T00:00:00.000","Transitional Independent Living (TIL)","25","495","0.05"
"2024-07-14T00:00:00.000","Crisis Shelters","28","258","0.11"
"2024-07-14T00:00:00.000","Crisis Shelters (HYA)","3","35","0.09"
"2024-07-14T00:00:00.000","Transitional Independent Living (HYA)","2","25","0.08"
"2024-07-14T00:00:00.000","Transitional Independent Living (TIL)","25","495","0.05"
"2024-07-15T00:00:00.000","Crisis Shelters","27","258","0.1"
"2024-07-15T00:00:00.000","Crisis Shelters (HYA)","1","35","0.03"
"2024-07-15T00:00:00.000","Transitional Independent Living (HYA)","2","25","0.08"
"2024-07-15T00:00:00.000","Transitional Independent Living (TIL)","27","495","0.05"
"2024-07-16T00:00:00.000","Crisis Shelters","23","258","0.09"
"2024-07-16T00:00:00.000","Crisis Shelters (HYA)","0","35","0"
"2024-07-16T00:00:00.000","Transitional Independent Living (HYA)","2","25","0.08"
"2024-07-16T00:00:00.000","Transitional Independent Living (TIL)","27","495","0.05"
"2024-07-17T00:00:00.000","Crisis Shelters","23","258","0.09"
"2024-07-17T00:00:00.000","Crisis Shelters (HYA)","0","35","0"
"2024-07-17T00:00:00.000","Transitional Independent Living (HYA)","3","25","0.12"
"2024-07-17T00:00:00.000","Transitional Independent Living (TIL)","26","495","0.05"
"2024-07-18T00:00:00.000","Crisis Shelters","20","258","0.08"
"2024-07-18T00:00:00.000","Crisis Shelters (HYA)","0","35","0"
"2024-07-18T00:00:00.000","Transitional Independent Living (HYA)","3","25","0.12"
"2024-07-18T00:00:00.000","Transitional Independent Living (TIL)","30","495","0.06"
"2024-07-19T00:00:00.000","Crisis Shelters","21","258","0.08"
"2024-07-19T00:00:00.000","Crisis Shelters (HYA)","0","35","0"
"2024-07-19T00:00:00.000","Transitional Independent Living (HYA)","1","25","0.04"
"2024-07-19T00:00:00.000","Transitional Independent Living (TIL)","29","495","0.06"
"2024-07-20T00:00:00.000","Crisis Shelters","20","258","0.08"
"2024-07-20T00:00:00.000","Crisis Shelters (HYA)","0","35","0"
"2024-07-20T00:00:00.000","Transitional Independent Living (HYA)","1","25","0.04"
"2024-07-20T00:00:00.000","Transitional Independent Living (TIL)","32","495","0.06"
"2024-07-21T00:00:00.000","Crisis Shelters","21","258","0.08"
"2024-07-21T00:00:00.000","Crisis Shelters (HYA)","0","35","0"
"2024-07-21T00:00:00.000","Transitional Independent Living (HYA)","1","25","0.04"
"2024-07-21T00:00:00.000","Transitional Independent Living (TIL)","33","495","0.07"
"2024-07-22T00:00:00.000","Crisis Shelters","20","258","0.08"
"2024-07-22T00:00:00.000","Crisis Shelters (HYA)","0","35","0"
"2024-07-22T00:00:00.000","Transitional Independent Living (HYA)","1","25","0.04"
"2024-07-22T00:00:00.000","Transitional Independent Living (TIL)","32","495","0.06"
"2024-07-23T00:00:00.000","Crisis Shelters","19","258","0.07"
"2024-07-23T00:00:00.000","Crisis Shelters (HYA)","0","35","0"
"2024-07-23T00:00:00.000","Transitional Independent Living (HYA)","1","25","0.04"
"2024-07-23T00:00:00.000","Transitional Independent Living (TIL)","32","495","0.06"
"2024-07-24T00:00:00.000","Crisis Shelters","15","258","0.06"
"2024-07-24T00:00:00.000","Crisis Shelters (HYA)","0","35","0"
"2024-07-24T00:00:00.000","Transitional Independent Living (HYA)","1","25","0.04"
"2024-07-24T00:00:00.000","Transitional Independent Living (TIL)","32","495","0.06"
"2024-07-25T00:00:00.000","Crisis Shelters","15","258","0.06"
"2024-07-25T00:00:00.000","Crisis Shelters (HYA)","0","35","0"
"2024-07-25T00:00:00.000","Transitional Independent Living (HYA)","1","25","0.04"
"2024-07-25T00:00:00.000","Transitional Independent Living (TIL)","29","495","0.06"
"2024-07-26T00:00:00.000","Crisis Shelters","12","258","0.05"
"2024-07-26T00:00:00.000","Crisis Shelters (HYA)","1","35","0.03"
"2024-07-26T00:00:00.000","Transitional Independent Living (HYA)","1","25","0.04"
"2024-07-26T00:00:00.000","Transitional Independent Living (TIL)","28","495","0.06"
"2024-07-27T00:00:00.000","Crisis Shelters","12","258","0.05"
"2024-07-27T00:00:00.000","Crisis Shelters (HYA)","3","35","0.09"
"2024-07-27T00:00:00.000","Transitional Independent Living (HYA)","1","25","0.04"
"2024-07-27T00:00:00.000","Transitional Independent Living (TIL)","28","495","0.06"
"2024-07-28T00:00:00.000","Crisis Shelters","11","258","0.04"
"2024-07-28T00:00:00.000","Crisis Shelters (HYA)","3","35","0.09"
"2024-07-28T00:00:00.000","Transitional Independent Living (HYA)","1","25","0.04"
"2024-07-28T00:00:00.000","Transitional Independent Living (TIL)","29","495","0.06"
"2024-07-29T00:00:00.000","Crisis Shelters","11","258","0.04"
"2024-07-29T00:00:00.000","Crisis Shelters (HYA)","3","35","0.09"
"2024-07-29T00:00:00.000","Transitional Independent Living (HYA)","1","25","0.04"
"2024-07-29T00:00:00.000","Transitional Independent Living (TIL)","29","495","0.06"
"2024-07-30T00:00:00.000","Crisis Shelters","10","258","0.04"
"2024-07-30T00:00:00.000","Crisis Shelters (HYA)","2","35","0.06"
"2024-07-30T00:00:00.000","Transitional Independent Living (HYA)","1","25","0.04"
"2024-07-30T00:00:00.000","Transitional Independent Living (TIL)","27","495","0.05"
"2024-07-31T00:00:00.000","Crisis Shelters","9","258","0.03"
"2024-07-31T00:00:00.000","Crisis Shelters (HYA)","2","35","0.06"
"2024-07-31T00:00:00.000","Transitional Independent Living (HYA)","1","25","0.04"
"2024-07-31T00:00:00.000","Transitional Independent Living (TIL)","25","495","0.05"
"2024-08-01T00:00:00.000","Crisis Shelters","11","258","0.04"
"2024-08-01T00:00:00.000","Crisis Shelters (HYA)","3","35","0.09"
"2024-08-01T00:00:00.000","Transitional Independent Living (HYA)","1","25","0.04"
"2024-08-01T00:00:00.000","Transitional Independent Living (TIL)","26","495","0.05"
"2024-08-02T00:00:00.000","Crisis Shelters","12","258","0.05"
"2024-08-02T00:00:00.000","Crisis Shelters (HYA)","2","35","0.06"
"2024-08-02T00:00:00.000","Transitional Independent Living (HYA)","1","25","0.04"
"2024-08-02T00:00:00.000","Transitional Independent Living (TIL)","29","495","0.06"
"2024-08-03T00:00:00.000","Crisis Shelters","13","258","0.05"
"2024-08-03T00:00:00.000","Crisis Shelters (HYA)","2","35","0.06"
"2024-08-03T00:00:00.000","Transitional Independent Living (HYA)","1","25","0.04"
"2024-08-03T00:00:00.000","Transitional Independent Living (TIL)","29","495","0.06"
"2024-08-04T00:00:00.000","Crisis Shelters","12","258","0.05"
"2024-08-04T00:00:00.000","Crisis Shelters (HYA)","2","35","0.06"
"2024-08-04T00:00:00.000","Transitional Independent Living (HYA)","1","25","0.04"
"2024-08-04T00:00:00.000","Transitional Independent Living (TIL)","30","495","0.06"
"2024-08-05T00:00:00.000","Crisis Shelters","11","258","0.04"
"2024-08-05T00:00:00.000","Crisis Shelters (HYA)","2","35","0.06"
"2024-08-05T00:00:00.000","Transitional Independent Living (HYA)","1","25","0.04"
"2024-08-05T00:00:00.000","Transitional Independent Living (TIL)","27","495","0.05"
"2024-08-06T00:00:00.000","Crisis Shelters","11","258","0.04"
"2024-08-06T00:00:00.000","Crisis Shelters (HYA)","4","35","0.11"
"2024-08-06T00:00:00.000","Transitional Independent Living (HYA)","1","25","0.04"
"2024-08-06T00:00:00.000","Transitional Independent Living (TIL)","30","495","0.06"
"2024-08-07T00:00:00.000","Crisis Shelters","11","258","0.04"
"2024-08-07T00:00:00.000","Crisis Shelters (HYA)","1","35","0.03"
"2024-08-07T00:00:00.000","Transitional Independent Living (HYA)","1","25","0.04"
"2024-08-07T00:00:00.000","Transitional Independent Living (TIL)","29","495","0.06"
"2024-08-08T00:00:00.000","Crisis Shelters","10","258","0.04"
"2024-08-08T00:00:00.000","Crisis Shelters (HYA)","3","35","0.09"
"2024-08-08T00:00:00.000","Transitional Independent Living (HYA)","1","25","0.04"
"2024-08-08T00:00:00.000","Transitional Independent Living (TIL)","31","495","0.06"
"2024-08-09T00:00:00.000","Crisis Shelters","5","258","0.02"
"2024-08-09T00:00:00.000","Crisis Shelters (HYA)","3","35","0.09"
"2024-08-09T00:00:00.000","Transitional Independent Living (HYA)","1","25","0.04"
"2024-08-09T00:00:00.000","Transitional Independent Living (TIL)","38","495","0.08"
"2024-08-10T00:00:00.000","Crisis Shelters","5","258","0.02"
"2024-08-10T00:00:00.000","Crisis Shelters (HYA)","2","35","0.06"
"2024-08-10T00:00:00.000","Transitional Independent Living (HYA)","1","25","0.04"
"2024-08-10T00:00:00.000","Transitional Independent Living (TIL)","42","495","0.08"
"2024-08-11T00:00:00.000","Crisis Shelters","5","258","0.02"
"2024-08-11T00:00:00.000","Crisis Shelters (HYA)","2","35","0.06"
"2024-08-11T00:00:00.000","Transitional Independent Living (HYA)","1","25","0.04"
"2024-08-11T00:00:00.000","Transitional Independent Living (TIL)","44","495","0.09"
"2024-08-12T00:00:00.000","Crisis Shelters","11","258","0.04"
"2024-08-12T00:00:00.000","Crisis Shelters (HYA)","1","35","0.03"
"2024-08-12T00:00:00.000","Transitional Independent Living (HYA)","1","25","0.04"
"2024-08-12T00:00:00.000","Transitional Independent Living (TIL)","39","495","0.08"
"2024-08-13T00:00:00.000","Crisis Shelters","8","258","0.03"
"2024-08-13T00:00:00.000","Crisis Shelters (HYA)","1","35","0.03"
"2024-08-13T00:00:00.000","Transitional Independent Living (HYA)","1","25","0.04"
"2024-08-13T00:00:00.000","Transitional Independent Living (TIL)","37","495","0.07"
"2024-08-14T00:00:00.000","Crisis Shelters","10","258","0.04"
"2024-08-14T00:00:00.000","Crisis Shelters (HYA)","0","35","0"
"2024-08-14T00:00:00.000","Transitional Independent Living (HYA)","1","25","0.04"
"2024-08-14T00:00:00.000","Transitional Independent Living (TIL)","32","495","0.06"
"2024-08-15T00:00:00.000","Crisis Shelters","11","258","0.04"
"2024-08-15T00:00:00.000","Crisis Shelters (HYA)","0","35","0"
"2024-08-15T00:00:00.000","Transitional Independent Living (HYA)","1","25","0.04"
"2024-08-15T00:00:00.000","Transitional Independent Living (TIL)","31","495","0.06"
"2024-08-16T00:00:00.000","Crisis Shelters","15","258","0.06"
"2024-08-16T00:00:00.000","Crisis Shelters (HYA)","0","35","0"
"2024-08-16T00:00:00.000","Transitional Independent Living (HYA)","1","25","0.04"
"2024-08-16T00:00:00.000","Transitional Independent Living (TIL)","28","495","0.06"
"2024-08-17T00:00:00.000","Crisis Shelters","15","258","0.06"
"2024-08-17T00:00:00.000","Crisis Shelters (HYA)","0","35","0"
"2024-08-17T00:00:00.000","Transitional Independent Living (HYA)","1","25","0.04"
"2024-08-17T00:00:00.000","Transitional Independent Living (TIL)","26","495","0.05"
"2024-08-18T00:00:00.000","Crisis Shelters","15","258","0.06"
"2024-08-18T00:00:00.000","Crisis Shelters (HYA)","1","35","0.03"
"2024-08-18T00:00:00.000","Transitional Independent Living (HYA)","1","25","0.04"
"2024-08-18T00:00:00.000","Transitional Independent Living (TIL)","26","495","0.05"
"2024-08-19T00:00:00.000","Crisis Shelters","19","258","0.07"
"2024-08-19T00:00:00.000","Crisis Shelters (HYA)","0","35","0"
"2024-08-19T00:00:00.000","Transitional Independent Living (HYA)","1","25","0.04"
"2024-08-19T00:00:00.000","Transitional Independent Living (TIL)","26","495","0.05"
"2024-08-20T00:00:00.000","Crisis Shelters","18","258","0.07"
"2024-08-20T00:00:00.000","Crisis Shelters (HYA)","1","35","0.03"
"2024-08-20T00:00:00.000","Transitional Independent Living (HYA)","1","25","0.04"
"2024-08-20T00:00:00.000","Transitional Independent Living (TIL)","25","495","0.05"
"2024-08-21T00:00:00.000","Crisis Shelters","17","258","0.07"
"2024-08-21T00:00:00.000","Crisis Shelters (HYA)","1","35","0.03"
"2024-08-21T00:00:00.000","Transitional Independent Living (HYA)","1","25","0.04"
"2024-08-21T00:00:00.000","Transitional Independent Living (TIL)","25","495","0.05"
"2024-08-22T00:00:00.000","Crisis Shelters","11","258","0.04"
"2024-08-22T00:00:00.000","Crisis Shelters (HYA)","1","35","0.03"
"2024-08-22T00:00:00.000","Transitional Independent Living (HYA)","1","25","0.04"
"2024-08-22T00:00:00.000","Transitional Independent Living (TIL)","23","495","0.05"
"2024-08-23T00:00:00.000","Crisis Shelters","10","258","0.04"
"2024-08-23T00:00:00.000","Crisis Shelters (HYA)","1","35","0.03"
"2024-08-23T00:00:00.000","Transitional Independent Living (HYA)","1","25","0.04"
"2024-08-23T00:00:00.000","Transitional Independent Living (TIL)","25","495","0.05"
"2024-08-24T00:00:00.000","Crisis Shelters","11","258","0.04"
"2024-08-24T00:00:00.000","Crisis Shelters (HYA)","1","35","0.03"
"2024-08-24T00:00:00.000","Transitional Independent Living (HYA)","1","25","0.04"
"2024-08-24T00:00:00.000","Transitional Independent Living (TIL)","27","495","0.05"
"2024-08-25T00:00:00.000","Crisis Shelters","10","258","0.04"
"2024-08-25T00:00:00.000","Crisis Shelters (HYA)","0","35","0"
"2024-08-25T00:00:00.000","Transitional Independent Living (HYA)","1","25","0.04"
"2024-08-25T00:00:00.000","Transitional Independent Living (TIL)","27","495","0.05"
"2024-08-26T00:00:00.000","Crisis Shelters","11","258","0.04"
"2024-08-26T00:00:00.000","Crisis Shelters (HYA)","0","35","0"
"2024-08-26T00:00:00.000","Transitional Independent Living (HYA)","1","25","0.04"
"2024-08-26T00:00:00.000","Transitional Independent Living (TIL)","26","495","0.05"
"2024-08-27T00:00:00.000","Crisis Shelters","16","258","0.06"
"2024-08-27T00:00:00.000","Crisis Shelters (HYA)","0","35","0"
"2024-08-27T00:00:00.000","Transitional Independent Living (HYA)","1","25","0.04"
"2024-08-27T00:00:00.000","Transitional Independent Living (TIL)","27","495","0.05"
"2024-08-28T00:00:00.000","Crisis Shelters","17","258","0.07"
"2024-08-28T00:00:00.000","Crisis Shelters (HYA)","0","35","0"
"2024-08-28T00:00:00.000","Transitional Independent Living (HYA)","1","25","0.04"
"2024-08-28T00:00:00.000","Transitional Independent Living (TIL)","27","495","0.05"
"2024-08-29T00:00:00.000","Crisis Shelters","11","258","0.04"
"2024-08-29T00:00:00.000","Crisis Shelters (HYA)","0","35","0"
"2024-08-29T00:00:00.000","Transitional Independent Living (HYA)","1","25","0.04"
"2024-08-29T00:00:00.000","Transitional Independent Living (TIL)","25","495","0.05"
"2024-08-30T00:00:00.000","Crisis Shelters","11","258","0.04"
"2024-08-30T00:00:00.000","Crisis Shelters (HYA)","0","35","0"
"2024-08-30T00:00:00.000","Transitional Independent Living (HYA)","1","25","0.04"
"2024-08-30T00:00:00.000","Transitional Independent Living (TIL)","25","495","0.05"
"2024-08-31T00:00:00.000","Crisis Shelters","7","258","0.03"
"2024-08-31T00:00:00.000","Crisis Shelters (HYA)","0","35","0"
"2024-08-31T00:00:00.000","Transitional Independent Living (HYA)","1","25","0.04"
"2024-08-31T00:00:00.000","Transitional Independent Living (TIL)","27","495","0.05"
"2024-09-01T00:00:00.000","Crisis Shelters","8","258","0.03"
"2024-09-01T00:00:00.000","Crisis Shelters (HYA)","0","35","0"
"2024-09-01T00:00:00.000","Transitional Independent Living (HYA)","1","25","0.04"
"2024-09-01T00:00:00.000","Transitional Independent Living (TIL)","30","495","0.06"
"2024-09-02T00:00:00.000","Crisis Shelters","8","258","0.03"
"2024-09-02T00:00:00.000","Crisis Shelters (HYA)","0","35","0"
"2024-09-02T00:00:00.000","Transitional Independent Living (HYA)","1","25","0.04"
"2024-09-02T00:00:00.000","Transitional Independent Living (TIL)","33","495","0.07"
"2024-09-03T00:00:00.000","Crisis Shelters","13","258","0.05"
"2024-09-03T00:00:00.000","Crisis Shelters (HYA)","0","35","0"
"2024-09-03T00:00:00.000","Transitional Independent Living (HYA)","1","25","0.04"
"2024-09-03T00:00:00.000","Transitional Independent Living (TIL)","32","495","0.06"
"2024-09-04T00:00:00.000","Crisis Shelters","14","258","0.05"
"2024-09-04T00:00:00.000","Crisis Shelters (HYA)","0","35","0"
"2024-09-04T00:00:00.000","Transitional Independent Living (HYA)","1","25","0.04"
"2024-09-04T00:00:00.000","Transitional Independent Living (TIL)","31","495","0.06"
"2024-09-05T00:00:00.000","Crisis Shelters","16","258","0.06"
"2024-09-05T00:00:00.000","Crisis Shelters (HYA)","0","35","0"
"2024-09-05T00:00:00.000","Transitional Independent Living (HYA)","1","25","0.04"
"2024-09-05T00:00:00.000","Transitional Independent Living (TIL)","29","495","0.06"
"2024-09-06T00:00:00.000","Crisis Shelters","11","258","0.04"
"2024-09-06T00:00:00.000","Crisis Shelters (HYA)","0","35","0"
"2024-09-06T00:00:00.000","Transitional Independent Living (HYA)","1","25","0.04"
"2024-09-06T00:00:00.000","Transitional Independent Living (TIL)","27","495","0.05"
"2024-09-07T00:00:00.000","Crisis Shelters","9","258","0.03"
"2024-09-07T00:00:00.000","Crisis Shelters (HYA)","0","35","0"
"2024-09-07T00:00:00.000","Transitional Independent Living (HYA)","1","25","0.04"
"2024-09-07T00:00:00.000","Transitional Independent Living (TIL)","26","495","0.05"
"2024-09-08T00:00:00.000","Crisis Shelters","7","258","0.03"
"2024-09-08T00:00:00.000","Crisis Shelters (HYA)","1","35","0.03"
"2024-09-08T00:00:00.000","Transitional Independent Living (HYA)","1","25","0.04"
"2024-09-08T00:00:00.000","Transitional Independent Living (TIL)","28","495","0.06"
"2024-09-09T00:00:00.000","Crisis Shelters","8","258","0.03"
"2024-09-09T00:00:00.000","Crisis Shelters (HYA)","1","35","0.03"
"2024-09-09T00:00:00.000","Transitional Independent Living (HYA)","1","25","0.04"
"2024-09-09T00:00:00.000","Transitional Independent Living (TIL)","29","495","0.06"
"2024-09-10T00:00:00.000","Crisis Shelters","8","258","0.03"
"2024-09-10T00:00:00.000","Crisis Shelters (HYA)","1","35","0.03"
"2024-09-10T00:00:00.000","Transitional Independent Living (HYA)","1","25","0.04"
"2024-09-10T00:00:00.000","Transitional Independent Living (TIL)","29","495","0.06"
"2024-09-11T00:00:00.000","Crisis Shelters","8","258","0.03"
"2024-09-11T00:00:00.000","Crisis Shelters (HYA)","1","35","0.03"
"2024-09-11T00:00:00.000","Transitional Independent Living (HYA)","1","25","0.04"
"2024-09-11T00:00:00.000","Transitional Independent Living (TIL)","25","495","0.05"
"2024-09-12T00:00:00.000","Crisis Shelters","5","258","0.02"
"2024-09-12T00:00:00.000","Crisis Shelters (HYA)","1","35","0.03"
"2024-09-12T00:00:00.000","Transitional Independent Living (HYA)","1","25","0.04"
"2024-09-12T00:00:00.000","Transitional Independent Living (TIL)","23","495","0.05"
"2024-09-13T00:00:00.000","Crisis Shelters","6","258","0.02"
"2024-09-13T00:00:00.000","Crisis Shelters (HYA)","0","35","0"
"2024-09-13T00:00:00.000","Transitional Independent Living (HYA)","2","25","0.08"
"2024-09-13T00:00:00.000","Transitional Independent Living (TIL)","23","495","0.05"
"2024-09-14T00:00:00.000","Crisis Shelters","5","258","0.02"
"2024-09-14T00:00:00.000","Crisis Shelters (HYA)","1","35","0.03"
"2024-09-14T00:00:00.000","Transitional Independent Living (HYA)","2","25","0.08"
"2024-09-14T00:00:00.000","Transitional Independent Living (TIL)","22","495","0.04"
"2024-09-15T00:00:00.000","Crisis Shelters","4","258","0.02"
"2024-09-15T00:00:00.000","Crisis Shelters (HYA)","0","35","0"
"2024-09-15T00:00:00.000","Transitional Independent Living (HYA)","2","25","0.08"
"2024-09-15T00:00:00.000","Transitional Independent Living (TIL)","23","495","0.05"
"2024-09-16T00:00:00.000","Crisis Shelters","6","258","0.02"
"2024-09-16T00:00:00.000","Crisis Shelters (HYA)","0","35","0"
"2024-09-16T00:00:00.000","Transitional Independent Living (HYA)","1","25","0.04"
"2024-09-16T00:00:00.000","Transitional Independent Living (TIL)","24","495","0.05"
"2024-09-17T00:00:00.000","Crisis Shelters","7","258","0.03"
"2024-09-17T00:00:00.000","Crisis Shelters (HYA)","0","35","0"
"2024-09-17T00:00:00.000","Transitional Independent Living (HYA)","1","25","0.04"
"2024-09-17T00:00:00.000","Transitional Independent Living (TIL)","25","495","0.05"
"2024-09-18T00:00:00.000","Crisis Shelters","10","258","0.04"
"2024-09-18T00:00:00.000","Crisis Shelters (HYA)","0","35","0"
"2024-09-18T00:00:00.000","Transitional Independent Living (HYA)","1","25","0.04"
"2024-09-18T00:00:00.000","Transitional Independent Living (TIL)","25","495","0.05"
"2024-09-19T00:00:00.000","Crisis Shelters","12","258","0.05"
"2024-09-19T00:00:00.000","Crisis Shelters (HYA)","1","35","0.03"
"2024-09-19T00:00:00.000","Transitional Independent Living (HYA)","1","25","0.04"
"2024-09-19T00:00:00.000","Transitional Independent Living (TIL)","25","495","0.05"
"2024-09-20T00:00:00.000","Crisis Shelters","15","258","0.06"
"2024-09-20T00:00:00.000","Crisis Shelters (HYA)","2","35","0.06"
"2024-09-20T00:00:00.000","Transitional Independent Living (HYA)","1","25","0.04"
"2024-09-20T00:00:00.000","Transitional Independent Living (TIL)","29","495","0.06"
"2024-09-21T00:00:00.000","Crisis Shelters","10","258","0.04"
"2024-09-21T00:00:00.000","Crisis Shelters (HYA)","2","35","0.06"
"2024-09-21T00:00:00.000","Transitional Independent Living (HYA)","1","25","0.04"
"2024-09-21T00:00:00.000","Transitional Independent Living (TIL)","29","495","0.06"
"2024-09-22T00:00:00.000","Crisis Shelters","13","258","0.05"
"2024-09-22T00:00:00.000","Crisis Shelters (HYA)","2","35","0.06"
"2024-09-22T00:00:00.000","Transitional Independent Living (HYA)","1","25","0.04"
"2024-09-22T00:00:00.000","Transitional Independent Living (TIL)","29","495","0.06"
"2024-09-23T00:00:00.000","Crisis Shelters","13","258","0.05"
"2024-09-23T00:00:00.000","Crisis Shelters (HYA)","2","35","0.06"
"2024-09-23T00:00:00.000","Transitional Independent Living (HYA)","1","25","0.04"
"2024-09-23T00:00:00.000","Transitional Independent Living (TIL)","30","495","0.06"
"2024-09-24T00:00:00.000","Crisis Shelters","15","258","0.06"
"2024-09-24T00:00:00.000","Crisis Shelters (HYA)","1","35","0.03"
"2024-09-24T00:00:00.000","Transitional Independent Living (HYA)","1","25","0.04"
"2024-09-24T00:00:00.000","Transitional Independent Living (TIL)","28","495","0.06"
"2024-09-25T00:00:00.000","Crisis Shelters","15","258","0.06"
"2024-09-25T00:00:00.000","Crisis Shelters (HYA)","2","35","0.06"
"2024-09-25T00:00:00.000","Transitional Independent Living (HYA)","1","25","0.04"
"2024-09-25T00:00:00.000","Transitional Independent Living (TIL)","26","495","0.05"
"2024-09-26T00:00:00.000","Crisis Shelters","12","258","0.05"
"2024-09-26T00:00:00.000","Crisis Shelters (HYA)","2","35","0.06"
"2024-09-26T00:00:00.000","Transitional Independent Living (HYA)","1","25","0.04"
"2024-09-26T00:00:00.000","Transitional Independent Living (TIL)","25","495","0.05"
"2024-09-27T00:00:00.000","Crisis Shelters","11","258","0.04"
"2024-09-27T00:00:00.000","Crisis Shelters (HYA)","2","35","0.06"
"2024-09-27T00:00:00.000","Transitional Independent Living (HYA)","2","25","0.08"
"2024-09-27T00:00:00.000","Transitional Independent Living (TIL)","24","495","0.05"
"2024-09-28T00:00:00.000","Crisis Shelters","9","258","0.03"
"2024-09-28T00:00:00.000","Crisis Shelters (HYA)","2","35","0.06"
"2024-09-28T00:00:00.000","Transitional Independent Living (HYA)","2","25","0.08"
"2024-09-28T00:00:00.000","Transitional Independent Living (TIL)","23","495","0.05"
"2024-09-29T00:00:00.000","Crisis Shelters","13","258","0.05"
"2024-09-29T00:00:00.000","Crisis Shelters (HYA)","0","35","0"
"2024-09-29T00:00:00.000","Transitional Independent Living (HYA)","2","25","0.08"
"2024-09-29T00:00:00.000","Transitional Independent Living (TIL)","23","495","0.05"
"2024-09-30T00:00:00.000","Crisis Shelters","11","258","0.04"
"2024-09-30T00:00:00.000","Crisis Shelters (HYA)","1","35","0.03"
"2024-09-30T00:00:00.000","Transitional Independent Living (HYA)","2","25","0.08"
"2024-09-30T00:00:00.000","Transitional Independent Living (TIL)","21","495","0.04"
"2024-10-01T00:00:00.000","Crisis Shelters","12","258","0.05"
"2024-10-01T00:00:00.000","Crisis Shelters (HYA)","0","35","0"
"2024-10-01T00:00:00.000","Transitional Independent Living (HYA)","1","25","0.04"
"2024-10-01T00:00:00.000","Transitional Independent Living (TIL)","20","495","0.04"
"2024-10-02T00:00:00.000","Crisis Shelters","11","258","0.04"
"2024-10-02T00:00:00.000","Crisis Shelters (HYA)","0","35","0"
"2024-10-02T00:00:00.000","Transitional Independent Living (HYA)","1","25","0.04"
"2024-10-02T00:00:00.000","Transitional Independent Living (TIL)","19","495","0.04"
"2024-10-03T00:00:00.000","Crisis Shelters","13","258","0.05"
"2024-10-03T00:00:00.000","Crisis Shelters (HYA)","0","35","0"
"2024-10-03T00:00:00.000","Transitional Independent Living (HYA)","1","25","0.04"
"2024-10-03T00:00:00.000","Transitional Independent Living (TIL)","20","495","0.04"
"2024-10-04T00:00:00.000","Crisis Shelters","11","258","0.04"
"2024-10-04T00:00:00.000","Crisis Shelters (HYA)","0","35","0"
"2024-10-04T00:00:00.000","Transitional Independent Living (HYA)","1","25","0.04"
"2024-10-04T00:00:00.000","Transitional Independent Living (TIL)","24","495","0.05"
"2024-10-05T00:00:00.000","Crisis Shelters","12","258","0.05"
"2024-10-05T00:00:00.000","Crisis Shelters (HYA)","0","35","0"
"2024-10-05T00:00:00.000","Transitional Independent Living (HYA)","1","25","0.04"
"2024-10-05T00:00:00.000","Transitional Independent Living (TIL)","25","495","0.05"
"2024-10-06T00:00:00.000","Crisis Shelters","12","258","0.05"
"2024-10-06T00:00:00.000","Crisis Shelters (HYA)","1","35","0.03"
"2024-10-06T00:00:00.000","Transitional Independent Living (HYA)","1","25","0.04"
"2024-10-06T00:00:00.000","Transitional Independent Living (TIL)","25","495","0.05"
"2024-10-07T00:00:00.000","Crisis Shelters","9","258","0.03"
"2024-10-07T00:00:00.000","Crisis Shelters (HYA)","1","35","0.03"
"2024-10-07T00:00:00.000","Transitional Independent Living (HYA)","1","25","0.04"
"2024-10-07T00:00:00.000","Transitional Independent Living (TIL)","27","495","0.05"
"2024-10-08T00:00:00.000","Crisis Shelters","8","258","0.03"
"2024-10-08T00:00:00.000","Crisis Shelters (HYA)","2","35","0.06"
"2024-10-08T00:00:00.000","Transitional Independent Living (HYA)","2","25","0.08"
"2024-10-08T00:00:00.000","Transitional Independent Living (TIL)","28","495","0.06"
"2024-10-09T00:00:00.000","Crisis Shelters","5","258","0.02"
"2024-10-09T00:00:00.000","Crisis Shelters (HYA)","1","35","0.03"
"2024-10-09T00:00:00.000","Transitional Independent Living (HYA)","2","25","0.08"
"2024-10-09T00:00:00.000","Transitional Independent Living (TIL)","30","495","0.06"
"2024-10-10T00:00:00.000","Crisis Shelters","6","258","0.02"
"2024-10-10T00:00:00.000","Crisis Shelters (HYA)","1","35","0.03"
"2024-10-10T00:00:00.000","Transitional Independent Living (HYA)","2","25","0.08"
"2024-10-10T00:00:00.000","Transitional Independent Living (TIL)","28","495","0.06"
"2024-10-11T00:00:00.000","Crisis Shelters","5","258","0.02"
"2024-10-11T00:00:00.000","Crisis Shelters (HYA)","0","35","0"
"2024-10-11T00:00:00.000","Transitional Independent Living (HYA)","2","25","0.08"
"2024-10-11T00:00:00.000","Transitional Independent Living (TIL)","29","495","0.06"
"2024-10-12T00:00:00.000","Crisis Shelters","6","258","0.02"
"2024-10-12T00:00:00.000","Crisis Shelters (HYA)","0","35","0"
"2024-10-12T00:00:00.000","Transitional Independent Living (HYA)","3","25","0.12"
"2024-10-12T00:00:00.000","Transitional Independent Living (TIL)","29","495","0.06"
"2024-10-13T00:00:00.000","Crisis Shelters","5","258","0.02"
"2024-10-13T00:00:00.000","Crisis Shelters (HYA)","0","35","0"
"2024-10-13T00:00:00.000","Transitional Independent Living (HYA)","2","25","0.08"
"2024-10-13T00:00:00.000","Transitional Independent Living (TIL)","30","495","0.06"
"2024-10-14T00:00:00.000","Crisis Shelters","10","258","0.04"
"2024-10-14T00:00:00.000","Crisis Shelters (HYA)","0","35","0"
"2024-10-14T00:00:00.000","Transitional Independent Living (HYA)","2","25","0.08"
"2024-10-14T00:00:00.000","Transitional Independent Living (TIL)","28","495","0.06"
"2024-10-15T00:00:00.000","Crisis Shelters","9","258","0.03"
"2024-10-15T00:00:00.000","Crisis Shelters (HYA)","0","35","0"
"2024-10-15T00:00:00.000","Transitional Independent Living (HYA)","2","25","0.08"
"2024-10-15T00:00:00.000","Transitional Independent Living (TIL)","27","495","0.05"
"2024-10-16T00:00:00.000","Crisis Shelters","8","258","0.03"
"2024-10-16T00:00:00.000","Crisis Shelters (HYA)","0","35","0"
"2024-10-16T00:00:00.000","Transitional Independent Living (HYA)","2","25","0.08"
"2024-10-16T00:00:00.000","Transitional Independent Living (TIL)","24","495","0.05"
"2024-10-17T00:00:00.000","Crisis Shelters","6","258","0.02"
"2024-10-17T00:00:00.000","Crisis Shelters (HYA)","0","35","0"
"2024-10-17T00:00:00.000","Transitional Independent Living (HYA)","2","25","0.08"
"2024-10-17T00:00:00.000","Transitional Independent Living (TIL)","21","495","0.04"
"2024-10-18T00:00:00.000","Crisis Shelters","9","258","0.03"
"2024-10-18T00:00:00.000","Crisis Shelters (HYA)","0","35","0"
"2024-10-18T00:00:00.000","Transitional Independent Living (HYA)","1","25","0.04"
"2024-10-18T00:00:00.000","Transitional Independent Living (TIL)","24","495","0.05"
"2024-10-19T00:00:00.000","Crisis Shelters","9","258","0.03"
"2024-10-19T00:00:00.000","Crisis Shelters (HYA)","0","35","0"
"2024-10-19T00:00:00.000","Transitional Independent Living (HYA)","1","25","0.04"
"2024-10-19T00:00:00.000","Transitional Independent Living (TIL)","27","495","0.05"
"2024-10-20T00:00:00.000","Crisis Shelters","9","258","0.03"
"2024-10-20T00:00:00.000","Crisis Shelters (HYA)","0","35","0"
"2024-10-20T00:00:00.000","Transitional Independent Living (HYA)","1","25","0.04"
"2024-10-20T00:00:00.000","Transitional Independent Living (TIL)","29","495","0.06"
"2024-10-21T00:00:00.000","Crisis Shelters","7","258","0.03"
"2024-10-21T00:00:00.000","Crisis Shelters (HYA)","0","35","0"
"2024-10-21T00:00:00.000","Transitional Independent Living (HYA)","1","25","0.04"
"2024-10-21T00:00:00.000","Transitional Independent Living (TIL)","28","495","0.06"
"2024-10-22T00:00:00.000","Crisis Shelters","7","258","0.03"
"2024-10-22T00:00:00.000","Crisis Shelters (HYA)","1","35","0.03"
"2024-10-22T00:00:00.000","Transitional Independent Living (HYA)","1","25","0.04"
"2024-10-22T00:00:00.000","Transitional Independent Living (TIL)","28","495","0.06"
"2024-10-23T00:00:00.000","Crisis Shelters","5","258","0.02"
"2024-10-23T00:00:00.000","Crisis Shelters (HYA)","0","35","0"
"2024-10-23T00:00:00.000","Transitional Independent Living (HYA)","1","25","0.04"
"2024-10-23T00:00:00.000","Transitional Independent Living (TIL)","29","495","0.06"
"2024-10-24T00:00:00.000","Crisis Shelters","6","258","0.02"
"2024-10-24T00:00:00.000","Crisis Shelters (HYA)","0","35","0"
"2024-10-24T00:00:00.000","Transitional Independent Living (HYA)","1","25","0.04"
"2024-10-24T00:00:00.000","Transitional Independent Living (TIL)","27","495","0.05"
"2024-10-25T00:00:00.000","Crisis Shelters","7","258","0.03"
"2024-10-25T00:00:00.000","Crisis Shelters (HYA)","0","35","0"
"2024-10-25T00:00:00.000","Transitional Independent Living (HYA)","1","25","0.04"
"2024-10-25T00:00:00.000","Transitional Independent Living (TIL)","27","495","0.05"
"2024-10-26T00:00:00.000","Crisis Shelters","7","258","0.03"
"2024-10-26T00:00:00.000","Crisis Shelters (HYA)","0","35","0"
"2024-10-26T00:00:00.000","Transitional Independent Living (HYA)","1","25","0.04"
"2024-10-26T00:00:00.000","Transitional Independent Living (TIL)","27","495","0.05"
"2024-10-27T00:00:00.000","Crisis Shelters","7","258","0.03"
"2024-10-27T00:00:00.000","Crisis Shelters (HYA)","0","35","0"
"2024-10-27T00:00:00.000","Transitional Independent Living (HYA)","1","25","0.04"
"2024-10-27T00:00:00.000","Transitional Independent Living (TIL)","26","495","0.05"
"2024-10-28T00:00:00.000","Crisis Shelters","9","258","0.03"
"2024-10-28T00:00:00.000","Crisis Shelters (HYA)","0","35","0"
"2024-10-28T00:00:00.000","Transitional Independent Living (HYA)","1","25","0.04"
"2024-10-28T00:00:00.000","Transitional Independent Living (TIL)","27","495","0.05"
"2024-10-29T00:00:00.000","Crisis Shelters","7","258","0.03"
"2024-10-29T00:00:00.000","Crisis Shelters (HYA)","0","35","0"
"2024-10-29T00:00:00.000","Transitional Independent Living (HYA)","1","25","0.04"
"2024-10-29T00:00:00.000","Transitional Independent Living (TIL)","26","495","0.05"
"2024-10-30T00:00:00.000","Crisis Shelters","8","258","0.03"
"2024-10-30T00:00:00.000","Crisis Shelters (HYA)","0","35","0"
"2024-10-30T00:00:00.000","Transitional Independent Living (HYA)","1","25","0.04"
"2024-10-30T00:00:00.000","Transitional Independent Living (TIL)","30","495","0.06"
"2024-10-31T00:00:00.000","Crisis Shelters","9","258","0.03"
"2024-10-31T00:00:00.000","Crisis Shelters (HYA)","1","35","0.03"
"2024-10-31T00:00:00.000","Transitional Independent Living (HYA)","1","25","0.04"
"2024-10-31T00:00:00.000","Transitional Independent Living (TIL)","26","495","0.05"
"2024-11-01T00:00:00.000","Crisis Shelters","4","258","0.02"
"2024-11-01T00:00:00.000","Crisis Shelters (HYA)","0","35","0"
"2024-11-01T00:00:00.000","Transitional Independent Living (HYA)","2","25","0.08"
"2024-11-01T00:00:00.000","Transitional Independent Living (TIL)","24","495","0.05"
"2024-11-02T00:00:00.000","Crisis Shelters","4","258","0.02"
"2024-11-02T00:00:00.000","Crisis Shelters (HYA)","0","35","0"
"2024-11-02T00:00:00.000","Transitional Independent Living (HYA)","2","25","0.08"
"2024-11-02T00:00:00.000","Transitional Independent Living (TIL)","25","495","0.05"
"2024-11-03T00:00:00.000","Crisis Shelters","6","258","0.02"
"2024-11-03T00:00:00.000","Crisis Shelters (HYA)","0","35","0"
"2024-11-03T00:00:00.000","Transitional Independent Living (HYA)","2","25","0.08"
"2024-11-03T00:00:00.000","Transitional Independent Living (TIL)","23","495","0.05"
"2024-11-04T00:00:00.000","Crisis Shelters","11","258","0.04"
"2024-11-04T00:00:00.000","Crisis Shelters (HYA)","0","35","0"
"2024-11-04T00:00:00.000","Transitional Independent Living (HYA)","3","25","0.12"
"2024-11-04T00:00:00.000","Transitional Independent Living (TIL)","26","495","0.05"
"2024-11-05T00:00:00.000","Crisis Shelters","10","258","0.04"
"2024-11-05T00:00:00.000","Crisis Shelters (HYA)","0","35","0"
"2024-11-05T00:00:00.000","Transitional Independent Living (HYA)","2","25","0.08"
"2024-11-05T00:00:00.000","Transitional Independent Living (TIL)","28","495","0.06"
"2024-11-06T00:00:00.000","Crisis Shelters","8","258","0.03"
"2024-11-06T00:00:00.000","Crisis Shelters (HYA)","0","35","0"
"2024-11-06T00:00:00.000","Transitional Independent Living (HYA)","3","25","0.12"
"2024-11-06T00:00:00.000","Transitional Independent Living (TIL)","27","495","0.05"
"2024-11-07T00:00:00.000","Crisis Shelters","6","258","0.02"
"2024-11-07T00:00:00.000","Crisis Shelters (HYA)","0","35","0"
"2024-11-07T00:00:00.000","Transitional Independent Living (HYA)","2","25","0.08"
"2024-11-07T00:00:00.000","Transitional Independent Living (TIL)","25","495","0.05"
"2024-11-08T00:00:00.000","Crisis Shelters","6","258","0.02"
"2024-11-08T00:00:00.000","Crisis Shelters (HYA)","0","35","0"
"2024-11-08T00:00:00.000","Transitional Independent Living (HYA)","2","25","0.08"
"2024-11-08T00:00:00.000","Transitional Independent Living (TIL)","22","495","0.04"
"2024-11-09T00:00:00.000","Crisis Shelters","6","258","0.02"
"2024-11-09T00:00:00.000","Crisis Shelters (HYA)","0","35","0"
"2024-11-09T00:00:00.000","Transitional Independent Living (HYA)","2","25","0.08"
"2024-11-09T00:00:00.000","Transitional Independent Living (TIL)","22","495","0.04"
"2024-11-10T00:00:00.000","Crisis Shelters","6","258","0.02"
"2024-11-10T00:00:00.000","Crisis Shelters (HYA)","1","35","0.03"
"2024-11-10T00:00:00.000","Transitional Independent Living (HYA)","2","25","0.08"
"2024-11-10T00:00:00.000","Transitional Independent Living (TIL)","22","495","0.04"
"2024-11-11T00:00:00.000","Crisis Shelters","8","258","0.03"
"2024-11-11T00:00:00.000","Crisis Shelters (HYA)","0","35","0"
"2024-11-11T00:00:00.000","Transitional Independent Living (HYA)","2","25","0.08"
"2024-11-11T00:00:00.000","Transitional Independent Living (TIL)","22","495","0.04"
"2024-11-12T00:00:00.000","Crisis Shelters","9","258","0.03"
"2024-11-12T00:00:00.000","Crisis Shelters (HYA)","1","35","0.03"
"2024-11-12T00:00:00.000","Transitional Independent Living (HYA)","1","25","0.04"
"2024-11-12T00:00:00.000","Transitional Independent Living (TIL)","22","495","0.04"
"2024-11-13T00:00:00.000","Crisis Shelters","8","258","0.03"
"2024-11-13T00:00:00.000","Crisis Shelters (HYA)","1","35","0.03"
"2024-11-13T00:00:00.000","Transitional Independent Living (HYA)","1","25","0.04"
"2024-11-13T00:00:00.000","Transitional Independent Living (TIL)","21","495","0.04"
"2024-11-14T00:00:00.000","Crisis Shelters","11","258","0.04"
"2024-11-14T00:00:00.000","Crisis Shelters (HYA)","0","35","0"
"2024-11-14T00:00:00.000","Transitional Independent Living (HYA)","1","25","0.04"
"2024-11-14T00:00:00.000","Transitional Independent Living (TIL)","23","495","0.05"
"2024-11-15T00:00:00.000","Crisis Shelters","12","258","0.05"
"2024-11-15T00:00:00.000","Crisis Shelters (HYA)","1","35","0.03"
"2024-11-15T00:00:00.000","Transitional Independent Living (HYA)","1","25","0.04"
"2024-11-15T00:00:00.000","Transitional Independent Living (TIL)","25","495","0.05"
"2024-11-16T00:00:00.000","Crisis Shelters","12","258","0.05"
"2024-11-16T00:00:00.000","Crisis Shelters (HYA)","1","35","0.03"
"2024-11-16T00:00:00.000","Transitional Independent Living (HYA)","1","25","0.04"
"2024-11-16T00:00:00.000","Transitional Independent Living (TIL)","25","495","0.05"
"2024-11-17T00:00:00.000","Crisis Shelters","11","258","0.04"
"2024-11-17T00:00:00.000","Crisis Shelters (HYA)","2","35","0.06"
"2024-11-17T00:00:00.000","Transitional Independent Living (HYA)","1","25","0.04"
"2024-11-17T00:00:00.000","Transitional Independent Living (TIL)","26","495","0.05"
"2024-11-18T00:00:00.000","Crisis Shelters","10","258","0.04"
"2024-11-18T00:00:00.000","Crisis Shelters (HYA)","0","35","0"
"2024-11-18T00:00:00.000","Transitional Independent Living (HYA)","1","25","0.04"
"2024-11-18T00:00:00.000","Transitional Independent Living (TIL)","29","495","0.06"
"2024-11-19T00:00:00.000","Crisis Shelters","9","258","0.03"
"2024-11-19T00:00:00.000","Crisis Shelters (HYA)","0","35","0"
"2024-11-19T00:00:00.000","Transitional Independent Living (HYA)","1","25","0.04"
"2024-11-19T00:00:00.000","Transitional Independent Living (TIL)","30","495","0.06"
"2024-11-20T00:00:00.000","Crisis Shelters","5","258","0.02"
"2024-11-20T00:00:00.000","Crisis Shelters (HYA)","1","35","0.03"
"2024-11-20T00:00:00.000","Transitional Independent Living (HYA)","1","25","0.04"
"2024-11-20T00:00:00.000","Transitional Independent Living (TIL)","29","495","0.06"
"2024-11-21T00:00:00.000","Crisis Shelters","7","258","0.03"
"2024-11-21T00:00:00.000","Crisis Shelters (HYA)","2","35","0.06"
"2024-11-21T00:00:00.000","Transitional Independent Living (HYA)","1","25","0.04"
"2024-11-21T00:00:00.000","Transitional Independent Living (TIL)","28","495","0.06"
"2024-11-22T00:00:00.000","Crisis Shelters","8","258","0.03"
"2024-11-22T00:00:00.000","Crisis Shelters (HYA)","2","35","0.06"
"2024-11-22T00:00:00.000","Transitional Independent Living (HYA)","1","25","0.04"
"2024-11-22T00:00:00.000","Transitional Independent Living (TIL)","27","495","0.05"
"2024-11-23T00:00:00.000","Crisis Shelters","6","258","0.02"
"2024-11-23T00:00:00.000","Crisis Shelters (HYA)","1","35","0.03"
"2024-11-23T00:00:00.000","Transitional Independent Living (HYA)","1","25","0.04"
"2024-11-23T00:00:00.000","Transitional Independent Living (TIL)","28","495","0.06"
"2024-11-24T00:00:00.000","Crisis Shelters","8","258","0.03"
"2024-11-24T00:00:00.000","Crisis Shelters (HYA)","0","35","0"
"2024-11-24T00:00:00.000","Transitional Independent Living (HYA)","1","25","0.04"
"2024-11-24T00:00:00.000","Transitional Independent Living (TIL)","28","495","0.06"
"2024-11-25T00:00:00.000","Crisis Shelters","9","258","0.03"
"2024-11-25T00:00:00.000","Crisis Shelters (HYA)","0","35","0"
"2024-11-25T00:00:00.000","Transitional Independent Living (HYA)","1","25","0.04"
"2024-11-25T00:00:00.000","Transitional Independent Living (TIL)","30","495","0.06"
"2024-11-26T00:00:00.000","Crisis Shelters","6","258","0.02"
"2024-11-26T00:00:00.000","Crisis Shelters (HYA)","0","35","0"
"2024-11-26T00:00:00.000","Transitional Independent Living (HYA)","1","25","0.04"
"2024-11-26T00:00:00.000","Transitional Independent Living (TIL)","28","495","0.06"
"2024-11-27T00:00:00.000","Crisis Shelters","6","258","0.02"
"2024-11-27T00:00:00.000","Crisis Shelters (HYA)","0","35","0"
"2024-11-27T00:00:00.000","Transitional Independent Living (HYA)","1","25","0.04"
"2024-11-27T00:00:00.000","Transitional Independent Living (TIL)","27","495","0.05"
"2024-11-28T00:00:00.000","Crisis Shelters","10","258","0.04"
"2024-11-28T00:00:00.000","Crisis Shelters (HYA)","0","35","0"
"2024-11-28T00:00:00.000","Transitional Independent Living (HYA)","1","25","0.04"
"2024-11-28T00:00:00.000","Transitional Independent Living (TIL)","25","495","0.05"
"2024-11-29T00:00:00.000","Crisis Shelters","10","258","0.04"
"2024-11-29T00:00:00.000","Crisis Shelters (HYA)","0","35","0"
"2024-11-29T00:00:00.000","Transitional Independent Living (HYA)","1","25","0.04"
"2024-11-29T00:00:00.000","Transitional Independent Living (TIL)","24","495","0.05"
"2024-11-30T00:00:00.000","Crisis Shelters","9","258","0.03"
"2024-11-30T00:00:00.000","Crisis Shelters (HYA)","0","35","0"
"2024-11-30T00:00:00.000","Transitional Independent Living (HYA)","1","25","0.04"
"2024-11-30T00:00:00.000","Transitional Independent Living (TIL)","24","495","0.05"
"2024-12-01T00:00:00.000","Crisis Shelters","7","258","0.03"
"2024-12-01T00:00:00.000","Crisis Shelters (HYA)","1","35","0.03"
"2024-12-01T00:00:00.000","Transitional Independent Living (HYA)","1","25","0.04"
"2024-12-01T00:00:00.000","Transitional Independent Living (TIL)","25","495","0.05"
"2024-12-02T00:00:00.000","Crisis Shelters","10","258","0.04"
"2024-12-02T00:00:00.000","Crisis Shelters (HYA)","0","35","0"
"2024-12-02T00:00:00.000","Transitional Independent Living (HYA)","1","25","0.04"
"2024-12-02T00:00:00.000","Transitional Independent Living (TIL)","26","495","0.05"
"2024-12-03T00:00:00.000","Crisis Shelters","11","258","0.04"
"2024-12-03T00:00:00.000","Crisis Shelters (HYA)","0","35","0"
"2024-12-03T00:00:00.000","Transitional Independent Living (HYA)","1","25","0.04"
"2024-12-03T00:00:00.000","Transitional Independent Living (TIL)","26","495","0.05"
"2024-12-04T00:00:00.000","Crisis Shelters","7","258","0.03"
"2024-12-04T00:00:00.000","Crisis Shelters (HYA)","0","35","0"
"2024-12-04T00:00:00.000","Transitional Independent Living (HYA)","2","25","0.08"
"2024-12-04T00:00:00.000","Transitional Independent Living (TIL)","27","495","0.05"
"2024-12-05T00:00:00.000","Crisis Shelters","11","258","0.04"
"2024-12-05T00:00:00.000","Crisis Shelters (HYA)","1","35","0.03"
"2024-12-05T00:00:00.000","Transitional Independent Living (HYA)","1","25","0.04"
"2024-12-05T00:00:00.000","Transitional Independent Living (TIL)","25","495","0.05"
"2024-12-06T00:00:00.000","Crisis Shelters","10","258","0.04"
"2024-12-06T00:00:00.000","Crisis Shelters (HYA)","1","35","0.03"
"2024-12-06T00:00:00.000","Transitional Independent Living (HYA)","1","25","0.04"
"2024-12-06T00:00:00.000","Transitional Independent Living (TIL)","23","495","0.05"
"2024-12-07T00:00:00.000","Crisis Shelters","8","258","0.03"
"2024-12-07T00:00:00.000","Crisis Shelters (HYA)","1","35","0.03"
"2024-12-07T00:00:00.000","Transitional Independent Living (HYA)","1","25","0.04"
"2024-12-07T00:00:00.000","Transitional Independent Living (TIL)","24","495","0.05"
"2024-12-08T00:00:00.000","Crisis Shelters","9","258","0.03"
"2024-12-08T00:00:00.000","Crisis Shelters (HYA)","2","35","0.06"
"2024-12-08T00:00:00.000","Transitional Independent Living (HYA)","1","25","0.04"
"2024-12-08T00:00:00.000","Transitional Independent Living (TIL)","25","495","0.05"
"2024-12-09T00:00:00.000","Crisis Shelters","7","258","0.03"
"2024-12-09T00:00:00.000","Crisis Shelters (HYA)","2","35","0.06"
"2024-12-09T00:00:00.000","Transitional Independent Living (HYA)","1","25","0.04"
"2024-12-09T00:00:00.000","Transitional Independent Living (TIL)","26","495","0.05"
"2024-12-10T00:00:00.000","Crisis Shelters","11","258","0.04"
"2024-12-10T00:00:00.000","Crisis Shelters (HYA)","0","35","0"
"2024-12-10T00:00:00.000","Transitional Independent Living (HYA)","1","25","0.04"
"2024-12-10T00:00:00.000","Transitional Independent Living (TIL)","25","495","0.05"
"2024-12-11T00:00:00.000","Crisis Shelters","9","258","0.03"
"2024-12-11T00:00:00.000","Crisis Shelters (HYA)","3","35","0.09"
"2024-12-11T00:00:00.000","Transitional Independent Living (HYA)","1","25","0.04"
"2024-12-11T00:00:00.000","Transitional Independent Living (TIL)","25","495","0.05"
"2024-12-12T00:00:00.000","Crisis Shelters","13","258","0.05"
"2024-12-12T00:00:00.000","Crisis Shelters (HYA)","2","35","0.06"
"2024-12-12T00:00:00.000","Transitional Independent Living (HYA)","1","25","0.04"
"2024-12-12T00:00:00.000","Transitional Independent Living (TIL)","24","495","0.05"
"2024-12-13T00:00:00.000","Crisis Shelters","11","258","0.04"
"2024-12-13T00:00:00.000","Crisis Shelters (HYA)","1","35","0.03"
"2024-12-13T00:00:00.000","Transitional Independent Living (HYA)","1","25","0.04"
"2024-12-13T00:00:00.000","Transitional Independent Living (TIL)","22","495","0.04"
"2024-12-14T00:00:00.000","Crisis Shelters","11","258","0.04"
"2024-12-14T00:00:00.000","Crisis Shelters (HYA)","0","35","0"
"2024-12-14T00:00:00.000","Transitional Independent Living (HYA)","1","25","0.04"
"2024-12-14T00:00:00.000","Transitional Independent Living (TIL)","25","495","0.05"
"2024-12-15T00:00:00.000","Crisis Shelters","11","258","0.04"
"2024-12-15T00:00:00.000","Crisis Shelters (HYA)","1","35","0.03"
"2024-12-15T00:00:00.000","Transitional Independent Living (HYA)","1","25","0.04"
"2024-12-15T00:00:00.000","Transitional Independent Living (TIL)","25","495","0.05"
"2024-12-16T00:00:00.000","Crisis Shelters","13","258","0.05"
"2024-12-16T00:00:00.000","Crisis Shelters (HYA)","1","35","0.03"
"2024-12-16T00:00:00.000","Transitional Independent Living (HYA)","1","25","0.04"
"2024-12-16T00:00:00.000","Transitional Independent Living (TIL)","27","495","0.05"
"2024-12-17T00:00:00.000","Crisis Shelters","16","258","0.06"
"2024-12-17T00:00:00.000","Crisis Shelters (HYA)","2","35","0.06"
"2024-12-17T00:00:00.000","Transitional Independent Living (HYA)","1","25","0.04"
"2024-12-17T00:00:00.000","Transitional Independent Living (TIL)","26","495","0.05"
"2024-12-18T00:00:00.000","Crisis Shelters","13","258","0.05"
"2024-12-18T00:00:00.000","Crisis Shelters (HYA)","0","35","0"
"2024-12-18T00:00:00.000","Transitional Independent Living (HYA)","1","25","0.04"
"2024-12-18T00:00:00.000","Transitional Independent Living (TIL)","25","495","0.05"
"2024-12-19T00:00:00.000","Crisis Shelters","5","258","0.02"
"2024-12-19T00:00:00.000","Crisis Shelters (HYA)","0","35","0"
"2024-12-19T00:00:00.000","Transitional Independent Living (HYA)","1","25","0.04"
"2024-12-19T00:00:00.000","Transitional Independent Living (TIL)","26","495","0.05"
"2024-12-20T00:00:00.000","Crisis Shelters","5","258","0.02"
"2024-12-20T00:00:00.000","Crisis Shelters (HYA)","0","35","0"
"2024-12-20T00:00:00.000","Transitional Independent Living (HYA)","1","25","0.04"
"2024-12-20T00:00:00.000","Transitional Independent Living (TIL)","27","495","0.05"
"2024-12-21T00:00:00.000","Crisis Shelters","4","258","0.02"
"2024-12-21T00:00:00.000","Crisis Shelters (HYA)","0","35","0"
"2024-12-21T00:00:00.000","Transitional Independent Living (HYA)","1","25","0.04"
"2024-12-21T00:00:00.000","Transitional Independent Living (TIL)","27","495","0.05"
"2024-12-22T00:00:00.000","Crisis Shelters","11","258","0.04"
"2024-12-22T00:00:00.000","Crisis Shelters (HYA)","0","35","0"
"2024-12-22T00:00:00.000","Transitional Independent Living (HYA)","1","25","0.04"
"2024-12-22T00:00:00.000","Transitional Independent Living (TIL)","27","495","0.05"
"2024-12-23T00:00:00.000","Crisis Shelters","7","258","0.03"
"2024-12-23T00:00:00.000","Crisis Shelters (HYA)","1","35","0.03"
"2024-12-23T00:00:00.000","Transitional Independent Living (HYA)","1","25","0.04"
"2024-12-23T00:00:00.000","Transitional Independent Living (TIL)","28","495","0.06"
"2024-12-24T00:00:00.000","Crisis Shelters","11","258","0.04"
"2024-12-24T00:00:00.000","Crisis Shelters (HYA)","1","35","0.03"
"2024-12-24T00:00:00.000","Transitional Independent Living (HYA)","1","25","0.04"
"2024-12-24T00:00:00.000","Transitional Independent Living (TIL)","25","495","0.05"
"2024-12-25T00:00:00.000","Crisis Shelters","8","258","0.03"
"2024-12-25T00:00:00.000","Crisis Shelters (HYA)","1","35","0.03"
"2024-12-25T00:00:00.000","Transitional Independent Living (HYA)","1","25","0.04"
"2024-12-25T00:00:00.000","Transitional Independent Living (TIL)","27","495","0.05"
"2024-12-26T00:00:00.000","Crisis Shelters","7","258","0.03"
"2024-12-26T00:00:00.000","Crisis Shelters (HYA)","1","35","0.03"
"2024-12-26T00:00:00.000","Transitional Independent Living (HYA)","2","25","0.08"
"2024-12-26T00:00:00.000","Transitional Independent Living (TIL)","27","495","0.05"
"2024-12-27T00:00:00.000","Crisis Shelters","12","258","0.05"
"2024-12-27T00:00:00.000","Crisis Shelters (HYA)","1","35","0.03"
"2024-12-27T00:00:00.000","Transitional Independent Living (HYA)","2","25","0.08"
"2024-12-27T00:00:00.000","Transitional Independent Living (TIL)","24","495","0.05"
"2024-12-28T00:00:00.000","Crisis Shelters","12","258","0.05"
"2024-12-28T00:00:00.000","Crisis Shelters (HYA)","1","35","0.03"
"2024-12-28T00:00:00.000","Transitional Independent Living (HYA)","1","25","0.04"
"2024-12-28T00:00:00.000","Transitional Independent Living (TIL)","25","495","0.05"
"2024-12-29T00:00:00.000","Crisis Shelters","11","258","0.04"
"2024-12-29T00:00:00.000","Crisis Shelters (HYA)","0","35","0"
"2024-12-29T00:00:00.000","Transitional Independent Living (HYA)","1","25","0.04"
"2024-12-29T00:00:00.000","Transitional Independent Living (TIL)","25","495","0.05"
"2024-12-30T00:00:00.000","Crisis Shelters","11","258","0.04"
"2024-12-30T00:00:00.000","Crisis Shelters (HYA)","0","35","0"
"2024-12-30T00:00:00.000","Transitional Independent Living (HYA)","1","25","0.04"
"2024-12-30T00:00:00.000","Transitional Independent Living (TIL)","25","495","0.05"
"2024-12-31T00:00:00.000","Crisis Shelters","9","258","0.03"
"2024-12-31T00:00:00.000","Crisis Shelters (HYA)","0","35","0"
"2024-12-31T00:00:00.000","Transitional Independent Living (HYA)","1","25","0.04"
"2024-12-31T00:00:00.000","Transitional Independent Living (TIL)","25","495","0.05"
"2025-01-01T00:00:00.000","Crisis Shelters","12","258","0.05"
"2025-01-01T00:00:00.000","Crisis Shelters (HYA)","0","35","0"
"2025-01-01T00:00:00.000","Transitional Independent Living (HYA)","1","25","0.04"
"2025-01-01T00:00:00.000","Transitional Independent Living (TIL)","24","495","0.05"
"2025-01-02T00:00:00.000","Crisis Shelters","9","258","0.03"
"2025-01-02T00:00:00.000","Crisis Shelters (HYA)","1","35","0.03"
"2025-01-02T00:00:00.000","Transitional Independent Living (HYA)","1","25","0.04"
"2025-01-02T00:00:00.000","Transitional Independent Living (TIL)","25","495","0.05"
"2025-01-03T00:00:00.000","Crisis Shelters","7","258","0.03"
"2025-01-03T00:00:00.000","Crisis Shelters (HYA)","0","35","0"
"2025-01-03T00:00:00.000","Transitional Independent Living (HYA)","1","25","0.04"
"2025-01-03T00:00:00.000","Transitional Independent Living (TIL)","24","495","0.05"
"2025-01-04T00:00:00.000","Crisis Shelters","8","258","0.03"
"2025-01-04T00:00:00.000","Crisis Shelters (HYA)","0","35","0"
"2025-01-04T00:00:00.000","Transitional Independent Living (HYA)","1","25","0.04"
"2025-01-04T00:00:00.000","Transitional Independent Living (TIL)","24","495","0.05"
"2025-01-05T00:00:00.000","Crisis Shelters","10","258","0.04"
"2025-01-05T00:00:00.000","Crisis Shelters (HYA)","1","35","0.03"
"2025-01-05T00:00:00.000","Transitional Independent Living (HYA)","1","25","0.04"
"2025-01-05T00:00:00.000","Transitional Independent Living (TIL)","24","495","0.05"
"2025-01-06T00:00:00.000","Crisis Shelters","12","258","0.05"
"2025-01-06T00:00:00.000","Crisis Shelters (HYA)","2","35","0.06"
"2025-01-06T00:00:00.000","Transitional Independent Living (HYA)","1","25","0.04"
"2025-01-06T00:00:00.000","Transitional Independent Living (TIL)","26","495","0.05"
"2025-01-07T00:00:00.000","Crisis Shelters","10","258","0.04"
"2025-01-07T00:00:00.000","Crisis Shelters (HYA)","2","35","0.06"
"2025-01-07T00:00:00.000","Transitional Independent Living (HYA)","1","25","0.04"
"2025-01-07T00:00:00.000","Transitional Independent Living (TIL)","25","495","0.05"
"2025-01-08T00:00:00.000","Crisis Shelters","9","258","0.03"
"2025-01-08T00:00:00.000","Crisis Shelters (HYA)","2","35","0.06"
"2025-01-08T00:00:00.000","Transitional Independent Living (HYA)","1","25","0.04"
"2025-01-08T00:00:00.000","Transitional Independent Living (TIL)","25","495","0.05"
"2025-01-09T00:00:00.000","Crisis Shelters","11","258","0.04"
"2025-01-09T00:00:00.000","Crisis Shelters (HYA)","1","35","0.03"
"2025-01-09T00:00:00.000","Transitional Independent Living (HYA)","1","25","0.04"
"2025-01-09T00:00:00.000","Transitional Independent Living (TIL)","26","495","0.05"
"2025-01-10T00:00:00.000","Crisis Shelters","12","258","0.05"
"2025-01-10T00:00:00.000","Crisis Shelters (HYA)","1","35","0.03"
"2025-01-10T00:00:00.000","Transitional Independent Living (HYA)","1","25","0.04"
"2025-01-10T00:00:00.000","Transitional Independent Living (TIL)","25","495","0.05"
"2025-01-11T00:00:00.000","Crisis Shelters","13","258","0.05"
"2025-01-11T00:00:00.000","Crisis Shelters (HYA)","1","35","0.03"
"2025-01-11T00:00:00.000","Transitional Independent Living (HYA)","1","25","0.04"
"2025-01-11T00:00:00.000","Transitional Independent Living (TIL)","25","495","0.05"
"2025-01-12T00:00:00.000","Crisis Shelters","15","258","0.06"
"2025-01-12T00:00:00.000","Crisis Shelters (HYA)","1","35","0.03"
"2025-01-12T00:00:00.000","Transitional Independent Living (HYA)","1","25","0.04"
"2025-01-12T00:00:00.000","Transitional Independent Living (TIL)","25","495","0.05"
"2025-01-13T00:00:00.000","Crisis Shelters","15","258","0.06"
"2025-01-13T00:00:00.000","Crisis Shelters (HYA)","1","35","0.03"
"2025-01-13T00:00:00.000","Transitional Independent Living (HYA)","1","25","0.04"
"2025-01-13T00:00:00.000","Transitional Independent Living (TIL)","25","495","0.05"
"2025-01-14T00:00:00.000","Crisis Shelters","15","258","0.06"
"2025-01-14T00:00:00.000","Crisis Shelters (HYA)","1","35","0.03"
"2025-01-14T00:00:00.000","Transitional Independent Living (HYA)","1","25","0.04"
"2025-01-14T00:00:00.000","Transitional Independent Living (TIL)","23","495","0.05"
"2025-01-15T00:00:00.000","Crisis Shelters","12","258","0.05"
"2025-01-15T00:00:00.000","Crisis Shelters (HYA)","2","35","0.06"
"2025-01-15T00:00:00.000","Transitional Independent Living (HYA)","1","25","0.04"
"2025-01-15T00:00:00.000","Transitional Independent Living (TIL)","26","495","0.05"
"2025-01-16T00:00:00.000","Crisis Shelters","12","258","0.05"
"2025-01-16T00:00:00.000","Crisis Shelters (HYA)","2","35","0.06"
"2025-01-16T00:00:00.000","Transitional Independent Living (HYA)","1","25","0.04"
"2025-01-16T00:00:00.000","Transitional Independent Living (TIL)","25","495","0.05"
"2025-01-17T00:00:00.000","Crisis Shelters","13","258","0.05"
"2025-01-17T00:00:00.000","Crisis Shelters (HYA)","1","35","0.03"
"2025-01-17T00:00:00.000","Transitional Independent Living (HYA)","1","25","0.04"
"2025-01-17T00:00:00.000","Transitional Independent Living (TIL)","24","495","0.05"
"2025-01-18T00:00:00.000","Crisis Shelters","12","258","0.05"
"2025-01-18T00:00:00.000","Crisis Shelters (HYA)","1","35","0.03"
"2025-01-18T00:00:00.000","Transitional Independent Living (HYA)","1","25","0.04"
"2025-01-18T00:00:00.000","Transitional Independent Living (TIL)","24","495","0.05"
"2025-01-19T00:00:00.000","Crisis Shelters","13","258","0.05"
"2025-01-19T00:00:00.000","Crisis Shelters (HYA)","1","35","0.03"
"2025-01-19T00:00:00.000","Transitional Independent Living (HYA)","1","25","0.04"
"2025-01-19T00:00:00.000","Transitional Independent Living (TIL)","22","495","0.04"
"2025-01-20T00:00:00.000","Crisis Shelters","14","258","0.05"
"2025-01-20T00:00:00.000","Crisis Shelters (HYA)","1","35","0.03"
"2025-01-20T00:00:00.000","Transitional Independent Living (HYA)","1","25","0.04"
"2025-01-20T00:00:00.000","Transitional Independent Living (TIL)","22","495","0.04"
"2025-01-21T00:00:00.000","Crisis Shelters","16","258","0.06"
"2025-01-21T00:00:00.000","Crisis Shelters (HYA)","0","35","0"
"2025-01-21T00:00:00.000","Transitional Independent Living (HYA)","1","25","0.04"
"2025-01-21T00:00:00.000","Transitional Independent Living (TIL)","26","495","0.05"
"2025-01-22T00:00:00.000","Crisis Shelters","18","258","0.07"
"2025-01-22T00:00:00.000","Crisis Shelters (HYA)","1","35","0.03"
"2025-01-22T00:00:00.000","Transitional Independent Living (HYA)","1","25","0.04"
"2025-01-22T00:00:00.000","Transitional Independent Living (TIL)","24","495","0.05"
"2025-01-23T00:00:00.000","Crisis Shelters","24","258","0.09"
"2025-01-23T00:00:00.000","Crisis Shelters (HYA)","0","35","0"
"2025-01-23T00:00:00.000","Transitional Independent Living (HYA)","1","25","0.04"
"2025-01-23T00:00:00.000","Transitional Independent Living (TIL)","24","495","0.05"
"2025-01-24T00:00:00.000","Crisis Shelters","23","258","0.09"
"2025-01-24T00:00:00.000","Crisis Shelters (HYA)","0","35","0"
"2025-01-24T00:00:00.000","Transitional Independent Living (HYA)","1","25","0.04"
"2025-01-24T00:00:00.000","Transitional Independent Living (TIL)","23","495","0.05"
"2025-01-25T00:00:00.000","Crisis Shelters","19","258","0.07"
"2025-01-25T00:00:00.000","Crisis Shelters (HYA)","0","35","0"
"2025-01-25T00:00:00.000","Transitional Independent Living (HYA)","1","25","0.04"
"2025-01-25T00:00:00.000","Transitional Independent Living (TIL)","24","495","0.05"
"2025-01-26T00:00:00.000","Crisis Shelters","16","258","0.06"
"2025-01-26T00:00:00.000","Crisis Shelters (HYA)","0","35","0"
"2025-01-26T00:00:00.000","Transitional Independent Living (HYA)","1","25","0.04"
"2025-01-26T00:00:00.000","Transitional Independent Living (TIL)","25","495","0.05"
"2025-01-27T00:00:00.000","Crisis Shelters","13","258","0.05"
"2025-01-27T00:00:00.000","Crisis Shelters (HYA)","1","35","0.03"
"2025-01-27T00:00:00.000","Transitional Independent Living (HYA)","1","25","0.04"
"2025-01-27T00:00:00.000","Transitional Independent Living (TIL)","27","495","0.05"
"2025-01-28T00:00:00.000","Crisis Shelters","13","258","0.05"
"2025-01-28T00:00:00.000","Crisis Shelters (HYA)","1","35","0.03"
"2025-01-28T00:00:00.000","Transitional Independent Living (HYA)","1","25","0.04"
"2025-01-28T00:00:00.000","Transitional Independent Living (TIL)","23","495","0.05"
"2025-01-29T00:00:00.000","Crisis Shelters","13","258","0.05"
"2025-01-29T00:00:00.000","Crisis Shelters (HYA)","0","35","0"
"2025-01-29T00:00:00.000","Transitional Independent Living (HYA)","1","25","0.04"
"2025-01-29T00:00:00.000","Transitional Independent Living (TIL)","23","495","0.05"
"2025-01-30T00:00:00.000","Crisis Shelters","15","258","0.06"
"2025-01-30T00:00:00.000","Crisis Shelters (HYA)","0","35","0"
"2025-01-30T00:00:00.000","Transitional Independent Living (HYA)","1","25","0.04"
"2025-01-30T00:00:00.000","Transitional Independent Living (TIL)","22","495","0.04"
"2025-01-31T00:00:00.000","Crisis Shelters","15","258","0.06"
"2025-01-31T00:00:00.000","Crisis Shelters (HYA)","1","35","0.03"
"2025-01-31T00:00:00.000","Transitional Independent Living (HYA)","1","25","0.04"
"2025-01-31T00:00:00.000","Transitional Independent Living (TIL)","23","495","0.05"
"2025-02-01T00:00:00.000","Crisis Shelters","16","258","0.06"
"2025-02-01T00:00:00.000","Crisis Shelters (HYA)","0","35","0"
"2025-02-01T00:00:00.000","Transitional Independent Living (HYA)","1","25","0.04"
"2025-02-01T00:00:00.000","Transitional Independent Living (TIL)","22","495","0.04"
"2025-02-02T00:00:00.000","Crisis Shelters","17","258","0.07"
"2025-02-02T00:00:00.000","Crisis Shelters (HYA)","0","35","0"
"2025-02-02T00:00:00.000","Transitional Independent Living (HYA)","1","25","0.04"
"2025-02-02T00:00:00.000","Transitional Independent Living (TIL)","25","495","0.05"
"2025-02-03T00:00:00.000","Crisis Shelters","18","258","0.07"
"2025-02-03T00:00:00.000","Crisis Shelters (HYA)","0","35","0"
"2025-02-03T00:00:00.000","Transitional Independent Living (HYA)","1","25","0.04"
"2025-02-03T00:00:00.000","Transitional Independent Living (TIL)","27","495","0.05"
"2025-02-04T00:00:00.000","Crisis Shelters","15","258","0.06"
"2025-02-04T00:00:00.000","Crisis Shelters (HYA)","0","35","0"
"2025-02-04T00:00:00.000","Transitional Independent Living (HYA)","1","25","0.04"
"2025-02-04T00:00:00.000","Transitional Independent Living (TIL)","29","495","0.06"
"2025-02-05T00:00:00.000","Crisis Shelters","17","258","0.07"
"2025-02-05T00:00:00.000","Crisis Shelters (HYA)","1","35","0.03"
"2025-02-05T00:00:00.000","Transitional Independent Living (HYA)","0","25","0"
"2025-02-05T00:00:00.000","Transitional Independent Living (TIL)","28","495","0.06"
"2025-02-06T00:00:00.000","Crisis Shelters","17","258","0.07"
"2025-02-06T00:00:00.000","Crisis Shelters (HYA)","1","35","0.03"
"2025-02-06T00:00:00.000","Transitional Independent Living (HYA)","0","25","0"
"2025-02-06T00:00:00.000","Transitional Independent Living (TIL)","27","495","0.05"
"2025-02-07T00:00:00.000","Crisis Shelters","22","258","0.09"
"2025-02-07T00:00:00.000","Crisis Shelters (HYA)","2","35","0.06"
"2025-02-07T00:00:00.000","Transitional Independent Living (HYA)","0","25","0"
"2025-02-07T00:00:00.000","Transitional Independent Living (TIL)","29","495","0.06"
"2025-02-08T00:00:00.000","Crisis Shelters","23","258","0.09"
"2025-02-08T00:00:00.000","Crisis Shelters (HYA)","2","35","0.06"
"2025-02-08T00:00:00.000","Transitional Independent Living (HYA)","0","25","0"
"2025-02-08T00:00:00.000","Transitional Independent Living (TIL)","29","495","0.06"
"2025-02-09T00:00:00.000","Crisis Shelters","22","258","0.09"
"2025-02-09T00:00:00.000","Crisis Shelters (HYA)","1","35","0.03"
"2025-02-09T00:00:00.000","Transitional Independent Living (HYA)","0","25","0"
"2025-02-09T00:00:00.000","Transitional Independent Living (TIL)","29","495","0.06"
"2025-02-10T00:00:00.000","Crisis Shelters","23","258","0.09"
"2025-02-10T00:00:00.000","Crisis Shelters (HYA)","0","35","0"
"2025-02-10T00:00:00.000","Transitional Independent Living (HYA)","0","25","0"
"2025-02-10T00:00:00.000","Transitional Independent Living (TIL)","27","495","0.05"
"2025-02-11T00:00:00.000","Crisis Shelters","21","258","0.08"
"2025-02-11T00:00:00.000","Crisis Shelters (HYA)","0","35","0"
"2025-02-11T00:00:00.000","Transitional Independent Living (HYA)","0","25","0"
"2025-02-11T00:00:00.000","Transitional Independent Living (TIL)","28","495","0.06"
"2025-02-12T00:00:00.000","Crisis Shelters","22","258","0.09"
"2025-02-12T00:00:00.000","Crisis Shelters (HYA)","0","35","0"
"2025-02-12T00:00:00.000","Transitional Independent Living (HYA)","0","25","0"
"2025-02-12T00:00:00.000","Transitional Independent Living (TIL)","29","495","0.06"
"2025-02-13T00:00:00.000","Crisis Shelters","25","258","0.1"
"2025-02-13T00:00:00.000","Crisis Shelters (HYA)","0","35","0"
"2025-02-13T00:00:00.000","Transitional Independent Living (HYA)","0","25","0"
"2025-02-13T00:00:00.000","Transitional Independent Living (TIL)","25","495","0.05"
"2025-02-14T00:00:00.000","Crisis Shelters","26","258","0.1"
"2025-02-14T00:00:00.000","Crisis Shelters (HYA)","0","35","0"
"2025-02-14T00:00:00.000","Transitional Independent Living (HYA)","0","25","0"
"2025-02-14T00:00:00.000","Transitional Independent Living (TIL)","25","495","0.05"
"2025-02-15T00:00:00.000","Crisis Shelters","26","258","0.1"
"2025-02-15T00:00:00.000","Crisis Shelters (HYA)","0","35","0"
"2025-02-15T00:00:00.000","Transitional Independent Living (HYA)","0","25","0"
"2025-02-15T00:00:00.000","Transitional Independent Living (TIL)","24","495","0.05"
"2025-02-16T00:00:00.000","Crisis Shelters","28","258","0.11"
"2025-02-16T00:00:00.000","Crisis Shelters (HYA)","1","35","0.03"
"2025-02-16T00:00:00.000","Transitional Independent Living (HYA)","0","25","0"
"2025-02-16T00:00:00.000","Transitional Independent Living (TIL)","25","495","0.05"
"2025-02-17T00:00:00.000","Crisis Shelters","32","258","0.12"
"2025-02-17T00:00:00.000","Crisis Shelters (HYA)","2","35","0.06"
"2025-02-17T00:00:00.000","Transitional Independent Living (HYA)","0","25","0"
"2025-02-17T00:00:00.000","Transitional Independent Living (TIL)","26","495","0.05"
"2025-02-18T00:00:00.000","Crisis Shelters","25","258","0.1"
"2025-02-18T00:00:00.000","Crisis Shelters (HYA)","1","35","0.03"
"2025-02-18T00:00:00.000","Transitional Independent Living (HYA)","0","25","0"
"2025-02-18T00:00:00.000","Transitional Independent Living (TIL)","25","495","0.05"
"2025-02-19T00:00:00.000","Crisis Shelters","25","258","0.1"
"2025-02-19T00:00:00.000","Crisis Shelters (HYA)","0","35","0"
"2025-02-19T00:00:00.000","Transitional Independent Living (HYA)","0","25","0"
"2025-02-19T00:00:00.000","Transitional Independent Living (TIL)","25","495","0.05"
"2025-02-20T00:00:00.000","Crisis Shelters","25","258","0.1"
"2025-02-20T00:00:00.000","Crisis Shelters (HYA)","0","35","0"
"2025-02-20T00:00:00.000","Transitional Independent Living (HYA)","0","25","0"
"2025-02-20T00:00:00.000","Transitional Independent Living (TIL)","24","495","0.05"
"2025-02-21T00:00:00.000","Crisis Shelters","23","258","0.09"
"2025-02-21T00:00:00.000","Crisis Shelters (HYA)","0","35","0"
"2025-02-21T00:00:00.000","Transitional Independent Living (HYA)","0","25","0"
"2025-02-21T00:00:00.000","Transitional Independent Living (TIL)","26","495","0.05"
"2025-02-22T00:00:00.000","Crisis Shelters","22","258","0.09"
"2025-02-22T00:00:00.000","Crisis Shelters (HYA)","1","35","0.03"
"2025-02-22T00:00:00.000","Transitional Independent Living (HYA)","0","25","0"
"2025-02-22T00:00:00.000","Transitional Independent Living (TIL)","26","495","0.05"
"2025-02-23T00:00:00.000","Crisis Shelters","26","258","0.1"
"2025-02-23T00:00:00.000","Crisis Shelters (HYA)","1","35","0.03"
"2025-02-23T00:00:00.000","Transitional Independent Living (HYA)","0","25","0"
"2025-02-23T00:00:00.000","Transitional Independent Living (TIL)","26","495","0.05"
"2025-02-24T00:00:00.000","Crisis Shelters","28","258","0.11"
"2025-02-24T00:00:00.000","Crisis Shelters (HYA)","1","35","0.03"
"2025-02-24T00:00:00.000","Transitional Independent Living (HYA)","0","25","0"
"2025-02-24T00:00:00.000","Transitional Independent Living (TIL)","26","495","0.05"
"2025-02-25T00:00:00.000","Crisis Shelters","23","258","0.09"
"2025-02-25T00:00:00.000","Crisis Shelters (HYA)","1","35","0.03"
"2025-02-25T00:00:00.000","Transitional Independent Living (HYA)","0","25","0"
"2025-02-25T00:00:00.000","Transitional Independent Living (TIL)","26","495","0.05"
"2025-02-26T00:00:00.000","Crisis Shelters","24","258","0.09"
"2025-02-26T00:00:00.000","Crisis Shelters (HYA)","0","35","0"
"2025-02-26T00:00:00.000","Transitional Independent Living (HYA)","0","25","0"
"2025-02-26T00:00:00.000","Transitional Independent Living (TIL)","27","495","0.05"
"2025-02-27T00:00:00.000","Crisis Shelters","18","258","0.07"
"2025-02-27T00:00:00.000","Crisis Shelters (HYA)","0","35","0"
"2025-02-27T00:00:00.000","Transitional Independent Living (HYA)","0","25","0"
"2025-02-27T00:00:00.000","Transitional Independent Living (TIL)","26","495","0.05"
"2025-02-28T00:00:00.000","Crisis Shelters","23","258","0.09"
"2025-02-28T00:00:00.000","Crisis Shelters (HYA)","0","35","0"
"2025-02-28T00:00:00.000","Transitional Independent Living (HYA)","0","25","0"
"2025-02-28T00:00:00.000","Transitional Independent Living (TIL)","27","495","0.05"
"2025-03-01T00:00:00.000","Crisis Shelters","20","258","0.08"
"2025-03-01T00:00:00.000","Crisis Shelters (HYA)","0","35","0"
"2025-03-01T00:00:00.000","Transitional Independent Living (HYA)","0","25","0"
"2025-03-01T00:00:00.000","Transitional Independent Living (TIL)","26","495","0.05"
"2025-03-02T00:00:00.000","Crisis Shelters","23","258","0.09"
"2025-03-02T00:00:00.000","Crisis Shelters (HYA)","0","35","0"
"2025-03-02T00:00:00.000","Transitional Independent Living (HYA)","0","25","0"
"2025-03-02T00:00:00.000","Transitional Independent Living (TIL)","29","495","0.06"
"2025-03-03T00:00:00.000","Crisis Shelters","20","258","0.08"
"2025-03-03T00:00:00.000","Crisis Shelters (HYA)","3","35","0.09"
"2025-03-03T00:00:00.000","Transitional Independent Living (HYA)","0","25","0"
"2025-03-03T00:00:00.000","Transitional Independent Living (TIL)","27","495","0.05"
"2025-03-04T00:00:00.000","Crisis Shelters","24","258","0.09"
"2025-03-04T00:00:00.000","Crisis Shelters (HYA)","2","35","0.06"
"2025-03-04T00:00:00.000","Transitional Independent Living (HYA)","0","25","0"
"2025-03-04T00:00:00.000","Transitional Independent Living (TIL)","25","495","0.05"
"2025-03-05T00:00:00.000","Crisis Shelters","23","258","0.09"
"2025-03-05T00:00:00.000","Crisis Shelters (HYA)","0","35","0"
"2025-03-05T00:00:00.000","Transitional Independent Living (HYA)","0","25","0"
"2025-03-05T00:00:00.000","Transitional Independent Living (TIL)","26","495","0.05"
"2025-03-06T00:00:00.000","Crisis Shelters","23","258","0.09"
"2025-03-06T00:00:00.000","Crisis Shelters (HYA)","0","35","0"
"2025-03-06T00:00:00.000","Transitional Independent Living (HYA)","0","25","0"
"2025-03-06T00:00:00.000","Transitional Independent Living (TIL)","23","495","0.05"
"2025-03-07T00:00:00.000","Crisis Shelters","21","258","0.08"
"2025-03-07T00:00:00.000","Crisis Shelters (HYA)","0","35","0"
"2025-03-07T00:00:00.000","Transitional Independent Living (HYA)","0","25","0"
"2025-03-07T00:00:00.000","Transitional Independent Living (TIL)","23","495","0.05"
"2025-03-08T00:00:00.000","Crisis Shelters","20","258","0.08"
"2025-03-08T00:00:00.000","Crisis Shelters (HYA)","0","35","0"
"2025-03-08T00:00:00.000","Transitional Independent Living (HYA)","0","25","0"
"2025-03-08T00:00:00.000","Transitional Independent Living (TIL)","23","495","0.05"
"2025-03-09T00:00:00.000","Crisis Shelters","24","258","0.09"
"2025-03-09T00:00:00.000","Crisis Shelters (HYA)","0","35","0"
"2025-03-09T00:00:00.000","Transitional Independent Living (HYA)","0","25","0"
"2025-03-09T00:00:00.000","Transitional Independent Living (TIL)","23","495","0.05"
"2025-03-10T00:00:00.000","Crisis Shelters","23","258","0.09"
"2025-03-10T00:00:00.000","Crisis Shelters (HYA)","0","35","0"
"2025-03-10T00:00:00.000","Transitional Independent Living (HYA)","0","25","0"
"2025-03-10T00:00:00.000","Transitional Independent Living (TIL)","23","495","0.05"
"2025-03-11T00:00:00.000","Crisis Shelters","22","258","0.09"
"2025-03-11T00:00:00.000","Crisis Shelters (HYA)","0","35","0"
"2025-03-11T00:00:00.000","Transitional Independent Living (HYA)","0","25","0"
"2025-03-11T00:00:00.000","Transitional Independent Living (TIL)","24","495","0.05"
"2025-03-12T00:00:00.000","Crisis Shelters","24","258","0.09"
"2025-03-12T00:00:00.000","Crisis Shelters (HYA)","1","35","0.03"
"2025-03-12T00:00:00.000","Transitional Independent Living (HYA)","0","25","0"
"2025-03-12T00:00:00.000","Transitional Independent Living (TIL)","22","495","0.04"
"2025-03-13T00:00:00.000","Crisis Shelters","18","258","0.07"
"2025-03-13T00:00:00.000","Crisis Shelters (HYA)","0","35","0"
"2025-03-13T00:00:00.000","Transitional Independent Living (HYA)","0","25","0"
"2025-03-13T00:00:00.000","Transitional Independent Living (TIL)","23","495","0.05"
"2025-03-14T00:00:00.000","Crisis Shelters","16","258","0.06"
"2025-03-14T00:00:00.000","Crisis Shelters (HYA)","1","35","0.03"
"2025-03-14T00:00:00.000","Transitional Independent Living (HYA)","0","25","0"
"2025-03-14T00:00:00.000","Transitional Independent Living (TIL)","24","495","0.05"
"2025-03-15T00:00:00.000","Crisis Shelters","14","258","0.05"
"2025-03-15T00:00:00.000","Crisis Shelters (HYA)","1","35","0.03"
"2025-03-15T00:00:00.000","Transitional Independent Living (HYA)","0","25","0"
"2025-03-15T00:00:00.000","Transitional Independent Living (TIL)","26","495","0.05"
"2025-03-16T00:00:00.000","Crisis Shelters","15","258","0.06"
"2025-03-16T00:00:00.000","Crisis Shelters (HYA)","1","35","0.03"
"2025-03-16T00:00:00.000","Transitional Independent Living (HYA)","0","25","0"
"2025-03-16T00:00:00.000","Transitional Independent Living (TIL)","26","495","0.05"
"2025-03-17T00:00:00.000","Crisis Shelters","14","258","0.05"
"2025-03-17T00:00:00.000","Crisis Shelters (HYA)","0","35","0"
"2025-03-17T00:00:00.000","Transitional Independent Living (HYA)","0","25","0"
"2025-03-17T00:00:00.000","Transitional Independent Living (TIL)","26","495","0.05"
"2025-03-18T00:00:00.000","Crisis Shelters","14","258","0.05"
"2025-03-18T00:00:00.000","Crisis Shelters (HYA)","0","35","0"
"2025-03-18T00:00:00.000","Transitional Independent Living (HYA)","0","25","0"
"2025-03-18T00:00:00.000","Transitional Independent Living (TIL)","25","495","0.05"
"2025-03-19T00:00:00.000","Crisis Shelters","17","258","0.07"
"2025-03-19T00:00:00.000","Crisis Shelters (HYA)","0","35","0"
"2025-03-19T00:00:00.000","Transitional Independent Living (HYA)","0","25","0"
"2025-03-19T00:00:00.000","Transitional Independent Living (TIL)","22","495","0.04"
"2025-03-20T00:00:00.000","Crisis Shelters","15","258","0.06"
"2025-03-20T00:00:00.000","Crisis Shelters (HYA)","0","35","0"
"2025-03-20T00:00:00.000","Transitional Independent Living (HYA)","0","25","0"
"2025-03-20T00:00:00.000","Transitional Independent Living (TIL)","25","495","0.05"
"2025-03-21T00:00:00.000","Crisis Shelters","10","258","0.04"
"2025-03-21T00:00:00.000","Crisis Shelters (HYA)","0","35","0"
"2025-03-21T00:00:00.000","Transitional Independent Living (HYA)","0","25","0"
"2025-03-21T00:00:00.000","Transitional Independent Living (TIL)","24","495","0.05"
"2025-03-22T00:00:00.000","Crisis Shelters","10","258","0.04"
"2025-03-22T00:00:00.000","Crisis Shelters (HYA)","0","35","0"
"2025-03-22T00:00:00.000","Transitional Independent Living (HYA)","0","25","0"
"2025-03-22T00:00:00.000","Transitional Independent Living (TIL)","24","495","0.05"
"2025-03-23T00:00:00.000","Crisis Shelters","8","258","0.03"
"2025-03-23T00:00:00.000","Crisis Shelters (HYA)","0","35","0"
"2025-03-23T00:00:00.000","Transitional Independent Living (HYA)","0","25","0"
"2025-03-23T00:00:00.000","Transitional Independent Living (TIL)","25","495","0.05"
"2025-03-24T00:00:00.000","Crisis Shelters","13","258","0.05"
"2025-03-24T00:00:00.000","Crisis Shelters (HYA)","0","35","0"
"2025-03-24T00:00:00.000","Transitional Independent Living (HYA)","0","25","0"
"2025-03-24T00:00:00.000","Transitional Independent Living (TIL)","24","495","0.05"
"2025-03-25T00:00:00.000","Crisis Shelters","14","258","0.05"
"2025-03-25T00:00:00.000","Crisis Shelters (HYA)","0","35","0"
"2025-03-25T00:00:00.000","Transitional Independent Living (HYA)","0","25","0"
"2025-03-25T00:00:00.000","Transitional Independent Living (TIL)","22","495","0.04"
"2025-03-26T00:00:00.000","Crisis Shelters","14","258","0.05"
"2025-03-26T00:00:00.000","Crisis Shelters (HYA)","1","35","0.03"
"2025-03-26T00:00:00.000","Transitional Independent Living (HYA)","0","25","0"
"2025-03-26T00:00:00.000","Transitional Independent Living (TIL)","23","495","0.05"
"2025-03-27T00:00:00.000","Crisis Shelters","13","258","0.05"
"2025-03-27T00:00:00.000","Crisis Shelters (HYA)","0","35","0"
"2025-03-27T00:00:00.000","Transitional Independent Living (HYA)","0","25","0"
"2025-03-27T00:00:00.000","Transitional Independent Living (TIL)","24","495","0.05"
"2025-03-28T00:00:00.000","Crisis Shelters","13","258","0.05"
"2025-03-28T00:00:00.000","Crisis Shelters (HYA)","1","35","0.03"
"2025-03-28T00:00:00.000","Transitional Independent Living (HYA)","0","25","0"
"2025-03-28T00:00:00.000","Transitional Independent Living (TIL)","21","495","0.04"
"2025-03-29T00:00:00.000","Crisis Shelters","12","258","0.05"
"2025-03-29T00:00:00.000","Crisis Shelters (HYA)","2","35","0.06"
"2025-03-29T00:00:00.000","Transitional Independent Living (HYA)","0","25","0"
"2025-03-29T00:00:00.000","Transitional Independent Living (TIL)","21","495","0.04"
"2025-03-30T00:00:00.000","Crisis Shelters","15","258","0.06"
"2025-03-30T00:00:00.000","Crisis Shelters (HYA)","2","35","0.06"
"2025-03-30T00:00:00.000","Transitional Independent Living (HYA)","0","25","0"
"2025-03-30T00:00:00.000","Transitional Independent Living (TIL)","19","495","0.04"
"2025-03-31T00:00:00.000","Crisis Shelters","17","258","0.07"
"2025-03-31T00:00:00.000","Crisis Shelters (HYA)","4","35","0.11"
"2025-03-31T00:00:00.000","Transitional Independent Living (HYA)","0","25","0"
"2025-03-31T00:00:00.000","Transitional Independent Living (TIL)","20","495","0.04"
"2025-04-01T00:00:00.000","Crisis Shelters","13","258","0.05"
"2025-04-01T00:00:00.000","Crisis Shelters (HYA)","2","35","0.06"
"2025-04-01T00:00:00.000","Transitional Independent Living (HYA)","0","25","0"
"2025-04-01T00:00:00.000","Transitional Independent Living (TIL)","22","495","0.04"
"2025-04-02T00:00:00.000","Crisis Shelters","16","258","0.06"
"2025-04-02T00:00:00.000","Crisis Shelters (HYA)","0","35","0"
"2025-04-02T00:00:00.000","Transitional Independent Living (HYA)","1","25","0.04"
"2025-04-02T00:00:00.000","Transitional Independent Living (TIL)","21","495","0.04"
"2025-04-03T00:00:00.000","Crisis Shelters","12","258","0.05"
"2025-04-03T00:00:00.000","Crisis Shelters (HYA)","1","35","0.03"
"2025-04-03T00:00:00.000","Transitional Independent Living (HYA)","1","25","0.04"
"2025-04-03T00:00:00.000","Transitional Independent Living (TIL)","20","495","0.04"
"2025-04-04T00:00:00.000","Crisis Shelters","8","258","0.03"
"2025-04-04T00:00:00.000","Crisis Shelters (HYA)","1","35","0.03"
"2025-04-04T00:00:00.000","Transitional Independent Living (HYA)","1","25","0.04"
"2025-04-04T00:00:00.000","Transitional Independent Living (TIL)","21","495","0.04"
"2025-04-05T00:00:00.000","Crisis Shelters","9","258","0.03"
"2025-04-05T00:00:00.000","Crisis Shelters (HYA)","1","35","0.03"
"2025-04-05T00:00:00.000","Transitional Independent Living (HYA)","1","25","0.04"
"2025-04-05T00:00:00.000","Transitional Independent Living (TIL)","23","495","0.05"
"2025-04-06T00:00:00.000","Crisis Shelters","9","258","0.03"
"2025-04-06T00:00:00.000","Crisis Shelters (HYA)","2","35","0.06"
"2025-04-06T00:00:00.000","Transitional Independent Living (HYA)","1","25","0.04"
"2025-04-06T00:00:00.000","Transitional Independent Living (TIL)","25","495","0.05"
"2025-04-07T00:00:00.000","Crisis Shelters","8","258","0.03"
"2025-04-07T00:00:00.000","Crisis Shelters (HYA)","3","35","0.09"
"2025-04-07T00:00:00.000","Transitional Independent Living (HYA)","1","25","0.04"
"2025-04-07T00:00:00.000","Transitional Independent Living (TIL)","24","495","0.05"
"2025-04-08T00:00:00.000","Crisis Shelters","9","258","0.03"
"2025-04-08T00:00:00.000","Crisis Shelters (HYA)","0","35","0"
"2025-04-08T00:00:00.000","Transitional Independent Living (HYA)","1","25","0.04"
"2025-04-08T00:00:00.000","Transitional Independent Living (TIL)","23","495","0.05"
"2025-04-09T00:00:00.000","Crisis Shelters","9","258","0.03"
"2025-04-09T00:00:00.000","Crisis Shelters (HYA)","0","35","0"
"2025-04-09T00:00:00.000","Transitional Independent Living (HYA)","1","25","0.04"
"2025-04-09T00:00:00.000","Transitional Independent Living (TIL)","22","495","0.04"
"2025-04-10T00:00:00.000","Crisis Shelters","11","258","0.04"
"2025-04-10T00:00:00.000","Crisis Shelters (HYA)","1","35","0.03"
"2025-04-10T00:00:00.000","Transitional Independent Living (HYA)","1","25","0.04"
"2025-04-10T00:00:00.000","Transitional Independent Living (TIL)","24","495","0.05"
"2025-04-11T00:00:00.000","Crisis Shelters","13","258","0.05"
"2025-04-11T00:00:00.000","Crisis Shelters (HYA)","1","35","0.03"
"2025-04-11T00:00:00.000","Transitional Independent Living (HYA)","1","25","0.04"
"2025-04-11T00:00:00.000","Transitional Independent Living (TIL)","25","495","0.05"
"2025-04-12T00:00:00.000","Crisis Shelters","12","258","0.05"
"2025-04-12T00:00:00.000","Crisis Shelters (HYA)","2","35","0.06"
"2025-04-12T00:00:00.000","Transitional Independent Living (HYA)","1","25","0.04"
"2025-04-12T00:00:00.000","Transitional Independent Living (TIL)","26","495","0.05"
"2025-04-13T00:00:00.000","Crisis Shelters","12","258","0.05"
"2025-04-13T00:00:00.000","Crisis Shelters (HYA)","1","35","0.03"
"2025-04-13T00:00:00.000","Transitional Independent Living (HYA)","1","25","0.04"
"2025-04-13T00:00:00.000","Transitional Independent Living (TIL)","26","495","0.05"
"2025-04-14T00:00:00.000","Crisis Shelters","15","258","0.06"
"2025-04-14T00:00:00.000","Crisis Shelters (HYA)","2","35","0.06"
"2025-04-14T00:00:00.000","Transitional Independent Living (HYA)","0","25","0"
"2025-04-14T00:00:00.000","Transitional Independent Living (TIL)","26","495","0.05"
"2025-04-15T00:00:00.000","Crisis Shelters","16","258","0.06"
"2025-04-15T00:00:00.000","Crisis Shelters (HYA)","2","35","0.06"
"2025-04-15T00:00:00.000","Transitional Independent Living (HYA)","0","25","0"
"2025-04-15T00:00:00.000","Transitional Independent Living (TIL)","28","495","0.06"
"2025-04-16T00:00:00.000","Crisis Shelters","14","258","0.05"
"2025-04-16T00:00:00.000","Crisis Shelters (HYA)","3","35","0.09"
"2025-04-16T00:00:00.000","Transitional Independent Living (HYA)","0","25","0"
"2025-04-16T00:00:00.000","Transitional Independent Living (TIL)","29","495","0.06"
"2025-04-17T00:00:00.000","Crisis Shelters","12","258","0.05"
"2025-04-17T00:00:00.000","Crisis Shelters (HYA)","3","35","0.09"
"2025-04-17T00:00:00.000","Transitional Independent Living (HYA)","0","25","0"
"2025-04-17T00:00:00.000","Transitional Independent Living (TIL)","27","495","0.05"
"2025-04-18T00:00:00.000","Crisis Shelters","14","258","0.05"
"2025-04-18T00:00:00.000","Crisis Shelters (HYA)","4","35","0.11"
"2025-04-18T00:00:00.000","Transitional Independent Living (HYA)","0","25","0"
"2025-04-18T00:00:00.000","Transitional Independent Living (TIL)","27","495","0.05"
"2025-04-19T00:00:00.000","Crisis Shelters","14","258","0.05"
"2025-04-19T00:00:00.000","Crisis Shelters (HYA)","4","35","0.11"
"2025-04-19T00:00:00.000","Transitional Independent Living (HYA)","0","25","0"
"2025-04-19T00:00:00.000","Transitional Independent Living (TIL)","28","495","0.06"
"2025-04-20T00:00:00.000","Crisis Shelters","16","258","0.06"
"2025-04-20T00:00:00.000","Crisis Shelters (HYA)","4","35","0.11"
"2025-04-20T00:00:00.000","Transitional Independent Living (HYA)","0","25","0"
"2025-04-20T00:00:00.000","Transitional Independent Living (TIL)","29","495","0.06"
"2025-04-21T00:00:00.000","Crisis Shelters","17","258","0.07"
"2025-04-21T00:00:00.000","Crisis Shelters (HYA)","4","35","0.11"
"2025-04-21T00:00:00.000","Transitional Independent Living (HYA)","0","25","0"
"2025-04-21T00:00:00.000","Transitional Independent Living (TIL)","32","495","0.06"
"2025-04-22T00:00:00.000","Crisis Shelters","15","258","0.06"
"2025-04-22T00:00:00.000","Crisis Shelters (HYA)","2","35","0.06"
"2025-04-22T00:00:00.000","Transitional Independent Living (HYA)","0","25","0"
"2025-04-22T00:00:00.000","Transitional Independent Living (TIL)","30","495","0.06"
"2025-04-23T00:00:00.000","Crisis Shelters","10","258","0.04"
"2025-04-23T00:00:00.000","Crisis Shelters (HYA)","2","35","0.06"
"2025-04-23T00:00:00.000","Transitional Independent Living (HYA)","0","25","0"
"2025-04-23T00:00:00.000","Transitional Independent Living (TIL)","28","495","0.06"
"2025-04-24T00:00:00.000","Crisis Shelters","10","258","0.04"
"2025-04-24T00:00:00.000","Crisis Shelters (HYA)","0","35","0"
"2025-04-24T00:00:00.000","Transitional Independent Living (HYA)","0","25","0"
"2025-04-24T00:00:00.000","Transitional Independent Living (TIL)","24","495","0.05"
"2025-04-25T00:00:00.000","Crisis Shelters","12","258","0.05"
"2025-04-25T00:00:00.000","Crisis Shelters (HYA)","0","35","0"
"2025-04-25T00:00:00.000","Transitional Independent Living (HYA)","0","25","0"
"2025-04-25T00:00:00.000","Transitional Independent Living (TIL)","23","495","0.05"
"2025-04-26T00:00:00.000","Crisis Shelters","11","258","0.04"
"2025-04-26T00:00:00.000","Crisis Shelters (HYA)","0","35","0"
"2025-04-26T00:00:00.000","Transitional Independent Living (HYA)","0","25","0"
"2025-04-26T00:00:00.000","Transitional Independent Living (TIL)","22","495","0.04"
"2025-04-27T00:00:00.000","Crisis Shelters","14","258","0.05"
"2025-04-27T00:00:00.000","Crisis Shelters (HYA)","0","35","0"
"2025-04-27T00:00:00.000","Transitional Independent Living (HYA)","0","25","0"
"2025-04-27T00:00:00.000","Transitional Independent Living (TIL)","20","495","0.04"
"2025-04-28T00:00:00.000","Crisis Shelters","15","258","0.06"
"2025-04-28T00:00:00.000","Crisis Shelters (HYA)","0","35","0"
"2025-04-28T00:00:00.000","Transitional Independent Living (HYA)","0","25","0"
"2025-04-28T00:00:00.000","Transitional Independent Living (TIL)","20","495","0.04"
"2025-04-29T00:00:00.000","Crisis Shelters","15","258","0.06"
"2025-04-29T00:00:00.000","Crisis Shelters (HYA)","1","35","0.03"
"2025-04-29T00:00:00.000","Transitional Independent Living (HYA)","0","25","0"
"2025-04-29T00:00:00.000","Transitional Independent Living (TIL)","21","495","0.04"
"2025-04-30T00:00:00.000","Crisis Shelters","12","258","0.05"
"2025-04-30T00:00:00.000","Crisis Shelters (HYA)","1","35","0.03"
"2025-04-30T00:00:00.000","Transitional Independent Living (HYA)","0","25","0"
"2025-04-30T00:00:00.000","Transitional Independent Living (TIL)","20","495","0.04"
"2025-05-01T00:00:00.000","Crisis Shelters","12","258","0.05"
"2025-05-01T00:00:00.000","Crisis Shelters (HYA)","2","35","0.06"
"2025-05-01T00:00:00.000","Transitional Independent Living (HYA)","0","25","0"
"2025-05-01T00:00:00.000","Transitional Independent Living (TIL)","22","495","0.04"
"2025-05-02T00:00:00.000","Crisis Shelters","10","258","0.04"
"2025-05-02T00:00:00.000","Crisis Shelters (HYA)","2","35","0.06"
"2025-05-02T00:00:00.000","Transitional Independent Living (HYA)","0","25","0"
"2025-05-02T00:00:00.000","Transitional Independent Living (TIL)","23","495","0.05"
"2025-05-03T00:00:00.000","Crisis Shelters","8","258","0.03"
"2025-05-03T00:00:00.000","Crisis Shelters (HYA)","1","35","0.03"
"2025-05-03T00:00:00.000","Transitional Independent Living (HYA)","0","25","0"
"2025-05-03T00:00:00.000","Transitional Independent Living (TIL)","26","495","0.05"
"2025-05-04T00:00:00.000","Crisis Shelters","7","258","0.03"
"2025-05-04T00:00:00.000","Crisis Shelters (HYA)","1","35","0.03"
"2025-05-04T00:00:00.000","Transitional Independent Living (HYA)","0","25","0"
"2025-05-04T00:00:00.000","Transitional Independent Living (TIL)","26","495","0.05"
"2025-05-05T00:00:00.000","Crisis Shelters","8","258","0.03"
"2025-05-05T00:00:00.000","Crisis Shelters (HYA)","1","35","0.03"
"2025-05-05T00:00:00.000","Transitional Independent Living (HYA)","1","25","0.04"
"2025-05-05T00:00:00.000","Transitional Independent Living (TIL)","26","495","0.05"
"2025-05-06T00:00:00.000","Crisis Shelters","4","258","0.02"
"2025-05-06T00:00:00.000","Crisis Shelters (HYA)","1","35","0.03"
"2025-05-06T00:00:00.000","Transitional Independent Living (HYA)","1","25","0.04"
"2025-05-06T00:00:00.000","Transitional Independent Living (TIL)","24","495","0.05"
"2025-05-07T00:00:00.000","Crisis Shelters","4","258","0.02"
"2025-05-07T00:00:00.000","Crisis Shelters (HYA)","1","35","0.03"
"2025-05-07T00:00:00.000","Transitional Independent Living (HYA)","0","25","0"
"2025-05-07T00:00:00.000","Transitional Independent Living (TIL)","20","495","0.04"
"2025-05-08T00:00:00.000","Crisis Shelters","8","258","0.03"
"2025-05-08T00:00:00.000","Crisis Shelters (HYA)","1","35","0.03"
"2025-05-08T00:00:00.000","Transitional Independent Living (HYA)","0","25","0"
"2025-05-08T00:00:00.000","Transitional Independent Living (TIL)","21","495","0.04"
"2025-05-09T00:00:00.000","Crisis Shelters","9","258","0.03"
"2025-05-09T00:00:00.000","Crisis Shelters (HYA)","3","35","0.09"
"2025-05-09T00:00:00.000","Transitional Independent Living (HYA)","0","25","0"
"2025-05-09T00:00:00.000","Transitional Independent Living (TIL)","20","495","0.04"
"2025-05-10T00:00:00.000","Crisis Shelters","12","258","0.05"
"2025-05-10T00:00:00.000","Crisis Shelters (HYA)","3","35","0.09"
"2025-05-10T00:00:00.000","Transitional Independent Living (HYA)","0","25","0"
"2025-05-10T00:00:00.000","Transitional Independent Living (TIL)","18","495","0.04"
"2025-05-11T00:00:00.000","Crisis Shelters","13","258","0.05"
"2025-05-11T00:00:00.000","Crisis Shelters (HYA)","4","35","0.11"
"2025-05-11T00:00:00.000","Transitional Independent Living (HYA)","0","25","0"
"2025-05-11T00:00:00.000","Transitional Independent Living (TIL)","19","495","0.04"
"2025-05-12T00:00:00.000","Crisis Shelters","18","258","0.07"
"2025-05-12T00:00:00.000","Crisis Shelters (HYA)","2","35","0.06"
"2025-05-12T00:00:00.000","Transitional Independent Living (HYA)","0","25","0"
"2025-05-12T00:00:00.000","Transitional Independent Living (TIL)","20","495","0.04"
"2025-05-13T00:00:00.000","Crisis Shelters","22","258","0.09"
"2025-05-13T00:00:00.000","Crisis Shelters (HYA)","2","35","0.06"
"2025-05-13T00:00:00.000","Transitional Independent Living (HYA)","0","25","0"
"2025-05-13T00:00:00.000","Transitional Independent Living (TIL)","22","495","0.04"
"2025-05-14T00:00:00.000","Crisis Shelters","22","258","0.09"
"2025-05-14T00:00:00.000","Crisis Shelters (HYA)","1","35","0.03"
"2025-05-14T00:00:00.000","Transitional Independent Living (HYA)","0","25","0"
"2025-05-14T00:00:00.000","Transitional Independent Living (TIL)","23","495","0.05"
"2025-05-15T00:00:00.000","Crisis Shelters","26","258","0.1"
"2025-05-15T00:00:00.000","Crisis Shelters (HYA)","2","35","0.06"
"2025-05-15T00:00:00.000","Transitional Independent Living (HYA)","0","25","0"
"2025-05-15T00:00:00.000","Transitional Independent Living (TIL)","23","495","0.05"
"2025-05-16T00:00:00.000","Crisis Shelters","23","258","0.09"
"2025-05-16T00:00:00.000","Crisis Shelters (HYA)","2","35","0.06"
"2025-05-16T00:00:00.000","Transitional Independent Living (HYA)","0","25","0"
"2025-05-16T00:00:00.000","Transitional Independent Living (TIL)","23","495","0.05"
"2025-05-17T00:00:00.000","Crisis Shelters","25","258","0.1"
"2025-05-17T00:00:00.000","Crisis Shelters (HYA)","2","35","0.06"
"2025-05-17T00:00:00.000","Transitional Independent Living (HYA)","0","25","0"
"2025-05-17T00:00:00.000","Transitional Independent Living (TIL)","21","495","0.04"
"2025-05-18T00:00:00.000","Crisis Shelters","27","258","0.1"
"2025-05-18T00:00:00.000","Crisis Shelters (HYA)","1","35","0.03"
"2025-05-18T00:00:00.000","Transitional Independent Living (HYA)","0","25","0"
"2025-05-18T00:00:00.000","Transitional Independent Living (TIL)","23","495","0.05"
"2025-05-19T00:00:00.000","Crisis Shelters","29","258","0.11"
"2025-05-19T00:00:00.000","Crisis Shelters (HYA)","1","35","0.03"
"2025-05-19T00:00:00.000","Transitional Independent Living (HYA)","0","25","0"
"2025-05-19T00:00:00.000","Transitional Independent Living (TIL)","25","495","0.05"
"2025-05-20T00:00:00.000","Crisis Shelters","34","258","0.13"
"2025-05-20T00:00:00.000","Crisis Shelters (HYA)","2","35","0.06"
"2025-05-20T00:00:00.000","Transitional Independent Living (HYA)","0","25","0"
"2025-05-20T00:00:00.000","Transitional Independent Living (TIL)","25","495","0.05"
"2025-05-21T00:00:00.000","Crisis Shelters","34","258","0.13"
"2025-05-21T00:00:00.000","Crisis Shelters (HYA)","1","35","0.03"
"2025-05-21T00:00:00.000","Transitional Independent Living (HYA)","0","25","0"
"2025-05-21T00:00:00.000","Transitional Independent Living (TIL)","24","495","0.05"
"2025-05-22T00:00:00.000","Crisis Shelters","30","258","0.12"
"2025-05-22T00:00:00.000","Crisis Shelters (HYA)","1","35","0.03"
"2025-05-22T00:00:00.000","Transitional Independent Living (HYA)","0","25","0"
"2025-05-22T00:00:00.000","Transitional Independent Living (TIL)","21","495","0.04"
"2025-05-23T00:00:00.000","Crisis Shelters","32","258","0.12"
"2025-05-23T00:00:00.000","Crisis Shelters (HYA)","0","35","0"
"2025-05-23T00:00:00.000","Transitional Independent Living (HYA)","0","25","0"
"2025-05-23T00:00:00.000","Transitional Independent Living (TIL)","22","495","0.04"
"2025-05-24T00:00:00.000","Crisis Shelters","33","258","0.13"
"2025-05-24T00:00:00.000","Crisis Shelters (HYA)","0","35","0"
"2025-05-24T00:00:00.000","Transitional Independent Living (HYA)","0","25","0"
"2025-05-24T00:00:00.000","Transitional Independent Living (TIL)","22","495","0.04"
"2025-05-25T00:00:00.000","Crisis Shelters","32","258","0.12"
"2025-05-25T00:00:00.000","Crisis Shelters (HYA)","0","35","0"
"2025-05-25T00:00:00.000","Transitional Independent Living (HYA)","0","25","0"
"2025-05-25T00:00:00.000","Transitional Independent Living (TIL)","23","495","0.05"
"2025-05-26T00:00:00.000","Crisis Shelters","32","258","0.12"
"2025-05-26T00:00:00.000","Crisis Shelters (HYA)","0","35","0"
"2025-05-26T00:00:00.000","Transitional Independent Living (HYA)","0","25","0"
"2025-05-26T00:00:00.000","Transitional Independent Living (TIL)","22","495","0.04"
"2025-05-27T00:00:00.000","Crisis Shelters","30","258","0.12"
"2025-05-27T00:00:00.000","Crisis Shelters (HYA)","0","35","0"
"2025-05-27T00:00:00.000","Transitional Independent Living (HYA)","0","25","0"
"2025-05-27T00:00:00.000","Transitional Independent Living (TIL)","21","495","0.04"
"2025-05-28T00:00:00.000","Crisis Shelters","30","258","0.12"
"2025-05-28T00:00:00.000","Crisis Shelters (HYA)","0","35","0"
"2025-05-28T00:00:00.000","Transitional Independent Living (HYA)","0","25","0"
"2025-05-28T00:00:00.000","Transitional Independent Living (TIL)","18","495","0.04"
"2025-05-29T00:00:00.000","Crisis Shelters","31","258","0.12"
"2025-05-29T00:00:00.000","Crisis Shelters (HYA)","0","35","0"
"2025-05-29T00:00:00.000","Transitional Independent Living (HYA)","0","25","0"
"2025-05-29T00:00:00.000","Transitional Independent Living (TIL)","18","495","0.04"
"2025-05-30T00:00:00.000","Crisis Shelters","31","258","0.12"
"2025-05-30T00:00:00.000","Crisis Shelters (HYA)","0","35","0"
"2025-05-30T00:00:00.000","Transitional Independent Living (HYA)","0","25","0"
"2025-05-30T00:00:00.000","Transitional Independent Living (TIL)","19","495","0.04"
"2025-05-31T00:00:00.000","Crisis Shelters","30","258","0.12"
"2025-05-31T00:00:00.000","Crisis Shelters (HYA)","0","35","0"
"2025-05-31T00:00:00.000","Transitional Independent Living (HYA)","0","25","0"
"2025-05-31T00:00:00.000","Transitional Independent Living (TIL)","18","495","0.04"
"2025-06-01T00:00:00.000","Crisis Shelters","31","258","0.12"
"2025-06-01T00:00:00.000","Crisis Shelters (HYA)","0","35","0"
"2025-06-01T00:00:00.000","Transitional Independent Living (HYA)","0","25","0"
"2025-06-01T00:00:00.000","Transitional Independent Living (TIL)","18","495","0.04"
"2025-06-02T00:00:00.000","Crisis Shelters","27","258","0.1"
"2025-06-02T00:00:00.000","Crisis Shelters (HYA)","1","35","0.03"
"2025-06-02T00:00:00.000","Transitional Independent Living (HYA)","0","25","0"
"2025-06-02T00:00:00.000","Transitional Independent Living (TIL)","19","495","0.04"
"2025-06-03T00:00:00.000","Crisis Shelters","28","258","0.11"
"2025-06-03T00:00:00.000","Crisis Shelters (HYA)","1","35","0.03"
"2025-06-03T00:00:00.000","Transitional Independent Living (HYA)","0","25","0"
"2025-06-03T00:00:00.000","Transitional Independent Living (TIL)","21","495","0.04"
"2025-06-04T00:00:00.000","Crisis Shelters","29","258","0.11"
"2025-06-04T00:00:00.000","Crisis Shelters (HYA)","1","35","0.03"
"2025-06-04T00:00:00.000","Transitional Independent Living (HYA)","0","25","0"
"2025-06-04T00:00:00.000","Transitional Independent Living (TIL)","19","495","0.04"
"2025-06-05T00:00:00.000","Crisis Shelters","30","258","0.12"
"2025-06-05T00:00:00.000","Crisis Shelters (HYA)","1","35","0.03"
"2025-06-05T00:00:00.000","Transitional Independent Living (HYA)","0","25","0"
"2025-06-05T00:00:00.000","Transitional Independent Living (TIL)","18","495","0.04"
"2025-06-06T00:00:00.000","Crisis Shelters","28","258","0.11"
"2025-06-06T00:00:00.000","Crisis Shelters (HYA)","1","35","0.03"
"2025-06-06T00:00:00.000","Transitional Independent Living (HYA)","0","25","0"
"2025-06-06T00:00:00.000","Transitional Independent Living (TIL)","19","495","0.04"
"2025-06-07T00:00:00.000","Crisis Shelters","26","258","0.1"
"2025-06-07T00:00:00.000","Crisis Shelters (HYA)","2","35","0.06"
"2025-06-07T00:00:00.000","Transitional Independent Living (HYA)","0","25","0"
"2025-06-07T00:00:00.000","Transitional Independent Living (TIL)","19","495","0.04"
"2025-06-08T00:00:00.000","Crisis Shelters","26","258","0.1"
"2025-06-08T00:00:00.000","Crisis Shelters (HYA)","0","35","0"
"2025-06-08T00:00:00.000","Transitional Independent Living (HYA)","0","25","0"
"2025-06-08T00:00:00.000","Transitional Independent Living (TIL)","19","495","0.04"
"2025-06-09T00:00:00.000","Crisis Shelters","25","258","0.1"
"2025-06-09T00:00:00.000","Crisis Shelters (HYA)","0","35","0"
"2025-06-09T00:00:00.000","Transitional Independent Living (HYA)","0","25","0"
"2025-06-09T00:00:00.000","Transitional Independent Living (TIL)","21","495","0.04"
"2025-06-10T00:00:00.000","Crisis Shelters","19","258","0.07"
"2025-06-10T00:00:00.000","Crisis Shelters (HYA)","0","35","0"
"2025-06-10T00:00:00.000","Transitional Independent Living (HYA)","0","25","0"
"2025-06-10T00:00:00.000","Transitional Independent Living (TIL)","20","495","0.04"
"2025-06-11T00:00:00.000","Crisis Shelters","23","258","0.09"
"2025-06-11T00:00:00.000","Crisis Shelters (HYA)","0","35","0"
"2025-06-11T00:00:00.000","Transitional Independent Living (HYA)","0","25","0"
"2025-06-11T00:00:00.000","Transitional Independent Living (TIL)","21","495","0.04"
"2025-06-12T00:00:00.000","Crisis Shelters","23","258","0.09"
"2025-06-12T00:00:00.000","Crisis Shelters (HYA)","0","35","0"
"2025-06-12T00:00:00.000","Transitional Independent Living (HYA)","0","25","0"
"2025-06-12T00:00:00.000","Transitional Independent Living (TIL)","19","495","0.04"
"2025-06-13T00:00:00.000","Crisis Shelters","22","258","0.09"
"2025-06-13T00:00:00.000","Crisis Shelters (HYA)","1","35","0.03"
"2025-06-13T00:00:00.000","Transitional Independent Living (HYA)","0","25","0"
"2025-06-13T00:00:00.000","Transitional Independent Living (TIL)","19","495","0.04"
"2025-06-14T00:00:00.000","Crisis Shelters","23","258","0.09"
"2025-06-14T00:00:00.000","Crisis Shelters (HYA)","0","35","0"
"2025-06-14T00:00:00.000","Transitional Independent Living (HYA)","0","25","0"
"2025-06-14T00:00:00.000","Transitional Independent Living (TIL)","19","495","0.04"
"2025-06-15T00:00:00.000","Crisis Shelters","23","258","0.09"
"2025-06-15T00:00:00.000","Crisis Shelters (HYA)","0","35","0"
"2025-06-15T00:00:00.000","Transitional Independent Living (HYA)","0","25","0"
"2025-06-15T00:00:00.000","Transitional Independent Living (TIL)","20","495","0.04"
"2025-06-16T00:00:00.000","Crisis Shelters","21","258","0.08"
"2025-06-16T00:00:00.000","Crisis Shelters (HYA)","0","35","0"
"2025-06-16T00:00:00.000","Transitional Independent Living (HYA)","0","25","0"
"2025-06-16T00:00:00.000","Transitional Independent Living (TIL)","23","495","0.05"
"2025-06-17T00:00:00.000","Crisis Shelters","23","258","0.09"
"2025-06-17T00:00:00.000","Crisis Shelters (HYA)","0","35","0"
"2025-06-17T00:00:00.000","Transitional Independent Living (HYA)","0","25","0"
"2025-06-17T00:00:00.000","Transitional Independent Living (TIL)","26","495","0.05"
"2025-06-18T00:00:00.000","Crisis Shelters","23","258","0.09"
"2025-06-18T00:00:00.000","Crisis Shelters (HYA)","0","35","0"
"2025-06-18T00:00:00.000","Transitional Independent Living (HYA)","0","25","0"
"2025-06-18T00:00:00.000","Transitional Independent Living (TIL)","23","495","0.05"
"2025-06-19T00:00:00.000","Crisis Shelters","23","258","0.09"
"2025-06-19T00:00:00.000","Crisis Shelters (HYA)","0","35","0"
"2025-06-19T00:00:00.000","Transitional Independent Living (HYA)","0","25","0"
"2025-06-19T00:00:00.000","Transitional Independent Living (TIL)","24","495","0.05"
"2025-06-20T00:00:00.000","Crisis Shelters","28","258","0.11"
"2025-06-20T00:00:00.000","Crisis Shelters (HYA)","0","35","0"
"2025-06-20T00:00:00.000","Transitional Independent Living (HYA)","0","25","0"
"2025-06-20T00:00:00.000","Transitional Independent Living (TIL)","22","495","0.04"
"2025-06-21T00:00:00.000","Crisis Shelters","28","258","0.11"
"2025-06-21T00:00:00.000","Crisis Shelters (HYA)","0","35","0"
"2025-06-21T00:00:00.000","Transitional Independent Living (HYA)","0","25","0"
"2025-06-21T00:00:00.000","Transitional Independent Living (TIL)","22","495","0.04"
"2025-06-22T00:00:00.000","Crisis Shelters","30","258","0.12"
"2025-06-22T00:00:00.000","Crisis Shelters (HYA)","1","35","0.03"
"2025-06-22T00:00:00.000","Transitional Independent Living (HYA)","0","25","0"
"2025-06-22T00:00:00.000","Transitional Independent Living (TIL)","23","495","0.05"
"2025-06-23T00:00:00.000","Crisis Shelters","29","258","0.11"
"2025-06-23T00:00:00.000","Crisis Shelters (HYA)","1","35","0.03"
"2025-06-23T00:00:00.000","Transitional Independent Living (HYA)","0","25","0"
"2025-06-23T00:00:00.000","Transitional Independent Living (TIL)","23","495","0.05"
"2025-06-24T00:00:00.000","Crisis Shelters","32","258","0.12"
"2025-06-24T00:00:00.000","Crisis Shelters (HYA)","0","35","0"
"2025-06-24T00:00:00.000","Transitional Independent Living (HYA)","0","25","0"
"2025-06-24T00:00:00.000","Transitional Independent Living (TIL)","21","495","0.04"
"2025-06-25T00:00:00.000","Crisis Shelters","30","258","0.12"
"2025-06-25T00:00:00.000","Crisis Shelters (HYA)","0","35","0"
"2025-06-25T00:00:00.000","Transitional Independent Living (HYA)","0","25","0"
"2025-06-25T00:00:00.000","Transitional Independent Living (TIL)","20","495","0.04"
"2025-06-26T00:00:00.000","Crisis Shelters","28","258","0.11"
"2025-06-26T00:00:00.000","Crisis Shelters (HYA)","0","35","0"
"2025-06-26T00:00:00.000","Transitional Independent Living (HYA)","0","25","0"
"2025-06-26T00:00:00.000","Transitional Independent Living (TIL)","22","495","0.04"
"2025-06-27T00:00:00.000","Crisis Shelters","34","258","0.13"
"2025-06-27T00:00:00.000","Crisis Shelters (HYA)","0","35","0"
"2025-06-27T00:00:00.000","Transitional Independent Living (HYA)","0","25","0"
"2025-06-27T00:00:00.000","Transitional Independent Living (TIL)","24","495","0.05"
"2025-06-28T00:00:00.000","Crisis Shelters","33","258","0.13"
"2025-06-28T00:00:00.000","Crisis Shelters (HYA)","0","35","0"
"2025-06-28T00:00:00.000","Transitional Independent Living (HYA)","0","25","0"
"2025-06-28T00:00:00.000","Transitional Independent Living (TIL)","24","495","0.05"
"2025-06-29T00:00:00.000","Crisis Shelters","34","258","0.13"
"2025-06-29T00:00:00.000","Crisis Shelters (HYA)","0","35","0"
"2025-06-29T00:00:00.000","Transitional Independent Living (HYA)","0","25","0"
"2025-06-29T00:00:00.000","Transitional Independent Living (TIL)","24","495","0.05"
"2025-06-30T00:00:00.000","Crisis Shelters","40","258","0.16"
"2025-06-30T00:00:00.000","Crisis Shelters (HYA)","0","35","0"
"2025-06-30T00:00:00.000","Transitional Independent Living (HYA)","0","25","0"
"2025-06-30T00:00:00.000","Transitional Independent Living (TIL)","29","495","0.06"
